seqnames	ID	assembly	Sequence	tID	gshortIds	newgID
nxOscDolc1.1_III	ID=5819_t;Parent=5819_g;gene_id=5819_g;transcript_id=5819_t	nxOscDolc1.1	III	5819_t	Odoli	Odoli_5819_t
nxOscDolc1.1_III	ID=5820_t;Parent=5820_g;gene_id=5820_g;transcript_id=5820_t	nxOscDolc1.1	III	5820_t	Odoli	Odoli_5820_t
nxOscDolc1.1_III	ID=5821_t;Parent=5821_g;gene_id=5821_g;transcript_id=5821_t	nxOscDolc1.1	III	5821_t	Odoli	Odoli_5821_t
nxOscDolc1.1_III	ID=5822_t;Parent=5822_g;gene_id=5822_g;transcript_id=5822_t	nxOscDolc1.1	III	5822_t	Odoli	Odoli_5822_t
nxOscDolc1.1_III	ID=5823_t;Parent=5823_g;gene_id=5823_g;transcript_id=5823_t	nxOscDolc1.1	III	5823_t	Odoli	Odoli_5823_t
nxOscDolc1.1_III	ID=5824_t;Parent=5824_g;gene_id=5824_g;transcript_id=5824_t	nxOscDolc1.1	III	5824_t	Odoli	Odoli_5824_t
nxOscDolc1.1_III	ID=5825_t;Parent=5825_g;gene_id=5825_g;transcript_id=5825_t	nxOscDolc1.1	III	5825_t	Odoli	Odoli_5825_t
nxOscDolc1.1_III	ID=7155_t;Parent=7155_g;gene_id=7155_g;transcript_id=7155_t	nxOscDolc1.1	III	7155_t	Odoli	Odoli_7155_t
nxOscDolc1.1_III	ID=7156_t;Parent=7156_g;gene_id=7156_g;transcript_id=7156_t	nxOscDolc1.1	III	7156_t	Odoli	Odoli_7156_t
nxOscDolc1.1_III	ID=7157_t;Parent=7157_g;gene_id=7157_g;transcript_id=7157_t	nxOscDolc1.1	III	7157_t	Odoli	Odoli_7157_t
nxOscDolc1.1_III	ID=7158_t;Parent=7158_g;gene_id=7158_g;transcript_id=7158_t	nxOscDolc1.1	III	7158_t	Odoli	Odoli_7158_t
nxOscDolc1.1_III	ID=7159_t;Parent=7159_g;gene_id=7159_g;transcript_id=7159_t	nxOscDolc1.1	III	7159_t	Odoli	Odoli_7159_t
nxOscDolc1.1_III	ID=7160_t;Parent=7160_g;gene_id=7160_g;transcript_id=7160_t	nxOscDolc1.1	III	7160_t	Odoli	Odoli_7160_t
nxOscDolc1.1_III	ID=7161_t;Parent=7161_g;gene_id=7161_g;transcript_id=7161_t	nxOscDolc1.1	III	7161_t	Odoli	Odoli_7161_t
nxOscDolc1.1_III	ID=7162_t;Parent=7162_g;gene_id=7162_g;transcript_id=7162_t	nxOscDolc1.1	III	7162_t	Odoli	Odoli_7162_t
nxOscDolc1.1_X	ID=16047_t;Parent=16047_g;gene_id=16047_g;transcript_id=16047_t	nxOscDolc1.1	X	16047_t	Odoli	Odoli_16047_t
nxOscDolc1.1_X	ID=16048_t;Parent=16048_g;gene_id=16048_g;transcript_id=16048_t	nxOscDolc1.1	X	16048_t	Odoli	Odoli_16048_t
nxOscDolc1.1_X	ID=16049_t;Parent=16049_g;gene_id=16049_g;transcript_id=16049_t	nxOscDolc1.1	X	16049_t	Odoli	Odoli_16049_t
nxOscDolc1.1_X	ID=16050_t;Parent=16050_g;gene_id=16050_g;transcript_id=16050_t	nxOscDolc1.1	X	16050_t	Odoli	Odoli_16050_t
nxOscDolc1.1_X	ID=16051_t;Parent=16051_g;gene_id=16051_g;transcript_id=16051_t	nxOscDolc1.1	X	16051_t	Odoli	Odoli_16051_t
nxOscDolc1.1_X	ID=16052_t;Parent=16052_g;gene_id=16052_g;transcript_id=16052_t	nxOscDolc1.1	X	16052_t	Odoli	Odoli_16052_t
nxOscDolc1.1_X	ID=16053_t;Parent=16053_g;gene_id=16053_g;transcript_id=16053_t	nxOscDolc1.1	X	16053_t	Odoli	Odoli_16053_t
nxOscDolc1.1_X	ID=16054_t;Parent=16054_g;gene_id=16054_g;transcript_id=16054_t	nxOscDolc1.1	X	16054_t	Odoli	Odoli_16054_t
nxOscDolc1.1_X	ID=16055_t;Parent=16055_g;gene_id=16055_g;transcript_id=16055_t	nxOscDolc1.1	X	16055_t	Odoli	Odoli_16055_t
nxOscDolc1.1_X	ID=16056_t;Parent=16056_g;gene_id=16056_g;transcript_id=16056_t	nxOscDolc1.1	X	16056_t	Odoli	Odoli_16056_t
nxOscDolc1.1_X	ID=16057_t;Parent=16057_g;gene_id=16057_g;transcript_id=16057_t	nxOscDolc1.1	X	16057_t	Odoli	Odoli_16057_t
nxOscDolc1.1_X	ID=16058_t;Parent=16058_g;gene_id=16058_g;transcript_id=16058_t	nxOscDolc1.1	X	16058_t	Odoli	Odoli_16058_t
nxOscDolc1.1_X	ID=16059_t;Parent=16059_g;gene_id=16059_g;transcript_id=16059_t	nxOscDolc1.1	X	16059_t	Odoli	Odoli_16059_t
nxOscDolc1.1_X	ID=16060_t;Parent=16060_g;gene_id=16060_g;transcript_id=16060_t	nxOscDolc1.1	X	16060_t	Odoli	Odoli_16060_t
nxOscDolc1.1_X	ID=16061_t;Parent=16061_g;gene_id=16061_g;transcript_id=16061_t	nxOscDolc1.1	X	16061_t	Odoli	Odoli_16061_t
nxOscDolc1.1_X	ID=16062_t;Parent=16062_g;gene_id=16062_g;transcript_id=16062_t	nxOscDolc1.1	X	16062_t	Odoli	Odoli_16062_t
nxOscDolc1.1_X	ID=16063_t;Parent=16063_g;gene_id=16063_g;transcript_id=16063_t	nxOscDolc1.1	X	16063_t	Odoli	Odoli_16063_t
nxOscDolc1.1_X	ID=16064_t;Parent=16064_g;gene_id=16064_g;transcript_id=16064_t	nxOscDolc1.1	X	16064_t	Odoli	Odoli_16064_t
nxOscDolc1.1_X	ID=16065_t;Parent=16065_g;gene_id=16065_g;transcript_id=16065_t	nxOscDolc1.1	X	16065_t	Odoli	Odoli_16065_t
nxOscDolc1.1_X	ID=16776_t;Parent=16776_g;gene_id=16776_g;transcript_id=16776_t	nxOscDolc1.1	X	16776_t	Odoli	Odoli_16776_t
nxOscDolc1.1_X	ID=18218_t;Parent=18218_g;gene_id=18218_g;transcript_id=18218_t	nxOscDolc1.1	X	18218_t	Odoli	Odoli_18218_t
nxOscDolc1.1_X	ID=18219_t;Parent=18219_g;gene_id=18219_g;transcript_id=18219_t	nxOscDolc1.1	X	18219_t	Odoli	Odoli_18219_t
nxOscDolc1.1_X	ID=18220_t;Parent=18220_g;gene_id=18220_g;transcript_id=18220_t	nxOscDolc1.1	X	18220_t	Odoli	Odoli_18220_t
nxOscDolc1.1_X	ID=18221_t;Parent=18221_g;gene_id=18221_g;transcript_id=18221_t	nxOscDolc1.1	X	18221_t	Odoli	Odoli_18221_t
nxOscDolc1.1_II	ID=4775_t;Parent=4775_g;gene_id=4775_g;transcript_id=4775_t	nxOscDolc1.1	II	4775_t	Odoli	Odoli_4775_t
nxOscDolc1.1_II	ID=4776_t;Parent=4776_g;gene_id=4776_g;transcript_id=4776_t	nxOscDolc1.1	II	4776_t	Odoli	Odoli_4776_t
nxOscDolc1.1_II	ID=4777_t;Parent=4777_g;gene_id=4777_g;transcript_id=4777_t	nxOscDolc1.1	II	4777_t	Odoli	Odoli_4777_t
nxOscDolc1.1_II	ID=5816_t;Parent=5816_g;gene_id=5816_g;transcript_id=5816_t	nxOscDolc1.1	II	5816_t	Odoli	Odoli_5816_t
nxOscDolc1.1_II	ID=5817_t;Parent=5817_g;gene_id=5817_g;transcript_id=5817_t	nxOscDolc1.1	II	5817_t	Odoli	Odoli_5817_t
nxOscDolc1.1_II	ID=5818_t;Parent=5818_g;gene_id=5818_g;transcript_id=5818_t	nxOscDolc1.1	II	5818_t	Odoli	Odoli_5818_t
nxOscDolc1.1_IV	ID=8869_t;Parent=8869_g;gene_id=8869_g;transcript_id=8869_t	nxOscDolc1.1	IV	8869_t	Odoli	Odoli_8869_t
nxOscDolc1.1_IV	ID=8870_t;Parent=8870_g;gene_id=8870_g;transcript_id=8870_t	nxOscDolc1.1	IV	8870_t	Odoli	Odoli_8870_t
nxOscDolc1.1_IV	ID=8871_t;Parent=8871_g;gene_id=8871_g;transcript_id=8871_t	nxOscDolc1.1	IV	8871_t	Odoli	Odoli_8871_t
nxOscDolc1.1_V	ID=12374_t;Parent=12374_g;gene_id=12374_g;transcript_id=12374_t	nxOscDolc1.1	V	12374_t	Odoli	Odoli_12374_t
nxOscDolc1.1_V	ID=12375_t;Parent=12375_g;gene_id=12375_g;transcript_id=12375_t	nxOscDolc1.1	V	12375_t	Odoli	Odoli_12375_t
nxOscDolc1.1_V	ID=12376_t;Parent=12376_g;gene_id=12376_g;transcript_id=12376_t	nxOscDolc1.1	V	12376_t	Odoli	Odoli_12376_t
nxOscDolc1.1_V	ID=12377_t;Parent=12377_g;gene_id=12377_g;transcript_id=12377_t	nxOscDolc1.1	V	12377_t	Odoli	Odoli_12377_t
nxOscDolc1.1_V	ID=12378_t;Parent=12378_g;gene_id=12378_g;transcript_id=12378_t	nxOscDolc1.1	V	12378_t	Odoli	Odoli_12378_t
nxOscDolc1.1_V	ID=13800_t;Parent=13800_g;gene_id=13800_g;transcript_id=13800_t	nxOscDolc1.1	V	13800_t	Odoli	Odoli_13800_t
nxOscDolc1.1_V	ID=13801_t;Parent=13801_g;gene_id=13801_g;transcript_id=13801_t	nxOscDolc1.1	V	13801_t	Odoli	Odoli_13801_t
nxOscDolc1.1_V	ID=13802_t;Parent=13802_g;gene_id=13802_g;transcript_id=13802_t	nxOscDolc1.1	V	13802_t	Odoli	Odoli_13802_t
nxOscDolc1.1_V	ID=13803_t;Parent=13803_g;gene_id=13803_g;transcript_id=13803_t	nxOscDolc1.1	V	13803_t	Odoli	Odoli_13803_t
nxOscDolc1.1_V	ID=13804_t;Parent=13804_g;gene_id=13804_g;transcript_id=13804_t	nxOscDolc1.1	V	13804_t	Odoli	Odoli_13804_t
nxOscDolc1.1_V	ID=15121_t;Parent=15121_g;gene_id=15121_g;transcript_id=15121_t	nxOscDolc1.1	V	15121_t	Odoli	Odoli_15121_t
nxOscDolc1.1_V	ID=15122_t;Parent=15122_g;gene_id=15122_g;transcript_id=15122_t	nxOscDolc1.1	V	15122_t	Odoli	Odoli_15122_t
nxOscDolc1.1_V	ID=15123_t;Parent=15123_g;gene_id=15123_g;transcript_id=15123_t	nxOscDolc1.1	V	15123_t	Odoli	Odoli_15123_t
nxOscDolc1.1_V	ID=15124_t;Parent=15124_g;gene_id=15124_g;transcript_id=15124_t	nxOscDolc1.1	V	15124_t	Odoli	Odoli_15124_t
nxOscDolc1.1_I	ID=1_t;Parent=1_g;gene_id=1_g;transcript_id=1_t	nxOscDolc1.1	I	1_t	Odoli	Odoli_1_t
nxOscDolc1.1_I	ID=1042_t;Parent=1042_g;gene_id=1042_g;transcript_id=1042_t	nxOscDolc1.1	I	1042_t	Odoli	Odoli_1042_t
nxOscDolc1.1_I	ID=1043_t;Parent=1043_g;gene_id=1043_g;transcript_id=1043_t	nxOscDolc1.1	I	1043_t	Odoli	Odoli_1043_t
nxOscDolc1.1_I	ID=1044_t;Parent=1044_g;gene_id=1044_g;transcript_id=1044_t	nxOscDolc1.1	I	1044_t	Odoli	Odoli_1044_t
nxOscDolc1.1_I	ID=1045_t;Parent=1045_g;gene_id=1045_g;transcript_id=1045_t	nxOscDolc1.1	I	1045_t	Odoli	Odoli_1045_t
nxOscDolc1.1_I	ID=1046_t;Parent=1046_g;gene_id=1046_g;transcript_id=1046_t	nxOscDolc1.1	I	1046_t	Odoli	Odoli_1046_t
nxOscDolc1.1_I	ID=1047_t;Parent=1047_g;gene_id=1047_g;transcript_id=1047_t	nxOscDolc1.1	I	1047_t	Odoli	Odoli_1047_t
nxOscDolc1.1_I	ID=1048_t;Parent=1048_g;gene_id=1048_g;transcript_id=1048_t	nxOscDolc1.1	I	1048_t	Odoli	Odoli_1048_t
nxOscDolc1.1_I	ID=3087_t;Parent=3087_g;gene_id=3087_g;transcript_id=3087_t	nxOscDolc1.1	I	3087_t	Odoli	Odoli_3087_t
nxOscDolc1.1_I	ID=3088_t;Parent=3088_g;gene_id=3088_g;transcript_id=3088_t	nxOscDolc1.1	I	3088_t	Odoli	Odoli_3088_t
nxOscDolc1.1_I	ID=3089_t;Parent=3089_g;gene_id=3089_g;transcript_id=3089_t	nxOscDolc1.1	I	3089_t	Odoli	Odoli_3089_t
nxOscDolc1.1_III_unloc_1	ID=8854_t;Parent=8854_g;gene_id=8854_g;transcript_id=8854_t	nxOscDolc1.1	1	8854_t	Odoli	Odoli_8854_t
nxOscDolc1.1_III_unloc_1	ID=g20001.t1;Parent=g20001;gene_id=g20001;transcript_id=g20001.t1	nxOscDolc1.1	1	g20001.t1	Odoli	Odoli_g20001.t1
nxOscDolc1.1_III_unloc_1	ID=8856_t;Parent=8856_g;gene_id=8856_g;transcript_id=8856_t	nxOscDolc1.1	1	8856_t	Odoli	Odoli_8856_t
nxOscDolc1.1_III_unloc_1	ID=8857_t;Parent=8857_g;gene_id=8857_g;transcript_id=8857_t	nxOscDolc1.1	1	8857_t	Odoli	Odoli_8857_t
nxOscDolc1.1_III_unloc_1	ID=8858_t;Parent=8858_g;gene_id=8858_g;transcript_id=8858_t	nxOscDolc1.1	1	8858_t	Odoli	Odoli_8858_t
nxOscDolc1.1_III_unloc_1	ID=8859_t;Parent=8859_g;gene_id=8859_g;transcript_id=8859_t	nxOscDolc1.1	1	8859_t	Odoli	Odoli_8859_t
nxOscDolc1.1_III_unloc_1	ID=8860_t;Parent=8860_g;gene_id=8860_g;transcript_id=8860_t	nxOscDolc1.1	1	8860_t	Odoli	Odoli_8860_t
nxOscDolc1.1_III_unloc_1	ID=8861_t;Parent=8861_g;gene_id=8861_g;transcript_id=8861_t	nxOscDolc1.1	1	8861_t	Odoli	Odoli_8861_t
nxOscDolc1.1_II_unloc_2	ID=8862_t;Parent=8862_g;gene_id=8862_g;transcript_id=8862_t	nxOscDolc1.1	2	8862_t	Odoli	Odoli_8862_t
nxOscDolc1.1_II_unloc_2	ID=8863_t;Parent=8863_g;gene_id=8863_g;transcript_id=8863_t	nxOscDolc1.1	2	8863_t	Odoli	Odoli_8863_t
nxOscDolc1.1_II_unloc_2	ID=8864_t;Parent=8864_g;gene_id=8864_g;transcript_id=8864_t	nxOscDolc1.1	2	8864_t	Odoli	Odoli_8864_t
nxOscDolc1.1_II_unloc_2	ID=8865_t;Parent=8865_g;gene_id=8865_g;transcript_id=8865_t	nxOscDolc1.1	2	8865_t	Odoli	Odoli_8865_t
nxOscDolc1.1_II_unloc_2	ID=g20003.t1;Parent=g20003;gene_id=g20003;transcript_id=g20003.t1	nxOscDolc1.1	2	g20003.t1	Odoli	Odoli_g20003.t1
nxOscDolc1.1_II_unloc_2	ID=8868_t;Parent=8868_g;gene_id=8868_g;transcript_id=8868_t	nxOscDolc1.1	2	8868_t	Odoli	Odoli_8868_t
nxOscOnir1.2_IV	ID=g13230.t1;Parent=g13230;gene_id=g13230;transcript_id=g13230.t1	nxOscOnir1.2	IV	g13230.t1	Oonir	Oonir_g13230.t1
nxOscOnir1.2_IV	ID=g16540.t1;Parent=g16540;gene_id=g16540;transcript_id=g16540.t1	nxOscOnir1.2	IV	g16540.t1	Oonir	Oonir_g16540.t1
nxOscOnir1.2_IV	ID=g16541.t1;Parent=g16541;gene_id=g16541;transcript_id=g16541.t1	nxOscOnir1.2	IV	g16541.t1	Oonir	Oonir_g16541.t1
nxOscOnir1.2_IV	ID=g16542.t1;Parent=g16542;gene_id=g16542;transcript_id=g16542.t1	nxOscOnir1.2	IV	g16542.t1	Oonir	Oonir_g16542.t1
nxOscOnir1.2_IV	ID=g16543.t1;Parent=g16543;gene_id=g16543;transcript_id=g16543.t1	nxOscOnir1.2	IV	g16543.t1	Oonir	Oonir_g16543.t1
nxOscOnir1.2_III	ID=g8171.t1;Parent=g8171;gene_id=g8171;transcript_id=g8171.t1	nxOscOnir1.2	III	g8171.t1	Oonir	Oonir_g8171.t1
nxOscOnir1.2_III	ID=g20001.t1;Parent=g20001;gene_id=g20001;transcript_id=g20001.t1	nxOscOnir1.2	III	g20001.t1	Oonir	Oonir_g20001.t1
nxOscOnir1.2_X	ID=g2700.t1;Parent=g2700;gene_id=g2700;transcript_id=g2700.t1	nxOscOnir1.2	X	g2700.t1	Oonir	Oonir_g2700.t1
nxOscOnir1.2_X	ID=g2701.t1;Parent=g2701;gene_id=g2701;transcript_id=g2701.t1	nxOscOnir1.2	X	g2701.t1	Oonir	Oonir_g2701.t1
nxOscOnir1.2_X	ID=g2702.t1;Parent=g2702;gene_id=g2702;transcript_id=g2702.t1	nxOscOnir1.2	X	g2702.t1	Oonir	Oonir_g2702.t1
nxOscOnir1.2_X	ID=g5256.t1;Parent=g5256;gene_id=g5256;transcript_id=g5256.t1	nxOscOnir1.2	X	g5256.t1	Oonir	Oonir_g5256.t1
nxOscOnir1.2_X	ID=g5257.t1;Parent=g5257;gene_id=g5257;transcript_id=g5257.t1	nxOscOnir1.2	X	g5257.t1	Oonir	Oonir_g5257.t1
nxOscOnir1.2_X	ID=g20002.t1;Parent=g20002;gene_id=g20002;transcript_id=g20002.t1	nxOscOnir1.2	X	g20002.t1	Oonir	Oonir_g20002.t1
nxOscSper1.1_IV	ID=g7144.t1;Parent=g7144;gene_id=g7144;transcript_id=g7144.t1	nxOscSper1.1	IV	g7144.t1	OspDF	OspDF_g7144.t1
nxOscSper1.1_IV	ID=g7145.t1;Parent=g7145;gene_id=g7145;transcript_id=g7145.t1	nxOscSper1.1	IV	g7145.t1	OspDF	OspDF_g7145.t1
nxOscSper1.1_IV	ID=g7146.t1;Parent=g7146;gene_id=g7146;transcript_id=g7146.t1	nxOscSper1.1	IV	g7146.t1	OspDF	OspDF_g7146.t1
nxOscSper1.1_IV	ID=g7147.t1;Parent=g7147;gene_id=g7147;transcript_id=g7147.t1	nxOscSper1.1	IV	g7147.t1	OspDF	OspDF_g7147.t1
nxOscSper1.1_IV	ID=g7148.t1;Parent=g7148;gene_id=g7148;transcript_id=g7148.t1	nxOscSper1.1	IV	g7148.t1	OspDF	OspDF_g7148.t1
nxOscSper1.1_IV	ID=g7149.t1;Parent=g7149;gene_id=g7149;transcript_id=g7149.t1	nxOscSper1.1	IV	g7149.t1	OspDF	OspDF_g7149.t1
nxOscSper1.1_IV	ID=g7150.t1;Parent=g7150;gene_id=g7150;transcript_id=g7150.t1	nxOscSper1.1	IV	g7150.t1	OspDF	OspDF_g7150.t1
nxOscSper1.1_IV	ID=g7151.t1;Parent=g7151;gene_id=g7151;transcript_id=g7151.t1	nxOscSper1.1	IV	g7151.t1	OspDF	OspDF_g7151.t1
nxOscSper1.1_IV	ID=g7152.t1;Parent=g7152;gene_id=g7152;transcript_id=g7152.t1	nxOscSper1.1	IV	g7152.t1	OspDF	OspDF_g7152.t1
nxOscSper1.1_IV	ID=g7153.t1;Parent=g7153;gene_id=g7153;transcript_id=g7153.t1	nxOscSper1.1	IV	g7153.t1	OspDF	OspDF_g7153.t1
nxOscSper1.1_IV	ID=g7154.t1;Parent=g7154;gene_id=g7154;transcript_id=g7154.t1	nxOscSper1.1	IV	g7154.t1	OspDF	OspDF_g7154.t1
nxOscSper1.1_IV	ID=g7155.t1;Parent=g7155;gene_id=g7155;transcript_id=g7155.t1	nxOscSper1.1	IV	g7155.t1	OspDF	OspDF_g7155.t1
nxOscSper1.1_IV	ID=g7156.t1;Parent=g7156;gene_id=g7156;transcript_id=g7156.t1	nxOscSper1.1	IV	g7156.t1	OspDF	OspDF_g7156.t1
nxOscSper1.1_IV	ID=g7157.t1;Parent=g7157;gene_id=g7157;transcript_id=g7157.t1	nxOscSper1.1	IV	g7157.t1	OspDF	OspDF_g7157.t1
nxOscSper1.1_IV	ID=g9711.t1;Parent=g9711;gene_id=g9711;transcript_id=g9711.t1	nxOscSper1.1	IV	g9711.t1	OspDF	OspDF_g9711.t1
nxOscSper1.1_X	ID=g4601.t1;Parent=g4601;gene_id=g4601;transcript_id=g4601.t1	nxOscSper1.1	X	g4601.t1	OspDF	OspDF_g4601.t1
nxOscSper1.1_X	ID=g4602.t1;Parent=g4602;gene_id=g4602;transcript_id=g4602.t1	nxOscSper1.1	X	g4602.t1	OspDF	OspDF_g4602.t1
nxOscSper1.1_X	ID=g4603.t1;Parent=g4603;gene_id=g4603;transcript_id=g4603.t1	nxOscSper1.1	X	g4603.t1	OspDF	OspDF_g4603.t1
nxOscSper1.1_X	ID=g4604.t1;Parent=g4604;gene_id=g4604;transcript_id=g4604.t1	nxOscSper1.1	X	g4604.t1	OspDF	OspDF_g4604.t1
nxOscSper1.1_X	ID=g4605.t1;Parent=g4605;gene_id=g4605;transcript_id=g4605.t1	nxOscSper1.1	X	g4605.t1	OspDF	OspDF_g4605.t1
nxOscSper1.1_X	ID=g4606.t1;Parent=g4606;gene_id=g4606;transcript_id=g4606.t1	nxOscSper1.1	X	g4606.t1	OspDF	OspDF_g4606.t1
nxOscSper1.1_X	ID=g4607.t1;Parent=g4607;gene_id=g4607;transcript_id=g4607.t1	nxOscSper1.1	X	g4607.t1	OspDF	OspDF_g4607.t1
nxOscSper1.1_X	ID=g4608.t1;Parent=g4608;gene_id=g4608;transcript_id=g4608.t1	nxOscSper1.1	X	g4608.t1	OspDF	OspDF_g4608.t1
nxOscSper1.1_X	ID=g4609.t1;Parent=g4609;gene_id=g4609;transcript_id=g4609.t1	nxOscSper1.1	X	g4609.t1	OspDF	OspDF_g4609.t1
nxOscSper1.1_X	ID=g4610.t1;Parent=g4610;gene_id=g4610;transcript_id=g4610.t1	nxOscSper1.1	X	g4610.t1	OspDF	OspDF_g4610.t1
nxOscSper1.1_X	ID=g4611.t1;Parent=g4611;gene_id=g4611;transcript_id=g4611.t1	nxOscSper1.1	X	g4611.t1	OspDF	OspDF_g4611.t1
nxOscSper1.1_X	ID=g5159.t1;Parent=g5159;gene_id=g5159;transcript_id=g5159.t1	nxOscSper1.1	X	g5159.t1	OspDF	OspDF_g5159.t1
nxOscSper1.1_X	ID=g5160.t1;Parent=g5160;gene_id=g5160;transcript_id=g5160.t1	nxOscSper1.1	X	g5160.t1	OspDF	OspDF_g5160.t1
nxOscSper1.1_X	ID=g5161.t1;Parent=g5160;gene_id=g5161;transcript_id=g5161.t1	nxOscSper1.1	X	g5161.t1	OspDF	OspDF_g5161.t1
nxOscSper1.1_X	ID=g5162.t1;Parent=g5162;gene_id=g5162;transcript_id=g5162.t1	nxOscSper1.1	X	g5162.t1	OspDF	OspDF_g5162.t1
nxOscSper1.1_X	ID=g5163.t1;Parent=g5163;gene_id=g5163;transcript_id=g5163.t1	nxOscSper1.1	X	g5163.t1	OspDF	OspDF_g5163.t1
nxOscSper1.1_X	ID=g5164.t1;Parent=g5164;gene_id=g5164;transcript_id=g5164.t1	nxOscSper1.1	X	g5164.t1	OspDF	OspDF_g5164.t1
nxOscSper1.1_X	ID=g5165.t1;Parent=g5165;gene_id=g5165;transcript_id=g5165.t1	nxOscSper1.1	X	g5165.t1	OspDF	OspDF_g5165.t1
nxOscSper1.1_X	ID=g5166.t1;Parent=g5166;gene_id=g5166;transcript_id=g5166.t1	nxOscSper1.1	X	g5166.t1	OspDF	OspDF_g5166.t1
nxOscSper1.1_X	ID=g5167.t1;Parent=g5167;gene_id=g5167;transcript_id=g5167.t1	nxOscSper1.1	X	g5167.t1	OspDF	OspDF_g5167.t1
nxOscSper1.1_X	ID=g5168.t1;Parent=g5168;gene_id=g5168;transcript_id=g5168.t1	nxOscSper1.1	X	g5168.t1	OspDF	OspDF_g5168.t1
nxOscSper1.1_X	ID=g5169.t1;Parent=g5169;gene_id=g5169;transcript_id=g5169.t1	nxOscSper1.1	X	g5169.t1	OspDF	OspDF_g5169.t1
nxOscSper1.1_X	ID=g5170.t1;Parent=g5170;gene_id=g5170;transcript_id=g5170.t1	nxOscSper1.1	X	g5170.t1	OspDF	OspDF_g5170.t1
nxOscSper1.1_X	ID=g5171.t1;Parent=g5171;gene_id=g5171;transcript_id=g5171.t1	nxOscSper1.1	X	g5171.t1	OspDF	OspDF_g5171.t1
nxOscSper1.1_X	ID=g5172.t1;Parent=g5172;gene_id=g5172;transcript_id=g5172.t1	nxOscSper1.1	X	g5172.t1	OspDF	OspDF_g5172.t1
nxOscSper1.1_X	ID=g5173.t1;Parent=g5173;gene_id=g5173;transcript_id=g5173.t1	nxOscSper1.1	X	g5173.t1	OspDF	OspDF_g5173.t1
nxOscSper1.1_X	ID=g5174.t2;Parent=g5174;gene_id=g5174;transcript_id=g5174.t1	nxOscSper1.1	X	g5174.t2	OspDF	OspDF_g5174.t2
nxOscSper1.1_X	ID=g5175.t1;Parent=g5175;gene_id=g5175;transcript_id=g5175.t1	nxOscSper1.1	X	g5175.t1	OspDF	OspDF_g5175.t1
nxOscSper1.1_X	ID=g5176.t1;Parent=g5176;gene_id=g5176;transcript_id=g5176.t1	nxOscSper1.1	X	g5176.t1	OspDF	OspDF_g5176.t1
nxOscSper1.1_X	ID=g5177.t1;Parent=g5177;gene_id=g5177;transcript_id=g5177.t1	nxOscSper1.1	X	g5177.t1	OspDF	OspDF_g5177.t1
nxOscSper1.1_X	ID=g5178.t1;Parent=g5178;gene_id=g5178;transcript_id=g5178.t1	nxOscSper1.1	X	g5178.t1	OspDF	OspDF_g5178.t1
nxOscSper1.1_X	ID=g5179.t1;Parent=g5179;gene_id=g5179;transcript_id=g5179.t1	nxOscSper1.1	X	g5179.t1	OspDF	OspDF_g5179.t1
nxOscSper1.1_X	ID=g7142.t1;Parent=g7142;gene_id=g7142;transcript_id=g7142.t1	nxOscSper1.1	X	g7142.t1	OspDF	OspDF_g7142.t1
nxOscSper1.1_X	ID=g20002.t1;Parent=g20002;gene_id=g20002;transcript_id=g20002.t1	nxOscSper1.1	X	g20002.t1	OspDF	OspDF_g20002.t1
nxOscSper1.1_I	ID=g11684.t1;Parent=g11684;gene_id=g11684;transcript_id=g11684.t1	nxOscSper1.1	I	g11684.t1	OspDF	OspDF_g11684.t1
nxOscSper1.1_I	ID=g11685.t1;Parent=g11685;gene_id=g11685;transcript_id=g11685.t1	nxOscSper1.1	I	g11685.t1	OspDF	OspDF_g11685.t1
nxOscSper1.1_I	ID=g20001.t1;Parent=g20001;gene_id=g20001;transcript_id=g20001.t1	nxOscSper1.1	I	g20001.t1	OspDF	OspDF_g20001.t1
nxOscSper1.1_I	ID=g11687.t1;Parent=g11687;gene_id=g11687;transcript_id=g11687.t1	nxOscSper1.1	I	g11687.t1	OspDF	OspDF_g11687.t1
nxOscSper1.1_I	ID=g11688.t1;Parent=g11688;gene_id=g11688;transcript_id=g11688.t1	nxOscSper1.1	I	g11688.t1	OspDF	OspDF_g11688.t1
nxOscSper1.1_I	ID=g11689.t1;Parent=g11689;gene_id=g11689;transcript_id=g11689.t1	nxOscSper1.1	I	g11689.t1	OspDF	OspDF_g11689.t1
nxOscSper1.1_I	ID=g11690.t1;Parent=g11690;gene_id=g11690;transcript_id=g11690.t1	nxOscSper1.1	I	g11690.t1	OspDF	OspDF_g11690.t1
nxOscSper1.1_I	ID=g11691.t1;Parent=g11691;gene_id=g11691;transcript_id=g11691.t1	nxOscSper1.1	I	g11691.t1	OspDF	OspDF_g11691.t1
nxOscSper1.1_I	ID=g11692.t1;Parent=g11692;gene_id=g11692;transcript_id=g11692.t1	nxOscSper1.1	I	g11692.t1	OspDF	OspDF_g11692.t1
nxOscSper1.1_I	ID=g14053.t1;Parent=g14053;gene_id=g14053;transcript_id=g14053.t1	nxOscSper1.1	I	g14053.t1	OspDF	OspDF_g14053.t1
nxOscSper1.1_I	ID=g14054.t1;Parent=g14054;gene_id=g14054;transcript_id=g14054.t1	nxOscSper1.1	I	g14054.t1	OspDF	OspDF_g14054.t1
nxOscSper1.1_II	ID=g1.t1;Parent=g1;gene_id=g1;transcript_id=g1.t1	nxOscSper1.1	II	g1.t1	OspDF	OspDF_g1.t1
nxOscSper1.1_II	ID=g2.t1;Parent=g2;gene_id=g2;transcript_id=g2.t1	nxOscSper1.1	II	g2.t1	OspDF	OspDF_g2.t1
nxOscSper1.1_II	ID=g3.t1;Parent=g3;gene_id=g3;transcript_id=g3.t1	nxOscSper1.1	II	g3.t1	OspDF	OspDF_g3.t1
nxOscSper1.1_II	ID=g4.t1;Parent=g4;gene_id=g4;transcript_id=g4.t1	nxOscSper1.1	II	g4.t1	OspDF	OspDF_g4.t1
nxOscSper1.1_II	ID=g5.t1;Parent=g5;gene_id=g5;transcript_id=g5.t1	nxOscSper1.1	II	g5.t1	OspDF	OspDF_g5.t1
nxOscSper1.1_II	ID=g6.t1;Parent=g6;gene_id=g6;transcript_id=g6.t1	nxOscSper1.1	II	g6.t1	OspDF	OspDF_g6.t1
nxOscSper1.1_II	ID=g7.t1;Parent=g7;gene_id=g7;transcript_id=g7.t1	nxOscSper1.1	II	g7.t1	OspDF	OspDF_g7.t1
nxOscSper1.1_II	ID=g8.t1;Parent=g8;gene_id=g8;transcript_id=g8.t1	nxOscSper1.1	II	g8.t1	OspDF	OspDF_g8.t1
nxOscSper1.1_II	ID=g9.t1;Parent=g9;gene_id=g9;transcript_id=g9.t1	nxOscSper1.1	II	g9.t1	OspDF	OspDF_g9.t1
nxOscSper1.1_II	ID=g10.t1;Parent=g10;gene_id=g10;transcript_id=g10.t1	nxOscSper1.1	II	g10.t1	OspDF	OspDF_g10.t1
nxOscSper1.1_II	ID=g11.t1;Parent=g11;gene_id=g11;transcript_id=g11.t1	nxOscSper1.1	II	g11.t1	OspDF	OspDF_g11.t1
nxOscSper1.1_II	ID=g12.t1;Parent=g12;gene_id=g12;transcript_id=g12.t1	nxOscSper1.1	II	g12.t1	OspDF	OspDF_g12.t1
nxOscSper1.1_II	ID=g13.t1;Parent=g13;gene_id=g13;transcript_id=g13.t1	nxOscSper1.1	II	g13.t1	OspDF	OspDF_g13.t1
nxOscSper1.1_II	ID=g14.t1;Parent=g14;gene_id=g14;transcript_id=g14.t1	nxOscSper1.1	II	g14.t1	OspDF	OspDF_g14.t1
nxOscSper1.1_II	ID=g15.t1;Parent=g15;gene_id=g15;transcript_id=g15.t1	nxOscSper1.1	II	g15.t1	OspDF	OspDF_g15.t1
nxOscSper1.1_V	ID=g9712.t1;Parent=g9712;gene_id=g9712;transcript_id=g9712.t1	nxOscSper1.1	V	g9712.t1	OspDF	OspDF_g9712.t1
nxOscSper1.1_V	ID=g9713.t1;Parent=g9713;gene_id=g9713;transcript_id=g9713.t1	nxOscSper1.1	V	g9713.t1	OspDF	OspDF_g9713.t1
nxOscSper1.1_V	ID=g9714.t1;Parent=g9714;gene_id=g9714;transcript_id=g9714.t1	nxOscSper1.1	V	g9714.t1	OspDF	OspDF_g9714.t1
nxOscSper1.1_V	ID=g9715.t1;Parent=g9715;gene_id=g9715;transcript_id=g9715.t1	nxOscSper1.1	V	g9715.t1	OspDF	OspDF_g9715.t1
nxOscSper1.1_V	ID=g9716.t1;Parent=g9716;gene_id=g9716;transcript_id=g9716.t1	nxOscSper1.1	V	g9716.t1	OspDF	OspDF_g9716.t1
nxOscSper1.1_V	ID=g9717.t1;Parent=g9717;gene_id=g9717;transcript_id=g9717.t1	nxOscSper1.1	V	g9717.t1	OspDF	OspDF_g9717.t1
nxOscSper1.1_V	ID=g9718.t1;Parent=g9718;gene_id=g9718;transcript_id=g9718.t1	nxOscSper1.1	V	g9718.t1	OspDF	OspDF_g9718.t1
nxOscSper1.1_V	ID=g9719.t1;Parent=g9719;gene_id=g9719;transcript_id=g9719.t1	nxOscSper1.1	V	g9719.t1	OspDF	OspDF_g9719.t1
nxOscSper1.1_V	ID=g11683.t1;Parent=g11683;gene_id=g11683;transcript_id=g11683.t1	nxOscSper1.1	V	g11683.t1	OspDF	OspDF_g11683.t1
nxOscSper1.1_III	ID=g2431.t1;Parent=g2431;gene_id=g2431;transcript_id=g2431.t1	nxOscSper1.1	III	g2431.t1	OspDF	OspDF_g2431.t1
nxOscSper1.1_III	ID=g2432.t1;Parent=g2432;gene_id=g2432;transcript_id=g2432.t1	nxOscSper1.1	III	g2432.t1	OspDF	OspDF_g2432.t1
nxOscSper1.1_III	ID=g2433.t1;Parent=g2433;gene_id=g2433;transcript_id=g2433.t1	nxOscSper1.1	III	g2433.t1	OspDF	OspDF_g2433.t1
nxOscSper1.1_III	ID=g2434.t1;Parent=g2434;gene_id=g2434;transcript_id=g2434.t1	nxOscSper1.1	III	g2434.t1	OspDF	OspDF_g2434.t1
nxOscSper1.1_III	ID=g4595.t1;Parent=g4595;gene_id=g4595;transcript_id=g4595.t1	nxOscSper1.1	III	g4595.t1	OspDF	OspDF_g4595.t1
nxOscSper1.1_III	ID=g4596.t1;Parent=g4596;gene_id=g4596;transcript_id=g4596.t1	nxOscSper1.1	III	g4596.t1	OspDF	OspDF_g4596.t1
nxOscSper1.1_III	ID=g4597.t2;Parent=g4597;gene_id=g4597;transcript_id=g4597.t1	nxOscSper1.1	III	g4597.t2	OspDF	OspDF_g4597.t2
nxOscSper1.1_III	ID=g4598.t1;Parent=g4598;gene_id=g4598;transcript_id=g4598.t1	nxOscSper1.1	III	g4598.t1	OspDF	OspDF_g4598.t1
nxOscSper1.1_III	ID=g4599.t1;Parent=g4599;gene_id=g4599;transcript_id=g4599.t1	nxOscSper1.1	III	g4599.t1	OspDF	OspDF_g4599.t1
nxOscSper1.1_III	ID=g4600.t1;Parent=g4600;gene_id=g4600;transcript_id=g4600.t1	nxOscSper1.1	III	g4600.t1	OspDF	OspDF_g4600.t1
nxOscSpeu1.1_I	ID=948_t;Parent=948_g;gene_id=948_g;transcript_id=948_t	nxOscSpeu1.1	I	948_t	OspJU	OspJU_948_t
nxOscSpeu1.1_I	ID=949_t;Parent=949_g;gene_id=949_g;transcript_id=949_t	nxOscSpeu1.1	I	949_t	OspJU	OspJU_949_t
nxOscSpeu1.1_I	ID=950_t;Parent=950_g;gene_id=950_g;transcript_id=950_t	nxOscSpeu1.1	I	950_t	OspJU	OspJU_950_t
nxOscSpeu1.1_I	ID=951_t;Parent=951_g;gene_id=951_g;transcript_id=951_t	nxOscSpeu1.1	I	951_t	OspJU	OspJU_951_t
nxOscSpeu1.1_I	ID=2885_t;Parent=2885_g;gene_id=2885_g;transcript_id=2885_t	nxOscSpeu1.1	I	2885_t	OspJU	OspJU_2885_t
nxOscSpeu1.1_V	ID=11849_t;Parent=11849_g;gene_id=11849_g;transcript_id=11849_t	nxOscSpeu1.1	V	11849_t	OspJU	OspJU_11849_t
nxOscSpeu1.1_V	ID=11850_t;Parent=11850_g;gene_id=11850_g;transcript_id=11850_t	nxOscSpeu1.1	V	11850_t	OspJU	OspJU_11850_t
nxOscSpeu1.1_V	ID=11851_t;Parent=11851_g;gene_id=11851_g;transcript_id=11851_t	nxOscSpeu1.1	V	11851_t	OspJU	OspJU_11851_t
nxOscSpeu1.1_V	ID=11852_t;Parent=11852_g;gene_id=11852_g;transcript_id=11852_t	nxOscSpeu1.1	V	11852_t	OspJU	OspJU_11852_t
nxOscSpeu1.1_V	ID=11853_t;Parent=11853_g;gene_id=11853_g;transcript_id=11853_t	nxOscSpeu1.1	V	11853_t	OspJU	OspJU_11853_t
nxOscSpeu1.1_V	ID=11854_t;Parent=11854_g;gene_id=11854_g;transcript_id=11854_t	nxOscSpeu1.1	V	11854_t	OspJU	OspJU_11854_t
nxOscSpeu1.1_V	ID=11855_t;Parent=11855_g;gene_id=11855_g;transcript_id=11855_t	nxOscSpeu1.1	V	11855_t	OspJU	OspJU_11855_t
nxOscSpeu1.1_V	ID=11856_t;Parent=11856_g;gene_id=11856_g;transcript_id=11856_t	nxOscSpeu1.1	V	11856_t	OspJU	OspJU_11856_t
nxOscSpeu1.1_V	ID=11857_t;Parent=11857_g;gene_id=11857_g;transcript_id=11857_t	nxOscSpeu1.1	V	11857_t	OspJU	OspJU_11857_t
nxOscSpeu1.1_V	ID=11858_t;Parent=11858_g;gene_id=11858_g;transcript_id=11858_t	nxOscSpeu1.1	V	11858_t	OspJU	OspJU_11858_t
nxOscSpeu1.1_V	ID=11859_t;Parent=11859_g;gene_id=11859_g;transcript_id=11859_t	nxOscSpeu1.1	V	11859_t	OspJU	OspJU_11859_t
nxOscSpeu1.1_V	ID=11860_t;Parent=11860_g;gene_id=11860_g;transcript_id=11860_t	nxOscSpeu1.1	V	11860_t	OspJU	OspJU_11860_t
nxOscSpeu1.1_V	ID=11861_t;Parent=11861_g;gene_id=11861_g;transcript_id=11861_t	nxOscSpeu1.1	V	11861_t	OspJU	OspJU_11861_t
nxOscSpeu1.1_V	ID=11862_t;Parent=11862_g;gene_id=11862_g;transcript_id=11862_t	nxOscSpeu1.1	V	11862_t	OspJU	OspJU_11862_t
nxOscSpeu1.1_V	ID=13286_t;Parent=13286_g;gene_id=13286_g;transcript_id=13286_t	nxOscSpeu1.1	V	13286_t	OspJU	OspJU_13286_t
nxOscSpeu1.1_V	ID=15002_t;Parent=15002_g;gene_id=15002_g;transcript_id=15002_t	nxOscSpeu1.1	V	15002_t	OspJU	OspJU_15002_t
nxOscSpeu1.1_V	ID=15003_t;Parent=15003_g;gene_id=15003_g;transcript_id=15003_t	nxOscSpeu1.1	V	15003_t	OspJU	OspJU_15003_t
nxOscSpeu1.1_V	ID=15004_t;Parent=15004_g;gene_id=15004_g;transcript_id=15004_t	nxOscSpeu1.1	V	15004_t	OspJU	OspJU_15004_t
nxOscSpeu1.1_V	ID=15005_t;Parent=15005_g;gene_id=15005_g;transcript_id=15005_t	nxOscSpeu1.1	V	15005_t	OspJU	OspJU_15005_t
nxOscSpeu1.1_V	ID=15006_t;Parent=15006_g;gene_id=15006_g;transcript_id=15006_t	nxOscSpeu1.1	V	15006_t	OspJU	OspJU_15006_t
nxOscSpeu1.1_V	ID=15007_t;Parent=15007_g;gene_id=15007_g;transcript_id=15007_t	nxOscSpeu1.1	V	15007_t	OspJU	OspJU_15007_t
nxOscSpeu1.1_V	ID=15008_t;Parent=15008_g;gene_id=15008_g;transcript_id=15008_t	nxOscSpeu1.1	V	15008_t	OspJU	OspJU_15008_t
nxOscSpeu1.1_V	ID=15009_t;Parent=15009_g;gene_id=15009_g;transcript_id=15009_t	nxOscSpeu1.1	V	15009_t	OspJU	OspJU_15009_t
nxOscSpeu1.1_III	ID=5801_t;Parent=5801_g;gene_id=5801_g;transcript_id=5801_t	nxOscSpeu1.1	III	5801_t	OspJU	OspJU_5801_t
nxOscSpeu1.1_III	ID=5802_t;Parent=5802_g;gene_id=5802_g;transcript_id=5802_t	nxOscSpeu1.1	III	5802_t	OspJU	OspJU_5802_t
nxOscSpeu1.1_III	ID=8761_t;Parent=8761_g;gene_id=8761_g;transcript_id=8761_t	nxOscSpeu1.1	III	8761_t	OspJU	OspJU_8761_t
nxOscSpeu1.1_III	ID=8762_t;Parent=8762_g;gene_id=8762_g;transcript_id=8762_t	nxOscSpeu1.1	III	8762_t	OspJU	OspJU_8762_t
nxOscSpeu1.1_III	ID=8763_t;Parent=8763_g;gene_id=8763_g;transcript_id=8763_t	nxOscSpeu1.1	III	8763_t	OspJU	OspJU_8763_t
nxOscSpeu1.1_III	ID=8764_t;Parent=8764_g;gene_id=8764_g;transcript_id=8764_t	nxOscSpeu1.1	III	8764_t	OspJU	OspJU_8764_t
nxOscSpeu1.1_II	ID=2886_t;Parent=2886_g;gene_id=2886_g;transcript_id=2886_t	nxOscSpeu1.1	II	2886_t	OspJU	OspJU_2886_t
nxOscSpeu1.1_II	ID=2887_t;Parent=2887_g;gene_id=2887_g;transcript_id=2887_t	nxOscSpeu1.1	II	2887_t	OspJU	OspJU_2887_t
nxOscSpeu1.1_II	ID=4943_t;Parent=4943_g;gene_id=4943_g;transcript_id=4943_t	nxOscSpeu1.1	II	4943_t	OspJU	OspJU_4943_t
nxOscSpeu1.1_II	ID=4944_t;Parent=4944_g;gene_id=4944_g;transcript_id=4944_t	nxOscSpeu1.1	II	4944_t	OspJU	OspJU_4944_t
nxOscSpeu1.1_II	ID=4945_t;Parent=4945_g;gene_id=4945_g;transcript_id=4945_t	nxOscSpeu1.1	II	4945_t	OspJU	OspJU_4945_t
nxOscSpeu1.1_II	ID=4946_t;Parent=4946_g;gene_id=4946_g;transcript_id=4946_t	nxOscSpeu1.1	II	4946_t	OspJU	OspJU_4946_t
nxOscSpeu1.1_II	ID=4947_t;Parent=4947_g;gene_id=4947_g;transcript_id=4947_t	nxOscSpeu1.1	II	4947_t	OspJU	OspJU_4947_t
nxOscSpeu1.1_II	ID=4948_t;Parent=4948_g;gene_id=4948_g;transcript_id=4948_t	nxOscSpeu1.1	II	4948_t	OspJU	OspJU_4948_t
nxOscSpeu1.1_II	ID=4949_t;Parent=4949_g;gene_id=4949_g;transcript_id=4949_t	nxOscSpeu1.1	II	4949_t	OspJU	OspJU_4949_t
nxOscSpeu1.1_II	ID=4950_t;Parent=4950_g;gene_id=4950_g;transcript_id=4950_t	nxOscSpeu1.1	II	4950_t	OspJU	OspJU_4950_t
nxOscSpeu1.1_II	ID=4951_t;Parent=4951_g;gene_id=4951_g;transcript_id=4951_t	nxOscSpeu1.1	II	4951_t	OspJU	OspJU_4951_t
nxOscSpeu1.1_II	ID=4952_t;Parent=4952_g;gene_id=4952_g;transcript_id=4952_t	nxOscSpeu1.1	II	4952_t	OspJU	OspJU_4952_t
nxOscSpeu1.1_II	ID=4953_t;Parent=4953_g;gene_id=4953_g;transcript_id=4953_t	nxOscSpeu1.1	II	4953_t	OspJU	OspJU_4953_t
nxOscSpeu1.1_II	ID=4954_t;Parent=4954_g;gene_id=4954_g;transcript_id=4954_t	nxOscSpeu1.1	II	4954_t	OspJU	OspJU_4954_t
nxOscSpeu1.1_II	ID=4955_t;Parent=4955_g;gene_id=4955_g;transcript_id=4955_t	nxOscSpeu1.1	II	4955_t	OspJU	OspJU_4955_t
nxOscSpeu1.1_II	ID=4956_t;Parent=4956_g;gene_id=4956_g;transcript_id=4956_t	nxOscSpeu1.1	II	4956_t	OspJU	OspJU_4956_t
nxOscSpeu1.1_II	ID=4957_t;Parent=4957_g;gene_id=4957_g;transcript_id=4957_t	nxOscSpeu1.1	II	4957_t	OspJU	OspJU_4957_t
nxOscSpeu1.1_II	ID=4958_t;Parent=4958_g;gene_id=4958_g;transcript_id=4958_t	nxOscSpeu1.1	II	4958_t	OspJU	OspJU_4958_t
nxOscSpeu1.1_II	ID=4959_t;Parent=4959_g;gene_id=4959_g;transcript_id=4959_t	nxOscSpeu1.1	II	4959_t	OspJU	OspJU_4959_t
nxOscSpeu1.1_II	ID=4960_t;Parent=4960_g;gene_id=4960_g;transcript_id=4960_t	nxOscSpeu1.1	II	4960_t	OspJU	OspJU_4960_t
nxOscSpeu1.1_II	ID=5800_t;Parent=5800_g;gene_id=5800_g;transcript_id=5800_t	nxOscSpeu1.1	II	5800_t	OspJU	OspJU_5800_t
nxOscSpeu1.1_IV	ID=9419_t;Parent=9419_g;gene_id=9419_g;transcript_id=9419_t	nxOscSpeu1.1	IV	9419_t	OspJU	OspJU_9419_t
nxOscSpeu1.1_IV	ID=9420_t;Parent=9420_g;gene_id=9420_g;transcript_id=9420_t	nxOscSpeu1.1	IV	9420_t	OspJU	OspJU_9420_t
nxOscSpeu1.1_IV	ID=9421_t;Parent=9421_g;gene_id=9421_g;transcript_id=9421_t	nxOscSpeu1.1	IV	9421_t	OspJU	OspJU_9421_t
nxOscSpeu1.1_IV	ID=9422_t;Parent=9422_g;gene_id=9422_g;transcript_id=9422_t	nxOscSpeu1.1	IV	9422_t	OspJU	OspJU_9422_t
nxOscSpeu1.1_IV	ID=9423_t;Parent=9423_g;gene_id=9423_g;transcript_id=9423_t	nxOscSpeu1.1	IV	9423_t	OspJU	OspJU_9423_t
nxOscSpeu1.1_IV	ID=9424_t;Parent=9424_g;gene_id=9424_g;transcript_id=9424_t	nxOscSpeu1.1	IV	9424_t	OspJU	OspJU_9424_t
nxOscSpeu1.1_IV	ID=9425_t;Parent=9425_g;gene_id=9425_g;transcript_id=9425_t	nxOscSpeu1.1	IV	9425_t	OspJU	OspJU_9425_t
nxOscSpeu1.1_IV	ID=9426_t;Parent=9426_g;gene_id=9426_g;transcript_id=9426_t	nxOscSpeu1.1	IV	9426_t	OspJU	OspJU_9426_t
nxOscSpeu1.1_IV	ID=9427_t;Parent=9427_g;gene_id=9427_g;transcript_id=9427_t	nxOscSpeu1.1	IV	9427_t	OspJU	OspJU_9427_t
nxOscSpeu1.1_IV	ID=9428_t;Parent=9428_g;gene_id=9428_g;transcript_id=9428_t	nxOscSpeu1.1	IV	9428_t	OspJU	OspJU_9428_t
nxOscSpeu1.1_IV	ID=9429_t;Parent=9429_g;gene_id=9429_g;transcript_id=9429_t	nxOscSpeu1.1	IV	9429_t	OspJU	OspJU_9429_t
nxOscSpeu1.1_IV	ID=9430_t;Parent=9430_g;gene_id=9430_g;transcript_id=9430_t	nxOscSpeu1.1	IV	9430_t	OspJU	OspJU_9430_t
nxOscSpeu1.1_IV	ID=9431_t;Parent=9431_g;gene_id=9431_g;transcript_id=9431_t	nxOscSpeu1.1	IV	9431_t	OspJU	OspJU_9431_t
nxOscSpeu1.1_IV	ID=9432_t;Parent=9432_g;gene_id=9432_g;transcript_id=9432_t	nxOscSpeu1.1	IV	9432_t	OspJU	OspJU_9432_t
nxOscSpeu1.1_IV	ID=9433_t;Parent=9433_g;gene_id=9433_g;transcript_id=9433_t	nxOscSpeu1.1	IV	9433_t	OspJU	OspJU_9433_t
nxOscSpeu1.1_IV	ID=9434_t;Parent=9434_g;gene_id=9434_g;transcript_id=9434_t	nxOscSpeu1.1	IV	9434_t	OspJU	OspJU_9434_t
nxOscSpeu1.1_IV	ID=9435_t;Parent=9435_g;gene_id=9435_g;transcript_id=9435_t	nxOscSpeu1.1	IV	9435_t	OspJU	OspJU_9435_t
nxOscSpeu1.1_IV	ID=9436_t;Parent=9436_g;gene_id=9436_g;transcript_id=9436_t	nxOscSpeu1.1	IV	9436_t	OspJU	OspJU_9436_t
nxOscSpeu1.1_IV	ID=9437_t;Parent=9437_g;gene_id=9437_g;transcript_id=9437_t	nxOscSpeu1.1	IV	9437_t	OspJU	OspJU_9437_t
nxOscSpeu1.1_IV	ID=11848_t;Parent=11848_g;gene_id=11848_g;transcript_id=11848_t	nxOscSpeu1.1	IV	11848_t	OspJU	OspJU_11848_t
nxOscSpeu1.1_X	ID=15010_t;Parent=15010_g;gene_id=15010_g;transcript_id=15010_t	nxOscSpeu1.1	X	15010_t	OspJU	OspJU_15010_t
nxOscSpeu1.1_X	ID=15382_t;Parent=15382_g;gene_id=15382_g;transcript_id=15382_t	nxOscSpeu1.1	X	15382_t	OspJU	OspJU_15382_t
nxOscSpeu1.1_X	ID=16715_t;Parent=16715_g;gene_id=16715_g;transcript_id=16715_t	nxOscSpeu1.1	X	16715_t	OspJU	OspJU_16715_t
nxOscSpeu1.1_X	ID=17052_t;Parent=17052_g;gene_id=17052_g;transcript_id=17052_t	nxOscSpeu1.1	X	17052_t	OspJU	OspJU_17052_t
nxOscSpeu1.1_X	ID=g20001.t1;Parent=g20001;gene_id=g20001;transcript_id=g20001.t1	nxOscSpeu1.1	X	g20001.t1	OspJU	OspJU_g20001.t1
nxOscTipu1.1_III	ID=g9796.t1;Parent=g9796;gene_id=g9796;transcript_id=g9796.t1	nxOscTipu1.1	III	g9796.t1	Otipu	Otipu_g9796.t1
nxOscTipu1.1_III	ID=g12555.t1;Parent=g12555;gene_id=g12555;transcript_id=g12555.t1	nxOscTipu1.1	III	g12555.t1	Otipu	Otipu_g12555.t1
nxOscTipu1.1_III	ID=g12556.t1;Parent=g12556;gene_id=g12556;transcript_id=g12556.t1	nxOscTipu1.1	III	g12556.t1	Otipu	Otipu_g12556.t1
nxOscTipu1.1_III	ID=g12557.t1;Parent=g12557;gene_id=g12557;transcript_id=g12557.t1	nxOscTipu1.1	III	g12557.t1	Otipu	Otipu_g12557.t1
nxOscTipu1.1_III	ID=g12558.t1;Parent=g12558;gene_id=g12558;transcript_id=g12558.t1	nxOscTipu1.1	III	g12558.t1	Otipu	Otipu_g12558.t1
nxOscTipu1.1_III	ID=g12559.t1;Parent=g12559;gene_id=g12559;transcript_id=g12559.t1	nxOscTipu1.1	III	g12559.t1	Otipu	Otipu_g12559.t1
nxOscTipu1.1_III	ID=g12560.t1;Parent=g12560;gene_id=g12560;transcript_id=g12560.t1	nxOscTipu1.1	III	g12560.t1	Otipu	Otipu_g12560.t1
nxOscTipu1.1_I	ID=g1.t1;Parent=g1;gene_id=g1;transcript_id=g1.t1	nxOscTipu1.1	I	g1.t1	Otipu	Otipu_g1.t1
nxOscTipu1.1_I	ID=g2.t1;Parent=g2;gene_id=g2;transcript_id=g2.t1	nxOscTipu1.1	I	g2.t1	Otipu	Otipu_g2.t1
nxOscTipu1.1_I	ID=g3.t1;Parent=g3;gene_id=g3;transcript_id=g3.t1	nxOscTipu1.1	I	g3.t1	Otipu	Otipu_g3.t1
nxOscTipu1.1_I	ID=g2545.t1;Parent=g2545;gene_id=g2545;transcript_id=g2545.t1	nxOscTipu1.1	I	g2545.t1	Otipu	Otipu_g2545.t1
nxOscTipu1.1_I	ID=g20001.t1;Parent=g20001;gene_id=g20001;transcript_id=g20001.t1	nxOscTipu1.1	I	g20001.t1	Otipu	Otipu_g20001.t1
nxOscTipu1.1_V	ID=g7324.t1;Parent=g7324;gene_id=g7324;transcript_id=g7324.t1	nxOscTipu1.1	V	g7324.t1	Otipu	Otipu_g7324.t1
nxOscTipu1.1_V	ID=g7325.t1;Parent=g7325;gene_id=g7325;transcript_id=g7325.t1	nxOscTipu1.1	V	g7325.t1	Otipu	Otipu_g7325.t1
nxOscTipu1.1_V	ID=g7326.t1;Parent=g7326;gene_id=g7326;transcript_id=g7326.t1	nxOscTipu1.1	V	g7326.t1	Otipu	Otipu_g7326.t1
nxOscTipu1.1_V	ID=g7327.t1;Parent=g7327;gene_id=g7327;transcript_id=g7327.t1	nxOscTipu1.1	V	g7327.t1	Otipu	Otipu_g7327.t1
nxOscTipu1.1_V	ID=g7328.t1;Parent=g7328;gene_id=g7328;transcript_id=g7328.t1	nxOscTipu1.1	V	g7328.t1	Otipu	Otipu_g7328.t1
nxOscTipu1.1_V	ID=g9793.t1;Parent=g9793;gene_id=g9793;transcript_id=g9793.t1	nxOscTipu1.1	V	g9793.t1	Otipu	Otipu_g9793.t1
nxOscTipu1.1_V	ID=g20004.t1;Parent=g20004;gene_id=g20004;transcript_id=g20004.t1	nxOscTipu1.1	V	g20004.t1	Otipu	Otipu_g20004.t1
nxOscTipu1.1_V	ID=g9795.t1;Parent=g9795;gene_id=g9795;transcript_id=g9795.t1	nxOscTipu1.1	V	g9795.t1	Otipu	Otipu_g9795.t1
nxOscTipu1.1_II	ID=g2548.t2;Parent=g2548;gene_id=g2548;transcript_id=g2548.t1	nxOscTipu1.1	II	g2548.t2	Otipu	Otipu_g2548.t2
nxOscTipu1.1_II	ID=g2549.t1;Parent=g2549;gene_id=g2549;transcript_id=g2549.t1	nxOscTipu1.1	II	g2549.t1	Otipu	Otipu_g2549.t1
nxOscTipu1.1_II	ID=g2550.t1;Parent=g2550;gene_id=g2550;transcript_id=g2550.t1	nxOscTipu1.1	II	g2550.t1	Otipu	Otipu_g2550.t1
nxOscTipu1.1_II	ID=g4914.t1;Parent=g4914;gene_id=g4914;transcript_id=g4914.t1	nxOscTipu1.1	II	g4914.t1	Otipu	Otipu_g4914.t1
nxOscTipu1.1_II	ID=g4915.t1;Parent=g4915;gene_id=g4915;transcript_id=g4915.t1	nxOscTipu1.1	II	g4915.t1	Otipu	Otipu_g4915.t1
nxOscTipu1.1_II	ID=g4916.t1;Parent=g4916;gene_id=g4916;transcript_id=g4916.t1	nxOscTipu1.1	II	g4916.t1	Otipu	Otipu_g4916.t1
nxOscTipu1.1_II	ID=g4917.t1;Parent=g4917;gene_id=g4917;transcript_id=g4917.t1	nxOscTipu1.1	II	g4917.t1	Otipu	Otipu_g4917.t1
nxOscTipu1.1_X	ID=g4918.t1;Parent=g4918;gene_id=g4918;transcript_id=g4918.t1	nxOscTipu1.1	X	g4918.t1	Otipu	Otipu_g4918.t1
nxOscTipu1.1_X	ID=g4919.t1;Parent=g4919;gene_id=g4919;transcript_id=g4919.t1	nxOscTipu1.1	X	g4919.t1	Otipu	Otipu_g4919.t1
nxOscTipu1.1_X	ID=g4920.t1;Parent=g4920;gene_id=g4920;transcript_id=g4920.t1	nxOscTipu1.1	X	g4920.t1	Otipu	Otipu_g4920.t1
nxOscTipu1.1_X	ID=g4921.t1;Parent=g4921;gene_id=g4921;transcript_id=g4921.t1	nxOscTipu1.1	X	g4921.t1	Otipu	Otipu_g4921.t1
nxOscTipu1.1_X	ID=g4922.t1;Parent=g4922;gene_id=g4922;transcript_id=g4922.t1	nxOscTipu1.1	X	g4922.t1	Otipu	Otipu_g4922.t1
nxOscTipu1.1_X	ID=g4923.t1;Parent=g4923;gene_id=g4923;transcript_id=g4923.t1	nxOscTipu1.1	X	g4923.t1	Otipu	Otipu_g4923.t1
nxOscTipu1.1_X	ID=g4924.t1;Parent=g4924;gene_id=g4924;transcript_id=g4924.t1	nxOscTipu1.1	X	g4924.t1	Otipu	Otipu_g4924.t1
nxOscTipu1.1_X	ID=g4925.t1;Parent=g4925;gene_id=g4925;transcript_id=g4925.t1	nxOscTipu1.1	X	g4925.t1	Otipu	Otipu_g4925.t1
nxOscTipu1.1_X	ID=g4926.t1;Parent=g4926;gene_id=g4926;transcript_id=g4926.t1	nxOscTipu1.1	X	g4926.t1	Otipu	Otipu_g4926.t1
nxOscTipu1.1_X	ID=g4927.t1;Parent=g4927;gene_id=g4927;transcript_id=g4927.t1	nxOscTipu1.1	X	g4927.t1	Otipu	Otipu_g4927.t1
nxOscTipu1.1_X	ID=g4928.t1;Parent=g4928;gene_id=g4928;transcript_id=g4928.t1	nxOscTipu1.1	X	g4928.t1	Otipu	Otipu_g4928.t1
nxOscTipu1.1_X	ID=g4929.t1;Parent=g4929;gene_id=g4929;transcript_id=g4929.t1	nxOscTipu1.1	X	g4929.t1	Otipu	Otipu_g4929.t1
nxOscTipu1.1_X	ID=g4930.t1;Parent=g4930;gene_id=g4930;transcript_id=g4930.t1	nxOscTipu1.1	X	g4930.t1	Otipu	Otipu_g4930.t1
nxOscTipu1.1_X	ID=g4931.t1;Parent=g4931;gene_id=g4931;transcript_id=g4931.t1	nxOscTipu1.1	X	g4931.t1	Otipu	Otipu_g4931.t1
nxOscTipu1.1_X	ID=g4932.t1;Parent=g4932;gene_id=g4932;transcript_id=g4932.t1	nxOscTipu1.1	X	g4932.t1	Otipu	Otipu_g4932.t1
nxOscTipu1.1_X	ID=g4933.t1;Parent=g4933;gene_id=g4933;transcript_id=g4933.t1	nxOscTipu1.1	X	g4933.t1	Otipu	Otipu_g4933.t1
nxOscTipu1.1_X	ID=g7285.t1;Parent=g7285;gene_id=g7285;transcript_id=g7285.t1	nxOscTipu1.1	X	g7285.t1	Otipu	Otipu_g7285.t1
nxOscTipu1.1_X	ID=g7286.t1;Parent=g7286;gene_id=g7286;transcript_id=g7286.t1	nxOscTipu1.1	X	g7286.t1	Otipu	Otipu_g7286.t1
nxOscTipu1.1_X	ID=g7287.t2;Parent=g7287;gene_id=g7287;transcript_id=g7287.t1	nxOscTipu1.1	X	g7287.t2	Otipu	Otipu_g7287.t2
nxOscTipu1.1_X	ID=g7288.t1;Parent=g7288;gene_id=g7288;transcript_id=g7288.t1	nxOscTipu1.1	X	g7288.t1	Otipu	Otipu_g7288.t1
nxOscTipu1.1_X	ID=g7289.t2;Parent=g7289;gene_id=g7289;transcript_id=g7289.t1	nxOscTipu1.1	X	g7289.t2	Otipu	Otipu_g7289.t2
nxOscTipu1.1_X	ID=g7290.t1;Parent=g7290;gene_id=g7290;transcript_id=g7290.t1	nxOscTipu1.1	X	g7290.t1	Otipu	Otipu_g7290.t1
nxOscTipu1.1_X	ID=g7291.t1;Parent=g7291;gene_id=g7291;transcript_id=g7291.t1	nxOscTipu1.1	X	g7291.t1	Otipu	Otipu_g7291.t1
nxOscTipu1.1_X	ID=g7292.t1;Parent=g7292;gene_id=g7292;transcript_id=g7292.t1	nxOscTipu1.1	X	g7292.t1	Otipu	Otipu_g7292.t1
nxOscTipu1.1_X	ID=g7293.t2;Parent=g7293;gene_id=g7293;transcript_id=g7293.t1	nxOscTipu1.1	X	g7293.t2	Otipu	Otipu_g7293.t2
nxOscTipu1.1_X	ID=g7294.t1;Parent=g7294;gene_id=g7294;transcript_id=g7294.t1	nxOscTipu1.1	X	g7294.t1	Otipu	Otipu_g7294.t1
nxOscTipu1.1_X	ID=g7295.t1;Parent=g7295;gene_id=g7295;transcript_id=g7295.t1	nxOscTipu1.1	X	g7295.t1	Otipu	Otipu_g7295.t1
nxOscTipu1.1_X	ID=g7296.t1;Parent=g7296;gene_id=g7296;transcript_id=g7296.t1	nxOscTipu1.1	X	g7296.t1	Otipu	Otipu_g7296.t1
nxOscTipu1.1_X	ID=g7297.t1;Parent=g7297;gene_id=g7297;transcript_id=g7297.t1	nxOscTipu1.1	X	g7297.t1	Otipu	Otipu_g7297.t1
nxOscTipu1.1_X	ID=g7298.t1;Parent=g7298;gene_id=g7298;transcript_id=g7298.t1	nxOscTipu1.1	X	g7298.t1	Otipu	Otipu_g7298.t1
nxOscTipu1.1_X	ID=g7299.t1;Parent=g7299;gene_id=g7299;transcript_id=g7299.t1	nxOscTipu1.1	X	g7299.t1	Otipu	Otipu_g7299.t1
nxOscTipu1.1_X	ID=g7300.t1;Parent=g7300;gene_id=g7300;transcript_id=g7300.t1	nxOscTipu1.1	X	g7300.t1	Otipu	Otipu_g7300.t1
nxOscTipu1.1_X	ID=g7301.t1;Parent=g7301;gene_id=g7301;transcript_id=g7301.t1	nxOscTipu1.1	X	g7301.t1	Otipu	Otipu_g7301.t1
nxOscTipu1.1_X	ID=g7302.t1;Parent=g7302;gene_id=g7302;transcript_id=g7302.t1	nxOscTipu1.1	X	g7302.t1	Otipu	Otipu_g7302.t1
nxOscTipu1.1_X	ID=g7303.t1;Parent=g7303;gene_id=g7303;transcript_id=g7303.t1	nxOscTipu1.1	X	g7303.t1	Otipu	Otipu_g7303.t1
nxOscTipu1.1_X	ID=g7304.t1;Parent=g7304;gene_id=g7304;transcript_id=g7304.t1	nxOscTipu1.1	X	g7304.t1	Otipu	Otipu_g7304.t1
nxOscTipu1.1_X	ID=g7305.t1;Parent=g7305;gene_id=g7305;transcript_id=g7305.t1	nxOscTipu1.1	X	g7305.t1	Otipu	Otipu_g7305.t1
nxOscTipu1.1_X	ID=g7306.t1;Parent=g7306;gene_id=g7306;transcript_id=g7306.t1	nxOscTipu1.1	X	g7306.t1	Otipu	Otipu_g7306.t1
nxOscTipu1.1_X	ID=g7307.t1;Parent=g7307;gene_id=g7307;transcript_id=g7307.t1	nxOscTipu1.1	X	g7307.t1	Otipu	Otipu_g7307.t1
nxOscTipu1.1_X	ID=g7308.t1;Parent=g7308;gene_id=g7308;transcript_id=g7308.t1	nxOscTipu1.1	X	g7308.t1	Otipu	Otipu_g7308.t1
nxOscTipu1.1_X	ID=g7309.t1;Parent=g7309;gene_id=g7309;transcript_id=g7309.t1	nxOscTipu1.1	X	g7309.t1	Otipu	Otipu_g7309.t1
nxOscTipu1.1_X	ID=g7310.t1;Parent=g7310;gene_id=g7310;transcript_id=g7310.t1	nxOscTipu1.1	X	g7310.t1	Otipu	Otipu_g7310.t1
nxOscTipu1.1_X	ID=g7311.t1;Parent=g7311;gene_id=g7311;transcript_id=g7311.t1	nxOscTipu1.1	X	g7311.t1	Otipu	Otipu_g7311.t1
nxOscTipu1.1_X	ID=g7312.t1;Parent=g7312;gene_id=g7312;transcript_id=g7312.t1	nxOscTipu1.1	X	g7312.t1	Otipu	Otipu_g7312.t1
nxOscTipu1.1_X	ID=g7313.t1;Parent=g7313;gene_id=g7313;transcript_id=g7313.t1	nxOscTipu1.1	X	g7313.t1	Otipu	Otipu_g7313.t1
nxOscTipu1.1_X	ID=g7314.t1;Parent=g7314;gene_id=g7314;transcript_id=g7314.t1	nxOscTipu1.1	X	g7314.t1	Otipu	Otipu_g7314.t1
nxOscTipu1.1_X	ID=g7315.t1;Parent=g7315;gene_id=g7315;transcript_id=g7315.t1	nxOscTipu1.1	X	g7315.t1	Otipu	Otipu_g7315.t1
nxOscTipu1.1_X	ID=g7316.t1;Parent=g7316;gene_id=g7316;transcript_id=g7316.t1	nxOscTipu1.1	X	g7316.t1	Otipu	Otipu_g7316.t1
nxOscTipu1.1_X	ID=g7317.t1;Parent=g7317;gene_id=g7317;transcript_id=g7317.t1	nxOscTipu1.1	X	g7317.t1	Otipu	Otipu_g7317.t1
nxOscTipu1.1_X	ID=g7318.t1;Parent=g7318;gene_id=g7318;transcript_id=g7318.t1	nxOscTipu1.1	X	g7318.t1	Otipu	Otipu_g7318.t1
nxOscTipu1.1_X	ID=g7319.t1;Parent=g7319;gene_id=g7319;transcript_id=g7319.t1	nxOscTipu1.1	X	g7319.t1	Otipu	Otipu_g7319.t1
nxOscTipu1.1_X	ID=g7320.t1;Parent=g7320;gene_id=g7320;transcript_id=g7320.t1	nxOscTipu1.1	X	g7320.t1	Otipu	Otipu_g7320.t1
nxOscTipu1.1_X	ID=g20005.t1;Parent=g20005;gene_id=g20005;transcript_id=g20005.t1	nxOscTipu1.1	X	g20005.t1	Otipu	Otipu_g20005.t1
nxOscTipu1.1_IV	ID=g20002.t1;Parent=g20002;gene_id=g20002;transcript_id=g20002.t1	nxOscTipu1.1	IV	g20002.t1	Otipu	Otipu_g20002.t1
nxOscTipu1.1_IV	ID=g20003.t1;Parent=g20003;gene_id=g20003;transcript_id=g20003.t1	nxOscTipu1.1	IV	g20003.t1	Otipu	Otipu_g20003.t1
nxOscTipu1.1_IV	ID=g12564.t1;Parent=g12564;gene_id=g12564;transcript_id=g12564.t1	nxOscTipu1.1	IV	g12564.t1	Otipu	Otipu_g12564.t1
nxOscTipu1.1_IV	ID=g12565.t1;Parent=g12565;gene_id=g12565;transcript_id=g12565.t1	nxOscTipu1.1	IV	g12565.t1	Otipu	Otipu_g12565.t1
nxOscTipu1.1_IV	ID=g12566.t1;Parent=g12566;gene_id=g12566;transcript_id=g12566.t1	nxOscTipu1.1	IV	g12566.t1	Otipu	Otipu_g12566.t1
nxOscTipu1.1_IV	ID=g12567.t1;Parent=g12567;gene_id=g12567;transcript_id=g12567.t1	nxOscTipu1.1	IV	g12567.t1	Otipu	Otipu_g12567.t1
nxOscTipu1.1_IV	ID=g15548.t1;Parent=g15548;gene_id=g15548;transcript_id=g15548.t1	nxOscTipu1.1	IV	g15548.t1	Otipu	Otipu_g15548.t1
