Strain	chr	start_pos	end_pos	start_support	end_support	Span	Is_germline_end
JU1382	I	NA	NA	NA	97	NA	Yes
JU1382	I	2982874	3019287	116	106	36413	No
JU1382	I	9747643	9751266	102	NA	3623	Yes
JU1382	II	0	20402	NA	105	20402	Yes
JU1382	II	7323673	7392426	95	119	68753	No
JU1382	II	10222753	10227709	91	NA	4956	Yes
JU1382	III	0	5335	NA	100	5335	Yes
JU1382	III	5644107	5644109	95	112	2	No
JU1382	III	9498668	9530098	125	NA	31430	Yes
JU1382	IV	0	5067	NA	105	5067	Yes
JU1382	IV	2573831	2621654	86	99	47823	No
JU1382	IV	6701995	6701996	106	97	1	No
JU1382	IV	9677810	9678298	94	NA	488	Yes
JU1382	V	0	89533	NA	104	89533	Yes
JU1382	V	4685181	4685570	109	93	389	No
JU1382	V	10859129	10899440	112	NA	40311	Yes
JU1382	X	0	3078	NA	136	3078	Yes
JU1382	X	1325005	1325007	107	87	2	No
JU1382	X	6339633	6341932	108	105	2299	No
JU1382	X	7669427	7673180	87	125	3753	No
JU1382	X	9264411	9264669	111	99	258	No
JU1382	X	12145074	12161589	70	NA	16515	Yes
PS1017	I	0	240737	NA	261	240737	Yes
PS1017	I	4118066	4136867	240	279	18801	No
PS1017	I	11141772	11571861	308	NA	430089	Yes
PS1017	II	0	66942	NA	267	66942	Yes
PS1017	II	6413004	6427035	281	295	14031	No
PS1017	II	10473507	10664372	291	NA	190865	Yes
PS1017	III	0	91404	NA	323	91404	Yes
PS1017	III	4635267	4662007	260	279	26740	No
PS1017	III	10758308	10992003	267	NA	233695	Yes
PS1017	IV	0	233890	NA	270	233890	Yes
PS1017	IV	5184372	5184373	236	306	1	No
PS1017	IV	12464838	12464839	196	NA	NA	Yes
PS1017	V	0	161662	NA	333	161662	Yes
PS1017	V	6451708	6471566	269	292	19858	No
PS1017	V	11191265	11207553	251	NA	16288	Yes
PS1017	X	0	44875	NA	302	44875	Yes
PS1017	X	3801810	3823170	209	105	21360	No
PS1017	X	3823170	3852350	105	112	29180	No
PS1017	X	3852350	3889445	112	223	37095	No
PS1017	X	6684099	6684101	290	301	2	No
PS1017	X	12574656	12760602	321	NA	185946	Yes
CEW1	I	10366	27185	28	273	16819	Yes
CEW1	I	8860881	8885187	279	88	24306	Yes
CEW1	II	15051	25181	40	285	10130	Yes
CEW1	II	8999761	9010179	272	39	10418	Yes
CEW1	III	12237	16299	23	265	4062	Yes
CEW1	III	9596330	9621514	251	26	25184	Yes
CEW1	IV	5649	39783	21	261	34134	Yes
CEW1	IV	11179848	11184681	257	21	4833	Yes
CEW1	V	19132	30664	28	241	11532	Yes
CEW1	V	10783457	10812570	276	21	29113	Yes
CEW1	X	7064	51846	46	262	44782	Yes
CEW1	X	11175686	11309187	240	3	133501	Yes
DF5120	I	0	37486	NA	225	37486	Yes
DF5120	I	7780967	7792812	246	NA	11845	Yes
DF5120	II	0	187507	NA	211	187507	Yes
DF5120	II	8179975	8179975	NA	NA	NA	Yes
DF5120	III	0	61998	NA	200	61998	Yes
DF5120	III	7052313	7104590	220	NA	52277	Yes
DF5120	IV	0	73741	NA	221	73741	Yes
DF5120	IV	8349528	8418973	255	NA	69445	Yes
DF5120	V	0	38134	NA	255	38134	Yes
DF5120	V	6988866	7007619	219	NA	18753	Yes
DF5120	X	0	142252	NA	224	142252	Yes
DF5120	X	2337534	2434254	220	241	96720	No
DF5120	X	4766409	4778739	238	246	12330	No
DF5120	X	9216275	9242542	230	NA	26267	Yes
PS2068	I	0	484	221	221	484	Yes
PS2068	I	9757431	9758718	229	NA	1287	Yes
PS2068	II	0	0	NA	NA	NA	Yes
PS2068	II	10439112	10440939	214	NA	1827	Yes
PS2068	III	0	980	NA	210	980	Yes
PS2068	III	10449374	10624782	196	NA	175408	Yes
PS2068	IV	0	4093	NA	228	4093	Yes
PS2068	IV	13341662	13354744	198	NA	13082	Yes
PS2068	V	0	1345	NA	241	1345	Yes
PS2068	V	9840991	9840991	NA	NA	NA	Yes
PS2068	X	0	5948	NA	211	5948	Yes
PS2068	X	11743800	11763057	208	NA	19257	Yes
