I	4100	L	60	1	106	641	8313
I	4100	L	60	-4	126	877	7080
I	4100	L	60	1	121	748	8808
I	4100	L	60	1	138	843	9958
I	4100	L	60	1	146	899	10574
I	4100	L	60	1	94	621	9819
I	37486	L	60	-2	85	530	11367
I	37486	L	60	5	77	466	12342
I	37486	L	60	5	55	330	16103
I	37486	L	60	5	74	445	7564
I	37486	L	60	5	28	167	4665
I	37486	L	60	5	40	240	8323
I	37486	L	60	5	98	649	20173
I	37486	L	60	5	53	329	15931
I	37486	L	60	5	97	649	17022
I	37486	L	60	5	73	446	16655
I	37486	L	60	5	59	351	6914
I	37486	L	60	5	84	509	9343
I	37486	L	60	5	118	725	5798
I	37486	L	60	5	90	552	10680
I	37486	L	60	5	138	846	11067
I	37486	L	60	5	74	482	13898
I	37486	L	60	5	115	695	14487
I	37486	L	60	5	49	300	12524
I	37486	L	60	5	109	696	17739
I	37486	L	60	5	162	998	11068
I	37486	L	60	5	48	293	8160
I	37486	L	60	5	99	615	10610
I	37486	L	60	5	35	241	11164
I	37486	L	60	5	91	546	16177
I	37486	L	60	5	148	893	9008
I	37486	L	60	5	102	611	10080
I	37486	L	60	5	65	389	8788
I	37486	L	60	5	117	705	13424
I	37486	L	60	5	117	722	13158
I	37486	L	60	5	58	384	17229
I	37486	L	60	5	40	240	8020
I	37486	L	60	5	110	666	7994
I	37486	L	60	5	57	342	12221
I	37486	L	60	5	63	377	9933
I	37486	L	60	5	98	600	9576
I	37486	L	60	5	69	449	10929
I	37486	L	60	5	128	782	14202
I	37486	L	60	5	80	485	7134
I	37486	L	60	5	111	704	9193
I	37486	L	60	5	89	529	9451
I	37486	L	60	5	118	724	19259
I	37486	L	60	5	37	221	13172
I	37486	L	60	5	118	728	14551
I	37486	L	60	5	58	348	12950
I	37486	L	60	5	65	402	10864
I	37486	L	60	5	122	733	20102
I	37486	L	60	5	87	532	19640
I	37489	L	60	1	71	449	17852
I	37489	L	60	1	86	589	10333
I	37489	L	60	1	13	81	17032
I	37489	L	60	1	78	663	8718
I	37489	L	60	1	115	709	10050
I	247322	R	60	1879	2	7186	18944
I	361245	R	60	1182	3	6336	21741
I	1029648	R	60	1018	2	3491	15033
I	1997085	L	60	-282	3	4078	11231
I	2240161	R	60	614	2	5037	15795
I	2717920	R	60	990	2	8753	13781
I	3336064	R	60	4570	2	11087	31996
I	4171594	L	60	-691	3	4244	10581
I	4361819	L	60	-2518	3	13297	29116
I	4611415	L	60	-4714	2	12865	20509
I	4706760	L	60	-5791	4	16981	36713
I	5265978	L	60	-2638	2	13970	29887
I	5483583	L	60	-816	3	8322	19603
I	6422678	L	60	-220	2	16638	17255
I	6723265	R	60	122	2	5759	13258
I	7780967	R	60	1	97	656	22857
I	7780967	R	60	1	34	227	19702
I	7780967	R	60	1	102	635	19601
I	7780967	R	60	1	123	758	19708
I	7780967	R	60	1	39	239	25237
I	7780967	R	60	1	53	329	18473
I	7780967	R	60	1	106	659	18639
I	7780967	R	60	1	45	295	18163
I	7780967	R	60	1	124	750	18357
I	7780967	R	60	1	67	425	17914
I	7780967	R	60	1	95	616	17203
I	7780967	R	60	1	108	653	17243
I	7780967	R	60	1	48	289	16866
I	7780967	R	60	1	168	1083	17497
I	7780967	R	60	1	59	369	16545
I	7780967	R	60	1	45	282	16429
I	7780967	R	60	1	65	396	16523
I	7780967	R	60	1	105	669	16579
I	7780967	R	60	1	143	879	16668
I	7780967	R	60	1	25	157	15942
I	7780967	R	60	1	50	306	15392
I	7780967	R	60	1	64	436	14667
I	7780967	R	60	1	101	624	14824
I	7780967	R	60	1	55	462	14417
I	7780967	R	60	1	9	62	13865
I	7780967	R	60	1	75	486	14244
I	7780967	R	60	1	19	136	13730
I	7780967	R	60	1	113	694	14032
I	7780967	R	60	1	39	247	13296
I	7780967	R	60	8	64	422	13471
I	7780967	R	60	1	69	429	13351
I	7780967	R	60	1	85	532	12978
I	7780967	R	60	1	93	566	12859
I	7780967	R	60	1	54	343	12605
I	7780967	R	60	1	135	831	12854
I	7780967	R	60	1	54	362	12413
I	7780958	R	60	9	62	410	12339
I	7780960	R	60	4	68	470	12141
I	7780967	R	60	1	116	717	12442
I	7780967	R	60	1	67	415	12067
I	7780967	R	60	1	52	314	11667
I	7780967	R	60	1	85	523	11810
I	7780967	R	60	1	44	278	11563
I	7780967	R	60	1	119	803	11832
I	7780967	R	60	1	54	330	11099
I	7780967	R	60	1	63	389	11129
I	7780967	R	60	1	89	578	11286
I	7780967	R	60	1	133	841	11430
I	7780967	R	60	1	40	247	10550
I	7780967	R	60	1	76	504	10551
I	7780959	R	60	11	49	315	10275
I	7780967	R	60	1	69	420	10327
I	7780967	R	60	1	75	490	10330
I	7780967	R	60	1	125	761	10557
I	7780966	R	60	1	38	234	9937
I	7780967	R	60	1	36	227	9388
I	7780967	R	60	1	92	561	9185
I	7780967	R	60	1	141	944	9312
I	7780967	R	60	1	85	609	8912
I	7780967	R	60	1	55	337	8592
I	7780967	R	60	1	78	470	8581
I	7780967	R	60	1	85	517	8410
I	7780967	R	60	1	75	456	7868
I	7780967	R	60	1	74	448	7835
I	7780967	R	60	1	95	605	7497
I	7780967	R	60	1	87	528	7411
I	7780967	R	60	1	74	450	7197
I	7780967	R	60	1	45	277	6787
I	7780967	R	60	1	88	534	6823
I	7780967	R	60	1	69	436	6641
I	7780967	R	60	1	103	624	6492
I	7780967	R	60	1	112	701	6282
I	7780967	R	60	1	143	876	6408
I	7780967	R	60	1	64	390	5896
I	7780967	R	60	1	111	671	5811
I	7780967	R	60	1	68	415	5550
I	7780967	R	60	1	98	594	5694
I	7780967	R	60	1	82	498	5355
I	7780967	R	60	1	81	511	5324
I	7780967	R	60	1	139	845	5088
I	7792813	R	60	5824	66	10011	18927
I	7792813	R	60	5826	155	10578	18761
II	7276	R	60	998	86	1523	10736
II	7276	R	60	999	114	1700	11427
II	7276	R	60	997	133	1853	15552
II	12806	R	60	-4	131	817	19540
II	517	L	60	-715	3	10988	12035
II	7276	R	60	998	143	1894	15829
II	517	L	60	-715	4	13714	14967
II	12806	R	60	-4	69	475	16044
II	517	L	60	-714	2	10838	16171
II	7275	R	60	997	71	1424	14174
II	12806	R	60	-4	133	861	17743
II	7276	R	60	998	117	1728	13960
II	18599	R	60	3	26	168	16435
II	18433	R	60	7	140	916	16791
II	12806	R	60	4	159	1006	9987
II	12806	R	60	-4	95	571	8716
II	18599	R	60	3	61	372	14244
II	18599	R	60	3	105	676	14403
II	12806	R	60	-4	61	375	7958
II	12806	R	36	-4	150	936	6667
II	18599	R	25	3	88	536	11786
II	18267	R	19	15	94	738	11636
II	18433	R	16	3	100	664	10591
II	15777	R	10	3	94	578	5277
II	25351	R	60	2672	2	4720	19188
II	24189	R	1	2668	3	5171	14682
II	59988	L	60	-2501	2	8366	19483
II	187503	L	60	0	102	617	9578
II	187503	L	60	0	65	415	11238
II	187503	L	60	0	87	580	7167
II	187503	L	60	0	36	231	12276
II	187503	L	60	0	48	292	16133
II	187503	L	60	0	73	445	8146
II	187503	L	60	0	70	453	10589
II	187503	L	60	0	58	363	18346
II	187503	L	60	0	65	414	14415
II	187503	L	60	0	81	526	7983
II	187503	L	60	0	55	346	11915
II	187503	L	60	0	91	550	13286
II	187503	L	60	0	74	464	20702
II	187503	L	60	0	94	612	14594
II	187503	L	60	0	67	407	9868
II	187503	L	60	0	74	460	13537
II	187503	L	60	-9	50	335	19855
II	187503	L	60	0	117	723	11907
II	187503	L	60	0	81	525	16069
II	187503	L	60	0	56	340	8831
II	187503	L	60	0	76	471	13721
II	187503	L	60	0	84	531	13610
II	187503	L	60	0	97	599	8911
II	187503	L	60	0	59	391	14973
II	187503	L	60	0	42	267	5292
II	187503	L	60	0	86	625	8925
II	187503	L	60	0	55	346	18045
II	187503	L	60	0	93	568	8541
II	187503	L	60	0	44	293	12725
II	187503	L	60	0	96	581	11608
II	187503	L	60	0	189	1156	9588
II	187503	L	60	0	32	197	10683
II	187503	L	60	0	60	371	9852
II	187503	L	60	0	103	650	20232
II	187503	L	60	0	72	446	9818
II	187503	L	60	0	63	390	11749
II	187503	L	60	0	64	395	8893
II	187503	L	60	0	106	687	12813
II	187503	L	60	0	74	459	12477
II	187503	L	60	0	37	227	10841
II	187503	L	60	0	81	496	12681
II	187503	L	60	0	120	740	12731
II	187503	L	60	0	110	685	11893
II	187503	L	60	0	94	569	12014
II	187503	L	60	0	81	492	11967
II	187503	L	60	0	88	532	8058
II	187503	L	60	0	44	276	11056
II	187503	L	60	0	76	468	9549
II	187503	L	60	0	87	527	13488
II	187503	L	60	0	85	520	11204
II	187503	L	60	0	126	765	9894
II	187503	L	60	0	101	611	12489
II	187503	L	60	0	77	472	12507
II	187503	L	60	0	50	338	17316
II	187503	L	60	0	87	585	15167
II	187503	L	60	0	164	1011	14058
II	187503	L	60	0	123	763	11412
II	187503	L	60	0	85	533	11363
II	187503	L	60	0	32	210	9708
II	187503	L	60	0	50	305	9684
II	187503	L	60	0	62	372	6742
II	187503	L	60	0	95	597	17793
II	187503	L	60	0	81	495	5562
II	187503	L	60	0	78	478	6075
II	187503	L	60	0	92	577	6647
II	187503	L	60	0	103	648	12506
II	187503	L	60	0	78	473	16723
II	187503	L	60	0	58	360	8063
II	187503	L	60	0	50	325	22640
II	187504	L	60	-2	139	918	8093
II	187504	L	60	-2	71	448	10218
II	187506	L	60	-19	65	480	4782
II	187506	L	60	-6	91	645	7398
II	187509	L	60	-7	68	441	10056
II	187510	L	60	-8	88	643	12191
II	187510	L	60	-8	122	824	15662
II	188701	L	60	-6	66	408	12779
II	466186	L	60	-4132	3	8154	24224
II	1179542	R	60	1770	2	7177	25759
II	1709831	R	60	1685	2	6704	21154
II	2022479	R	60	318	2	6566	17775
II	2191616	L	60	-1476	2	6866	24044
II	2204807	R	0	818	125	1706	16867
II	2204807	R	0	818	96	1504	10036
II	2204807	R	0	818	112	1603	9961
II	2204807	R	0	818	142	1817	16400
II	2204807	R	0	820	188	2178	10555
II	2737996	R	60	4592	2	10302	23411
II	3055437	L	60	-1315	2	10260	27075
II	3170443	L	60	-3256	2	7591	27726
II	3719436	L	60	-2516	2	7784	11448
II	4506096	R	60	9212	2	16418	17495
II	4811148	R	60	2893	3	9346	21010
II	5127324	L	60	-2546	2	12149	26612
II	5681223	L	60	-305	4	10808	29130
II	6304208	R	60	4070	2	9750	19942
II	6336885	L	60	-7636	3	9636	23815
II	6567703	L	60	-1706	2	11222	30470
II	6580878	L	60	-275	2	3397	16702
II	6812348	R	60	1791	2	2684	8426
II	7047889	R	60	1071	2	1653	14867
II	7211821	L	60	-5221	2	8126	8422
II	7413282	L	60	-4339	2	12360	28837
II	8151853	R	0	2	160	977	12481
II	8144822	R	0	-3	277	1697	6140
II	8151857	R	0	-3	63	381	11584
II	8158884	R	0	3	87	538	18647
II	8148562	R	0	-2	96	580	8001
II	8151857	R	0	-3	208	1275	11379
II	8144822	R	0	-3	266	1654	4600
II	8151857	R	0	-3	155	932	10757
II	8151857	R	0	-3	113	697	10142
II	8151857	R	0	-3	297	1844	10653
II	8151857	R	0	-3	135	824	9606
II	8150232	R	0	1	106	647	7690
II	8158888	R	0	-3	164	1027	16710
II	8151857	R	0	-3	132	848	9296
II	8151857	R	0	-3	192	1185	9379
II	8151857	R	0	-3	168	1068	9330
II	8158888	R	1	-3	94	600	15691
II	8158888	R	0	-3	62	374	15310
II	8158888	R	0	-3	142	1059	15848
II	8151857	R	0	-3	196	1277	8817
II	8158888	R	0	-3	242	1594	15991
II	8151857	R	0	-3	230	1446	8292
II	8151857	R	0	-3	127	769	7089
II	8151857	R	0	-3	200	1212	6784
II	8172954	R	1	-3	125	762	20204
II	8158888	R	0	-3	107	681	6056
II	8172950	R	1	2	163	1030	18697
II	8172954	R	1	-3	57	344	13295
II	8172954	R	0	-3	109	671	13628
II	8172954	R	1	-3	21	128	12655
II	8165919	R	0	-3	140	850	5833
II	8172954	R	1	-3	65	399	12193
II	8172954	R	0	-3	126	765	12052
II	8172954	R	0	-3	72	451	11463
II	8172954	R	0	-3	232	1471	12439
II	8172954	R	0	-3	148	890	11816
II	8172954	R	0	-3	106	719	9729
II	8172953	R	0	-1	181	1257	9573
II	8172954	R	0	-3	125	764	8894
II	8172954	R	0	-3	134	983	8750
II	8172954	R	0	-3	118	724	8141
II	8172954	R	0	-3	143	892	8262
II	8172954	R	0	-3	138	889	7829
II	8172954	R	0	-3	142	871	7491
II	8172954	R	0	-3	46	279	6861
II	8172954	R	0	-3	73	438	6972
II	8172954	R	0	-3	169	1033	7443
II	8172954	R	0	-3	136	818	6922
II	8172954	R	0	-3	178	1096	6851
II	8172954	R	0	-3	69	416	5980
II	8172954	R	0	-3	109	731	6185
II	8172954	R	0	-3	160	987	5074
II	8172954	R	0	-3	195	1177	4411
III	10470	L	1	-2	10	3778	10453
III	23142	L	1	-2	10	3087	11471
III	23142	L	1	-2	9	1546	16562
III	24066	L	1	-2	10	3600	9414
III	61998	L	60	6	46	300	9411
III	61998	L	60	6	135	843	13133
III	61998	L	60	6	107	657	17553
III	61998	L	60	6	77	510	13527
III	61998	L	60	6	49	292	12188
III	61998	L	60	6	39	233	13052
III	61998	L	60	6	36	228	15458
III	61998	L	60	6	68	451	21738
III	61998	L	60	6	52	316	14487
III	61998	L	60	6	118	707	6345
III	61998	L	60	6	42	257	14085
III	61998	L	60	6	79	516	15840
III	61998	L	60	6	99	603	14362
III	61998	L	60	6	43	257	7084
III	61998	L	60	6	100	611	3346
III	61998	L	60	6	93	584	10872
III	61998	L	60	6	72	456	16053
III	61998	L	60	6	147	881	7183
III	61998	L	60	6	79	478	8540
III	61998	L	60	6	80	479	8493
III	61998	L	60	6	104	651	9594
III	61998	L	60	6	86	534	12085
III	61998	L	60	6	52	316	6421
III	61998	L	60	6	132	786	9721
III	61998	L	60	6	87	520	9732
III	61998	L	60	6	68	411	9047
III	61998	L	60	6	113	677	9871
III	61998	L	60	6	126	766	9031
III	61998	L	60	6	77	461	7954
III	61998	L	60	6	102	616	15584
III	61998	L	60	6	90	576	8513
III	61998	L	60	6	127	762	14759
III	61998	L	60	6	105	624	8404
III	61998	L	60	6	111	670	13482
III	61998	L	60	6	96	580	12174
III	61998	L	60	6	48	292	8684
III	61998	L	60	6	49	298	9188
III	61998	L	60	6	76	486	17953
III	61998	L	60	6	75	449	3032
III	61998	L	60	6	125	755	9436
III	61998	L	60	6	53	362	12589
III	61998	L	60	6	122	731	3868
III	61998	L	60	6	63	377	17742
III	61998	L	60	6	144	876	13535
III	61998	L	60	6	80	478	4047
III	61998	L	60	6	84	503	6210
III	61998	L	60	6	96	587	9328
III	61998	L	60	6	85	513	4545
III	61998	L	60	6	140	851	13608
III	61998	L	60	6	70	428	12496
III	61998	L	60	6	95	574	12128
III	61998	L	60	6	100	616	16177
III	61998	L	60	6	79	473	12404
III	61998	L	60	6	108	647	6049
III	61998	L	60	6	51	333	9292
III	61999	L	60	-2	85	533	14790
III	62000	L	60	-1	78	556	18929
III	62000	L	60	-1	125	781	11469
III	62005	L	60	-2	141	940	12023
III	62005	L	60	-2	151	1006	12428
III	62005	L	60	-2	82	555	12096
III	197882	R	60	4362	2	14617	14946
III	1342955	R	60	6736	3	11491	28028
III	1875001	L	60	-2167	2	9870	20598
III	2129240	L	60	-4874	2	10349	22211
III	2327842	L	60	-2338	3	7745	25730
III	2655534	L	60	-376	2	19396	19990
III	2899846	R	60	4071	2	8980	22585
III	2974755	R	60	6450	2	16131	35085
III	3370391	R	60	2085	2	9544	21481
III	3991302	R	60	2693	2	15166	17808
III	4726975	R	60	3831	2	8959	18716
III	4971358	L	60	-45	2	11013	22198
III	5438317	L	60	-668	3	11351	14583
III	5577897	L	60	-1890	2	9755	19779
III	6112115	L	60	-3115	4	13754	29277
III	6164316	L	60	-588	2	5872	19836
III	6352866	L	60	-1817	2	12301	28389
III	6405019	R	60	4778	2	11395	19345
III	6609734	L	60	-827	3	6640	18487
III	6693914	R	60	3076	3	9609	19556
III	6823705	L	60	-86	2	9321	20015
III	6897262	R	60	1205	2	13132	13495
III	7052313	R	60	0	10	65	24028
III	7052313	R	60	0	65	485	22470
III	7052305	R	60	7	58	396	18188
III	7052313	R	60	0	180	1217	18751
III	7052313	R	60	0	105	640	18143
III	7052313	R	60	0	31	191	16088
III	7052313	R	60	0	21	131	15731
III	7052313	R	60	0	69	434	15886
III	7052313	R	60	0	98	603	15682
III	7052313	R	60	0	95	668	15730
III	7052313	R	60	0	53	328	15018
III	7052313	R	60	0	27	166	14617
III	7052313	R	60	0	54	372	14703
III	7052313	R	60	0	45	290	13995
III	7052313	R	60	0	58	360	13822
III	7052313	R	60	0	50	304	13643
III	7052313	R	60	0	130	802	14088
III	7052313	R	60	0	76	456	13738
III	7052313	R	60	0	85	515	13267
III	7052313	R	60	0	97	592	12503
III	7052313	R	60	0	57	349	12015
III	7052313	R	60	0	124	786	12422
III	7052313	R	60	0	101	621	12099
III	7052313	R	60	0	90	563	11186
III	7052313	R	60	0	90	549	11129
III	7052313	R	60	0	129	786	10857
III	7052313	R	60	0	87	546	10604
III	7052309	R	60	5	102	672	10534
III	7052313	R	60	7	68	447	10320
III	7052313	R	60	0	41	251	9965
III	7052313	R	60	0	61	373	10066
III	7052313	R	60	0	86	523	9933
III	7052313	R	60	0	54	345	9757
III	7052313	R	60	0	68	413	10260
III	7052313	R	60	0	94	580	9804
III	7052313	R	60	0	65	400	9618
III	7052313	R	60	0	139	862	9974
III	7052313	R	60	0	54	330	9379
III	7052313	R	60	0	131	798	9823
III	7052313	R	60	0	89	542	9540
III	7052313	R	60	0	87	534	9441
III	7052313	R	60	0	46	288	9184
III	7052313	R	60	0	114	707	9232
III	7052313	R	60	0	111	749	9076
III	7052313	R	60	0	138	930	9258
III	7052313	R	60	0	74	450	8710
III	7052313	R	60	0	127	766	8053
III	7052313	R	60	0	60	365	7466
III	7052313	R	60	0	84	519	7503
III	7052313	R	60	0	116	739	7470
III	7052313	R	60	0	98	592	7237
III	7052313	R	60	0	123	752	7059
III	7052313	R	60	0	74	458	6587
III	7052313	R	60	0	63	382	6049
III	7052313	R	60	0	83	512	5860
III	7052313	R	60	0	100	610	5932
III	7052313	R	60	0	75	455	4722
III	7097632	R	60	-3	9	56	15871
III	7095219	R	1	-3	186	1145	7886
III	7102968	R	60	-3	144	889	12270
III	7097632	R	1	-3	109	662	10491
III	7097632	R	1	-3	93	581	8514
III	7097632	R	1	-3	226	1368	8745
III	7104591	R	60	9407	144	10346	19968
IV	1582	L	4	-3	84	536	10600
IV	1582	L	7	-3	145	912	9711
IV	1582	L	11	-3	110	667	11467
IV	1582	L	14	-3	102	618	11287
IV	2233	L	1	-3	150	918	7455
IV	60512	R	60	544	3	4562	7426
IV	59968	L	60	-4222	3	10034	11213
IV	60512	R	60	544	3	6025	12774
IV	59968	L	60	-4223	2	6212	12774
IV	60512	R	60	544	3	4995	9359
IV	73741	L	60	0	93	666	20957
IV	73741	L	60	0	41	251	9017
IV	73741	L	60	0	105	736	12256
IV	73741	L	60	0	45	283	17073
IV	73741	L	60	-5	10	69	16024
IV	73741	L	60	-10	58	368	9335
IV	73741	L	60	0	88	532	20016
IV	73741	L	60	0	55	334	14055
IV	73741	L	60	0	142	1032	19104
IV	73741	L	60	0	112	744	12577
IV	73741	L	60	0	105	691	22285
IV	73741	L	60	0	60	366	12845
IV	73741	L	60	0	99	621	7616
IV	73741	L	60	0	64	404	8156
IV	73741	L	60	0	61	401	19008
IV	73741	L	60	0	98	593	13926
IV	73741	L	60	0	69	438	9240
IV	73741	L	60	0	48	293	22647
IV	73741	L	60	0	65	395	11744
IV	73741	L	60	0	63	403	10751
IV	73741	L	60	0	70	424	12635
IV	73741	L	60	0	138	916	19283
IV	73741	L	60	0	54	327	11500
IV	73741	L	60	0	119	733	10894
IV	73741	L	60	0	75	583	16754
IV	73741	L	60	0	92	582	23188
IV	73741	L	60	0	57	349	9925
IV	73741	L	60	0	121	731	4762
IV	73741	L	60	0	104	629	16126
IV	73741	L	60	0	23	142	11932
IV	73741	L	60	0	72	463	11980
IV	73741	L	60	0	78	483	14078
IV	73741	L	60	0	47	297	9941
IV	73741	L	60	0	111	790	13650
IV	73741	L	60	0	67	407	7754
IV	73741	L	60	0	83	548	16974
IV	73741	L	60	0	94	586	9063
IV	73741	L	60	0	81	495	4095
IV	73741	L	60	0	67	411	13776
IV	73741	L	60	0	54	354	14029
IV	73741	L	60	0	28	168	11625
IV	73741	L	60	0	87	528	15404
IV	73741	L	60	0	85	520	18424
IV	73741	L	60	0	7	47	5163
IV	73741	L	60	0	70	424	10452
IV	73741	L	60	0	38	233	18527
IV	73741	L	60	0	144	879	10972
IV	73741	L	60	0	4	28	17953
IV	73741	L	60	0	95	585	5545
IV	73741	L	60	0	44	269	12920
IV	73741	L	60	-10	83	544	14305
IV	73741	L	60	0	94	598	10126
IV	73741	L	60	0	155	951	15486
IV	73741	L	60	0	96	676	17712
IV	73741	L	60	0	68	418	10867
IV	73741	L	60	0	100	605	12035
IV	73741	L	60	0	141	891	15565
IV	73741	L	60	0	58	353	14163
IV	73741	L	60	0	84	556	15917
IV	73741	L	60	0	142	862	8354
IV	73741	L	60	0	64	399	14383
IV	73741	L	60	0	40	246	14689
IV	73741	L	60	0	45	274	11068
IV	73741	L	60	0	132	805	13664
IV	73741	L	60	0	120	727	12387
IV	73742	L	60	-2	111	709	11238
IV	73754	L	60	-12	29	197	11556
IV	1173859	L	60	-3637	2	11307	27899
IV	1812674	R	60	1767	3	8548	18305
IV	1906104	L	60	-3523	2	10640	21318
IV	2323355	R	60	482	2	8888	20912
IV	2350929	L	60	-433	2	9601	20470
IV	3389591	R	60	928	3	15355	16234
IV	4559632	R	60	1256	4	11053	31445
IV	4556723	R	60	1846	2	12856	28256
IV	4617128	R	60	7330	2	10932	23884
IV	4988514	L	60	-2366	2	5551	15965
IV	5912861	L	60	-4222	2	8584	18460
IV	6137309	R	60	3570	2	4110	14474
IV	6516146	R	60	75	2	15909	21954
IV	6922014	L	60	-7478	2	10529	22243
IV	7438532	L	60	-3902	2	7631	18326
IV	7742190	R	60	4079	3	13580	28935
IV	7743151	R	60	3359	2	5698	13081
IV	7945777	R	60	5104	2	10412	23351
IV	8148398	L	60	-1210	6	12498	26159
IV	8294788	R	60	348	2	11211	24965
IV	8349528	R	60	0	94	580	22920
IV	8349528	R	60	0	66	465	21222
IV	8349528	R	60	0	36	220	20513
IV	8349525	R	60	6	79	485	20405
IV	8349528	R	60	0	26	161	19990
IV	8349525	R	60	0	50	318	19921
IV	8349528	R	60	0	106	652	18680
IV	8349528	R	60	0	41	305	18106
IV	8349528	R	60	0	104	677	18343
IV	8349528	R	60	0	63	383	17999
IV	8349528	R	60	0	73	541	17641
IV	8349528	R	60	0	136	842	17792
IV	8349526	R	60	4	58	438	17235
IV	8349528	R	60	0	100	611	17114
IV	8349528	R	60	0	34	209	16587
IV	8349528	R	60	0	51	382	16594
IV	8349528	R	60	0	48	288	16533
IV	8349528	R	60	0	51	317	16211
IV	8349528	R	60	0	74	469	15965
IV	8349528	R	60	0	104	692	15900
IV	8349528	R	60	0	118	754	14811
IV	8349528	R	60	0	42	252	14289
IV	8349528	R	60	9	23	166	14204
IV	8349528	R	60	0	27	167	14061
IV	8349528	R	60	0	31	191	13691
IV	8349526	R	60	1	95	674	14109
IV	8349528	R	60	0	106	647	13901
IV	8349528	R	60	0	38	228	13458
IV	8349528	R	60	0	98	599	13520
IV	8349528	R	60	0	76	468	12914
IV	8349528	R	60	0	79	484	12559
IV	8349528	R	60	5	28	177	11763
IV	8349528	R	60	0	68	432	11862
IV	8349528	R	60	0	45	275	11522
IV	8349528	R	60	0	71	426	11511
IV	8349528	R	60	0	43	276	11330
IV	8349528	R	60	0	122	736	11674
IV	8349528	R	60	0	171	1059	11934
IV	8349528	R	60	0	119	728	11432
IV	8349528	R	60	0	47	303	10858
IV	8349528	R	60	0	106	658	11073
IV	8349528	R	60	0	43	268	10615
IV	8349528	R	60	0	108	680	11039
IV	8349528	R	60	0	49	299	10567
IV	8349528	R	60	0	43	263	10318
IV	8349524	R	60	6	103	633	10084
IV	8349528	R	60	0	26	161	9353
IV	8349528	R	60	0	38	263	9371
IV	8349528	R	60	0	69	418	9473
IV	8349528	R	60	0	114	689	9688
IV	8349528	R	60	0	73	443	9345
IV	8349528	R	60	0	42	255	9097
IV	8349528	R	60	0	67	407	9191
IV	8349528	R	60	0	93	568	9041
IV	8349528	R	60	0	122	754	9137
IV	8349528	R	60	0	117	707	8831
IV	8349528	R	60	0	55	335	8092
IV	8349528	R	60	0	147	906	8643
IV	8349528	R	60	0	102	685	8310
IV	8349528	R	60	0	131	804	8405
IV	8349528	R	60	0	125	753	8348
IV	8349528	R	60	0	80	485	7696
IV	8349528	R	60	0	79	480	7256
IV	8349528	R	60	0	50	305	7009
IV	8349528	R	60	0	53	329	6993
IV	8349528	R	60	0	117	752	7206
IV	8349528	R	60	0	68	440	6497
IV	8349528	R	60	0	35	215	6216
IV	8349528	R	60	0	76	460	6347
IV	8349528	R	60	0	59	354	6132
IV	8349528	R	60	0	55	354	5835
IV	8349528	R	60	0	204	1251	6726
IV	8349528	R	60	0	109	658	5987
IV	8349528	R	60	0	122	732	5739
IV	8349528	R	60	0	67	407	4318
IV	8349528	R	60	0	85	552	3440
IV	8349528	R	60	0	84	516	3355
IV	8406815	R	1	4	105	679	15952
IV	8406818	R	1	-2	78	470	14544
IV	8406818	R	1	-2	114	697	14528
IV	8399846	R	1	-2	143	868	7361
IV	8406818	R	1	-2	223	14348	25989
IV	8406818	R	1	-2	144	891	12468
IV	8406811	R	1	4	97	601	11414
IV	8404323	R	1	2	97	613	7239
IV	8411300	R	1	-2	204	1295	14248
IV	8411300	R	1	-2	122	767	10559
V	1	L	60	-6403	129	7213	11844
V	1	L	60	-6396	116	7121	14825
V	1	L	60	-6396	189	7590	22227
V	1	L	60	-6397	55	6743	23020
V	1	L	60	-6400	107	7050	17938
V	1	L	60	-6395	144	7281	17979
V	1	L	60	-6396	102	7012	12520
V	1	L	60	-6415	129	7203	14523
V	1	L	60	-6408	64	6812	13955
V	1	L	60	-6401	138	7286	14306
V	38134	L	60	6	90	569	13452
V	38134	L	60	6	41	245	15167
V	38134	L	60	6	74	448	5891
V	38134	L	60	6	87	526	7686
V	38134	L	60	6	48	287	9469
V	38134	L	60	6	128	795	15647
V	38134	L	60	6	72	437	7977
V	38134	L	60	6	54	342	7774
V	38134	L	60	6	54	323	10032
V	38134	L	60	6	27	194	16119
V	38134	L	60	6	71	436	10598
V	38134	L	60	6	82	505	11154
V	38134	L	60	6	123	756	12896
V	38134	L	60	6	65	394	10800
V	38134	L	60	6	128	903	14761
V	38134	L	60	6	29	173	8011
V	38134	L	60	6	46	275	8011
V	38134	L	60	6	123	793	16256
V	38134	L	60	6	53	319	13983
V	38134	L	60	6	71	424	13710
V	38134	L	60	6	91	552	12383
V	38134	L	60	6	111	675	7837
V	38134	L	60	6	68	407	10603
V	38134	L	60	6	134	803	8766
V	38134	L	60	6	115	776	14837
V	38134	L	60	6	95	604	15308
V	38134	L	60	6	142	851	5109
V	38134	L	60	6	12	71	7843
V	38134	L	60	6	89	543	8503
V	38134	L	60	6	126	758	4081
V	38134	L	60	6	129	793	13541
V	38134	L	60	6	75	449	11619
V	38134	L	60	6	80	478	14792
V	38134	L	60	6	42	266	14081
V	38134	L	60	6	49	372	17210
V	38134	L	60	6	50	298	11104
V	38134	L	60	6	95	569	10838
V	38134	L	60	6	115	712	4964
V	38134	L	60	6	72	480	17910
V	38134	L	60	6	58	413	16156
V	38134	L	60	6	106	685	13545
V	38134	L	60	6	139	918	14965
V	38134	L	60	6	93	581	14545
V	38134	L	60	6	85	509	8368
V	38134	L	60	6	68	420	12698
V	38134	L	60	6	111	671	12924
V	38134	L	60	6	67	411	9357
V	38134	L	60	6	134	826	14028
V	38134	L	60	6	72	439	12441
V	38134	L	60	6	86	583	8672
V	38134	L	60	6	73	436	9370
V	38134	L	60	6	19	112	7916
V	38134	L	60	6	132	796	7054
V	38134	L	60	6	143	862	9430
V	38134	L	60	6	54	327	10935
V	38134	L	60	6	111	675	11716
V	38134	L	60	6	130	819	14645
V	38134	L	60	6	152	935	12910
V	38134	L	60	6	83	504	13121
V	38134	L	60	6	93	601	15972
V	38134	L	60	6	80	554	15434
V	38134	L	60	6	93	562	14518
V	38134	L	60	6	56	335	13025
V	38134	L	60	6	93	562	10941
V	38134	L	60	6	156	946	12987
V	38134	L	60	6	104	628	5916
V	38138	L	60	-6	78	577	14545
V	38140	L	60	-1	107	658	10425
V	38142	L	60	-1	93	607	9137
V	930663	R	60	3195	2	9161	20111
V	1056127	R	60	4095	2	16296	29281
V	1638579	R	60	5593	3	7872	16952
V	1818724	R	0	817	115	1633	10601
V	1818724	R	0	818	69	1339	9903
V	1818724	R	0	817	62	1309	6361
V	1904279	L	60	-1391	2	7846	19024
V	3193835	L	60	-6376	3	14420	33407
V	5585014	L	60	-4147	2	10687	13653
V	5855120	R	60	1493	2	11970	26180
V	5969911	L	60	-12288	2	16564	25197
V	6931755	R	60	522	2	4429	16305
V	6988866	R	60	0	88	546	20796
V	6988866	R	60	0	95	591	20835
V	6988866	R	60	0	85	529	20441
V	6988866	R	60	0	104	629	20523
V	6988865	R	60	2	53	325	19564
V	6988866	R	60	0	72	436	17591
V	6988866	R	60	0	126	788	17155
V	6988866	R	60	0	143	952	16893
V	6988866	R	60	0	50	305	15687
V	6988866	R	60	0	18	113	15265
V	6988866	R	60	0	63	383	15415
V	6988866	R	60	0	64	398	14952
V	6988866	R	60	0	76	461	14850
V	6988866	R	60	0	61	379	14511
V	6988866	R	60	5	99	607	14342
V	6988866	R	60	0	51	312	13869
V	6988866	R	60	0	57	352	13705
V	6988866	R	60	0	88	545	13552
V	6988866	R	60	0	56	347	13254
V	6988866	R	60	0	75	483	13388
V	6988866	R	60	5	138	842	13233
V	6988866	R	60	0	57	352	12556
V	6988866	R	60	0	111	677	12845
V	6988866	R	60	0	70	442	12536
V	6988866	R	60	0	135	813	12635
V	6988866	R	60	0	72	442	11986
V	6988866	R	60	0	98	596	12056
V	6988866	R	60	0	70	428	11483
V	6988866	R	60	0	61	379	11336
V	6988866	R	60	0	88	532	11091
V	6988866	R	60	0	90	545	10986
V	6988866	R	60	0	62	382	10814
V	6988866	R	60	0	73	450	10868
V	6988866	R	60	0	139	859	11248
V	6988866	R	60	0	38	232	10588
V	6988866	R	60	1	54	374	10633
V	6988866	R	60	0	94	564	10777
V	6988866	R	60	0	112	693	10474
V	6988866	R	60	0	92	557	10270
V	6988866	R	60	0	89	554	10253
V	6988866	R	60	0	74	459	9994
V	6988866	R	60	0	45	275	9574
V	6988866	R	60	0	81	505	9790
V	6988866	R	60	5	102	650	9747
V	6988866	R	60	0	48	293	9017
V	6988866	R	60	0	63	383	8664
V	6988866	R	60	0	95	580	8814
V	6988866	R	60	0	75	462	8399
V	6988866	R	60	0	80	492	8209
V	6988866	R	60	0	109	674	8387
V	6988864	R	60	1	61	434	7946
V	6988866	R	60	0	171	1099	8481
V	6988866	R	60	0	130	796	8018
V	6988866	R	60	0	68	413	7391
V	6988866	R	60	0	90	570	7209
V	6988866	R	60	0	29	179	6680
V	6988866	R	60	0	105	643	6106
V	6988864	R	60	4	92	580	5916
V	6988866	R	60	0	96	581	5822
V	6988866	R	60	0	58	349	5505
V	6988866	R	60	0	14	89	4758
V	6988866	R	60	0	43	266	4902
V	6988864	R	60	1	117	711	4590
V	6988866	R	60	0	79	474	3850
V	6988864	R	60	1	97	660	3932
V	7007620	R	11	6387	177	7523	12133
V	7007620	R	1	6386	75	6846	9796
V	7007614	R	53	3970	105	5481	8329
V	7007620	R	38	3793	56	4999	11569
V	7007620	R	20	848	165	1898	8741
V	7005585	L	20	-1219	3	4187	8741
V	7007620	R	30	3792	89	5202	12278
V	7007620	R	55	9344	70	10694	17632
V	7007614	R	1	3114	110	4695	7481
V	7007620	R	1	6386	54	6714	9920
X	2964	L	1	-2	45	276	15635
X	2964	L	1	-2	58	378	18690
X	2964	L	1	-2	59	361	12687
X	2964	L	1	-2	47	293	13071
X	2964	L	1	-2	131	811	13702
X	2964	L	2	-2	108	681	9746
X	2964	L	1	-2	94	606	11997
X	2964	L	1	-2	62	379	9302
X	2964	L	1	-2	15	96	11389
X	2964	L	1	-2	102	615	11217
X	2966	L	1	-2	151	944	17072
X	7286	L	12	-2	90	581	14808
X	38947	L	1	-2	59	368	21727
X	61939	L	1	-2	138	833	2938
X	142252	L	60	-1	50	331	15861
X	142252	L	60	-1	100	631	9057
X	142252	L	60	-1	97	602	19817
X	142252	L	60	-1	71	454	12481
X	142252	L	60	-1	85	527	8795
X	142252	L	60	-1	86	525	14466
X	142252	L	60	-1	67	410	6572
X	142252	L	60	-1	37	229	7552
X	142252	L	60	-1	83	551	20030
X	142252	L	60	-1	70	448	12440
X	142252	L	60	-1	129	823	19476
X	142252	L	60	-11	53	352	16041
X	142252	L	60	-1	71	447	9369
X	142252	L	60	-1	105	640	12274
X	142252	L	60	-1	137	857	16750
X	142252	L	60	-1	91	600	7218
X	142252	L	60	-1	98	631	9635
X	142252	L	60	-1	153	977	9916
X	142252	L	60	-1	50	311	8336
X	142252	L	60	-1	40	246	9881
X	142252	L	60	-1	83	514	11902
X	142252	L	60	-1	58	365	11815
X	142252	L	60	-1	136	893	13704
X	142252	L	60	-1	108	652	9428
X	142252	L	60	-1	142	896	15642
X	142252	L	60	-1	87	547	18769
X	142252	L	60	-1	115	757	18643
X	142252	L	60	-1	128	804	16472
X	142252	L	60	-1	117	720	11061
X	142252	L	60	-1	78	469	12737
X	142252	L	60	-1	121	783	10881
X	142252	L	60	-1	80	502	8698
X	142252	L	60	-1	165	1023	14395
X	142252	L	60	-1	44	285	20870
X	142252	L	60	-1	91	551	11853
X	142252	L	60	-1	86	527	9174
X	142252	L	60	-1	28	175	10549
X	142252	L	60	-1	146	1010	13068
X	142252	L	60	-1	52	325	10326
X	142252	L	60	-1	123	749	9060
X	142252	L	60	-1	118	737	8464
X	142252	L	60	-1	91	564	6591
X	142252	L	60	-1	118	734	18428
X	142252	L	60	-1	180	1117	12063
X	142252	L	60	-1	95	583	10412
X	142252	L	60	-1	139	840	14178
X	142252	L	60	-1	145	882	5392
X	142252	L	60	-1	61	385	6028
X	142252	L	60	-1	69	443	6437
X	142252	L	60	-1	78	482	12539
X	142252	L	60	-1	82	498	14841
X	142252	L	60	-1	79	480	12826
X	142252	L	60	-1	62	393	4017
X	142253	L	60	-6	62	408	15343
X	142253	L	60	-1	115	725	9847
X	142254	L	60	-4	64	399	10814
X	142259	L	60	-14	69	487	9532
X	370291	R	60	1140	3	14308	21684
X	413905	L	60	-1530	3	8417	22703
X	804702	L	60	-8698	2	11208	22724
X	1056563	R	60	3784	2	4975	14595
X	1386670	R	48	5722	4	9144	19300
X	1709403	R	60	709	2	1925	4521
X	1997805	L	60	-205	2	6870	17180
X	2337531	R	60	5	57	401	22238
X	2337534	R	60	-5	155	958	21060
X	2337534	R	60	-5	96	608	20512
X	2337528	R	60	17	131	820	18864
X	2337534	R	60	-5	92	571	18568
X	2337534	R	60	-5	61	390	17813
X	2337534	R	60	-5	108	653	17932
X	2337534	R	60	-5	179	1102	17812
X	2337534	R	60	-5	203	1288	17824
X	2337534	R	60	-5	77	477	17038
X	2337534	R	60	-5	91	578	16717
X	2337526	R	60	4	96	626	16047
X	2337534	R	60	-5	96	658	15990
X	2337534	R	60	-5	85	515	15210
X	2337534	R	60	-5	85	510	15194
X	2337534	R	60	-5	76	482	14123
X	2337530	R	60	5	113	819	14227
X	2337534	R	60	-5	79	481	13803
X	2337534	R	60	-5	153	965	13914
X	2337526	R	60	4	104	642	13373
X	2337534	R	60	-5	79	501	12810
X	2337534	R	60	-5	73	451	12626
X	2337534	R	60	-5	86	525	12358
X	2337528	R	60	2	135	825	12533
X	2337534	R	60	-5	25	150	11851
X	2337534	R	60	-5	101	624	11585
X	2337534	R	60	-5	98	607	11537
X	2337534	R	60	-5	136	843	11632
X	2337527	R	60	1	117	797	11422
X	2337534	R	60	-5	94	561	11088
X	2337534	R	60	-5	105	636	11144
X	2337534	R	60	-5	45	275	10557
X	2337534	R	60	-5	86	520	10763
X	2337534	R	60	-5	141	842	10893
X	2337534	R	60	-5	9	54	10078
X	2337523	R	60	7	130	1022	11024
X	2337534	R	60	-5	28	163	10122
X	2337534	R	60	-5	191	1196	10957
X	2337527	R	60	11	105	898	10514
X	2337534	R	60	-5	116	711	10268
X	2337527	R	60	1	61	389	9909
X	2337534	R	60	-5	167	1078	10470
X	2337534	R	60	-5	113	683	10012
X	2337534	R	60	-5	182	1114	10437
X	2337534	R	60	-5	130	810	9874
X	2337534	R	60	-5	138	892	9665
X	2337534	R	60	-5	92	561	9067
X	2337534	R	60	-5	139	843	9324
X	2337534	R	60	-5	95	570	8487
X	2337534	R	60	-5	67	419	8291
X	2337534	R	60	-5	94	586	7905
X	2337534	R	60	-5	69	428	7683
X	2337534	R	60	-5	84	504	7715
X	2337534	R	60	-5	57	358	7634
X	2337534	R	60	-5	118	719	7811
X	2337534	R	60	-5	64	384	7291
X	2337534	R	60	-5	70	420	6871
X	2337534	R	60	-5	72	432	5569
X	2337534	R	60	-5	133	803	5829
X	2337534	R	60	-5	91	553	5131
X	2337534	R	60	-5	81	490	4545
X	2337541	L	60	-4	53	341	12751
X	2434253	L	60	1	59	358	8166
X	2434254	L	60	-1	108	681	9899
X	2434254	L	60	-1	71	438	6861
X	2434254	L	60	-1	129	835	12797
X	2434254	L	60	-2	86	553	18792
X	2434254	L	60	-1	98	599	14333
X	2434254	L	60	-8	145	1016	12740
X	2434254	L	60	-1	59	378	15953
X	2434254	L	60	-1	79	485	8043
X	2434254	L	60	-1	66	403	10784
X	2434254	L	60	-1	63	384	15947
X	2434254	L	60	-1	102	630	15184
X	2434254	L	60	-1	65	405	13077
X	2434254	L	60	-1	111	766	16960
X	2434254	L	60	-1	164	1093	7401
X	2434254	L	60	-1	66	408	11846
X	2434254	L	60	-1	117	738	19331
X	2434254	L	60	-1	96	578	16676
X	2434254	L	60	-10	171	1309	14680
X	2434254	L	60	-1	113	712	12444
X	2434254	L	60	-1	72	456	22602
X	2434254	L	60	-1	125	770	5956
X	2434254	L	60	-1	118	719	8263
X	2434254	L	60	-1	91	555	4048
X	2434254	L	60	-1	113	718	10507
X	2434254	L	60	-1	156	964	6192
X	2434254	L	60	-1	62	373	5707
X	2434254	L	60	-1	90	562	10503
X	2434254	L	60	-1	112	726	15634
X	2434254	L	60	-1	155	944	6403
X	2434254	L	60	-1	82	498	5793
X	2434254	L	60	-1	87	559	4277
X	2434254	L	60	-1	87	532	10595
X	2434254	L	60	-1	105	655	18279
X	2434254	L	60	-1	115	735	19661
X	2434254	L	60	-1	110	682	16561
X	2434254	L	60	-1	48	321	17175
X	2434254	L	60	-1	145	899	7021
X	2434254	L	60	-1	102	646	17001
X	2434254	L	60	-1	115	696	14647
X	2434254	L	60	-1	93	575	15957
X	2434254	L	60	-1	48	296	8552
X	2434254	L	60	-1	109	659	12413
X	2434254	L	60	-1	136	827	8570
X	2434254	L	60	-1	112	676	9287
X	2434254	L	60	-1	57	350	11524
X	2434254	L	60	-1	97	588	7282
X	2434254	L	60	-1	54	337	19959
X	2434254	L	60	-1	71	433	10506
X	2434254	L	60	-1	54	330	8545
X	2434254	L	60	-1	136	847	14256
X	2434254	L	60	-1	115	701	16772
X	2434254	L	60	-1	129	786	10160
X	2434254	L	60	-1	27	168	12798
X	2434254	L	60	-1	74	505	12313
X	2434254	L	60	-1	69	416	10289
X	2434254	L	60	-1	81	575	16508
X	2434254	L	60	-1	128	913	7229
X	2434254	L	60	-1	80	506	15611
X	2434254	L	60	-1	77	488	18396
X	2434254	L	60	-1	90	546	5602
X	2434254	L	60	-1	112	684	12218
X	2434254	L	60	-1	122	773	16652
X	2434256	L	60	-6	56	422	22023
X	2434256	L	60	2	85	532	16830
X	2434257	L	60	-3	51	382	13967
X	2434261	L	60	-11	102	710	17979
X	2434261	L	60	-7	101	622	19197
X	2434262	L	60	-10	46	323	12140
X	2434263	L	60	-9	50	320	9631
X	2434263	L	60	-8	44	289	6647
X	2706046	L	60	-2914	2	11992	24405
X	3006359	R	60	4659	2	5030	11845
X	3054287	R	60	1860	2	8572	19552
X	3223918	R	60	862	2	3782	7620
X	4766409	R	60	-1	37	227	21201
X	4766409	R	60	-1	60	386	18413
X	4766409	R	60	-1	87	571	18344
X	4766409	R	60	-1	108	652	18170
X	4766409	R	60	-1	49	303	17110
X	4766409	R	60	-1	76	476	17021
X	4766409	R	60	-1	99	606	16707
X	4766409	R	60	-1	44	278	16218
X	4766407	R	60	2	51	315	16171
X	4766409	R	60	-1	67	402	16238
X	4766409	R	60	-1	107	668	16311
X	4766409	R	60	-1	59	363	15986
X	4766406	R	60	1	100	751	16168
X	4766409	R	60	-1	59	358	15461
X	4766409	R	60	-1	188	1136	16212
X	4766409	R	60	-1	87	547	15338
X	4766409	R	60	-1	135	847	15541
X	4766403	R	60	-2	41	279	14885
X	4766409	R	60	-1	87	539	14539
X	4766409	R	60	-1	78	472	14364
X	4766409	R	60	-1	47	284	12807
X	4766409	R	60	-1	112	684	13166
X	4766409	R	60	-1	60	372	12890
X	4766409	R	60	-1	111	666	12296
X	4766409	R	60	-1	52	321	11857
X	4766409	R	60	-1	51	384	11433
X	4766409	R	60	-1	138	842	11879
X	4766409	R	60	-1	86	587	11588
X	4766409	R	60	9	32	218	10634
X	4766409	R	60	-1	163	1037	11356
X	4766409	R	60	-1	69	426	10516
X	4766409	R	60	-1	90	548	10615
X	4766409	R	60	-1	58	354	10381
X	4766409	R	60	-1	101	658	9999
X	4766409	R	60	-1	44	268	8804
X	4766409	R	60	-1	13	82	8510
X	4766409	R	60	-1	50	477	8867
X	4766409	R	60	-1	108	659	8911
X	4766409	R	60	-1	132	797	8712
X	4766409	R	60	-1	97	613	7828
X	4766409	R	60	-1	106	640	7810
X	4766409	R	60	-1	73	444	7488
X	4766409	R	60	-1	94	568	7480
X	4766409	R	60	-1	112	687	6958
X	4766409	R	60	-1	72	435	6661
X	4766409	R	60	-1	115	723	6447
X	4766409	R	60	-1	25	154	4962
X	4766409	R	60	-1	83	507	5297
X	4766409	R	60	-1	155	949	3379
X	4778739	L	60	0	89	561	11818
X	4778739	L	60	0	40	245	12397
X	4778739	L	60	0	63	404	8854
X	4778739	L	60	0	56	364	10178
X	4778739	L	60	0	59	363	12011
X	4778739	L	60	0	54	466	6008
X	4778739	L	60	0	46	276	11302
X	4778739	L	60	-5	130	875	9590
X	4778739	L	60	0	133	895	7897
X	4778739	L	60	0	80	485	11842
X	4778739	L	60	0	79	499	7736
X	4778739	L	60	0	48	293	15388
X	4778739	L	60	0	83	509	13400
X	4778739	L	60	0	72	455	21819
X	4778739	L	60	0	81	507	12084
X	4778739	L	60	0	165	1007	12576
X	4778739	L	60	0	58	373	14236
X	4778739	L	60	0	73	484	9808
X	4778739	L	60	0	98	610	7206
X	4778739	L	60	0	108	651	5643
X	4778739	L	60	0	109	654	13787
X	4778739	L	60	0	115	718	11671
X	4778739	L	60	0	130	806	14986
X	4778739	L	60	0	88	533	5317
X	4778739	L	60	0	120	735	5160
X	4778739	L	60	0	103	618	7266
X	4778739	L	60	0	103	654	13130
X	4778739	L	60	0	109	677	8313
X	4778739	L	60	0	131	791	6878
X	4778739	L	60	0	48	305	13643
X	4778739	L	60	0	88	551	13176
X	4778739	L	60	0	114	694	12487
X	4778739	L	60	0	88	528	6758
X	4778739	L	60	0	83	506	15654
X	4778739	L	60	0	124	746	12585
X	4778739	L	60	0	68	419	12999
X	4778739	L	60	0	144	874	6567
X	4778739	L	60	0	149	909	8305
X	4778739	L	60	0	153	933	11837
X	4778739	L	60	0	124	788	11271
X	4778739	L	60	0	83	503	11700
X	4778739	L	60	0	134	867	17235
X	4778739	L	60	0	86	517	6014
X	4778739	L	60	0	152	932	8667
X	4778739	L	60	0	114	684	10716
X	4778739	L	60	0	71	458	11690
X	4778739	L	60	0	100	604	10317
X	4778739	L	60	0	96	581	12471
X	4778739	L	60	0	89	556	11016
X	4778739	L	60	0	63	400	11221
X	4778739	L	60	0	166	1022	12313
X	4778739	L	60	0	65	394	8242
X	4778739	L	60	0	87	532	16825
X	4778739	L	60	0	101	693	16728
X	4778739	L	60	0	97	591	16020
X	4778739	L	60	0	98	600	10979
X	4778739	L	60	0	80	485	11981
X	4778739	L	60	0	85	519	13418
X	4778739	L	60	0	87	532	9393
X	4778739	L	60	0	94	569	6293
X	4778739	L	60	0	54	329	19465
X	4778739	L	60	0	28	173	4984
X	4778739	L	60	0	139	842	6466
X	4778739	L	60	0	48	293	14097
X	4778739	L	60	-1	102	648	6727
X	4778740	L	60	-5	26	190	7809
X	4778740	L	60	-3	53	352	11733
X	4778741	L	60	-5	63	393	16299
X	4778747	L	60	-7	71	437	13325
X	4836082	R	60	7365	2	12373	26411
X	5412167	L	60	-1839	3	10057	14523
X	5558104	R	60	1353	2	6925	23283
X	5924499	L	60	-1573	2	9125	20101
X	6204906	R	60	1383	2	6661	14513
X	6888033	L	60	-814	2	10216	16261
X	7284009	L	60	-371	2	7973	21069
X	7588368	L	60	-2582	2	11684	26724
X	7641896	R	60	479	3	9348	19162
X	7696484	L	60	-2180	3	8200	19858
X	7865933	R	60	1154	3	10603	24672
X	9216275	R	60	-4	87	534	25582
X	9216275	R	60	-4	186	1207	24009
X	9216275	R	60	-4	102	639	22814
X	9216275	R	60	-4	83	541	20506
X	9216275	R	60	-4	42	254	19339
X	9216275	R	60	-4	48	344	19265
X	9216275	R	60	-4	91	548	18686
X	9216275	R	60	-4	101	637	18340
X	9216275	R	60	-4	97	596	18116
X	9216275	R	60	-4	96	688	18155
X	9216275	R	60	-4	11	66	17307
X	9216273	R	60	3	45	283	17020
X	9216275	R	60	-4	86	558	17250
X	9216275	R	60	-4	59	374	16650
X	9216275	R	60	-4	103	626	16845
X	9216275	R	60	-4	78	474	16235
X	9216275	R	60	-4	96	592	15601
X	9216275	R	60	-4	55	341	13961
X	9216273	R	60	-1	69	464	14074
X	9216275	R	60	-4	80	513	13963
X	9216275	R	60	-4	92	577	13851
X	9216275	R	60	-4	124	764	13907
X	9216272	R	60	-2	60	367	13505
X	9216275	R	60	-4	66	415	13582
X	9216275	R	60	-4	131	841	13740
X	9216275	R	60	-4	88	542	13198
X	9216273	R	60	-1	82	513	13088
X	9216275	R	60	-4	129	771	13106
X	9216275	R	60	-4	69	422	12545
X	9216275	R	60	-4	70	432	12531
X	9216275	R	60	-4	45	267	11961
X	9216275	R	60	-4	57	433	12055
X	9216275	R	60	-4	82	498	11886
X	9216275	R	60	-4	91	561	11660
X	9216275	R	60	-4	89	540	11626
X	9216275	R	60	-4	94	575	11362
X	9216275	R	60	-4	118	725	11489
X	9216275	R	60	-4	75	461	11128
X	9216275	R	60	-4	71	441	11095
X	9216275	R	60	-4	126	786	11396
X	9216275	R	60	-4	72	441	10930
X	9216275	R	60	-4	103	632	10970
X	9216275	R	60	-4	62	372	10239
X	9216273	R	60	-1	64	389	9821
X	9216275	R	60	-4	144	890	10256
X	9216275	R	60	-4	118	768	10098
X	9216275	R	60	-4	63	395	9634
X	9216275	R	60	-4	89	545	9706
X	9216275	R	60	-4	56	396	9568
X	9216275	R	60	-4	79	480	9562
X	9216275	R	60	-4	126	765	9844
X	9216275	R	60	-4	68	434	9463
X	9216275	R	60	-4	68	427	9402
X	9216275	R	60	-4	74	445	9232
X	9216275	R	60	-4	76	498	8785
X	9216275	R	60	-4	126	756	8740
X	9216275	R	60	-4	83	499	8451
X	9216275	R	60	-4	11	64	8016
X	9216275	R	60	-4	109	695	8487
X	9216275	R	60	-4	123	755	7693
X	9216275	R	60	-4	107	648	7546
X	9216275	R	60	-4	102	663	6539
X	9216276	R	60	0	88	533	5900
X	9216276	R	60	0	56	341	5622
X	9216275	R	60	3	120	750	5900
X	9216275	R	60	-4	122	753	5820
X	9216275	R	60	-4	95	571	4630
X	9216275	R	60	-4	96	577	4449
X	9216275	R	60	-4	85	511	3989
X	9239004	R	60	2	11	73	17544
X	9239004	R	60	2	146	900	18591
X	9239004	R	60	2	120	773	20182
X	9239004	R	60	2	38	234	15564
X	9239004	R	60	2	124	752	15954
X	9239004	R	60	2	261	1682	16814
X	9242543	R	60	841	126	1700	19141
X	9239004	R	60	9	112	710	13380
X	9242543	R	60	840	109	1598	17730
X	9239004	R	60	7	92	644	10118
X	9242543	R	60	846	178	1964	15020
X	9242543	R	60	850	100	1507	9999
X	9242543	R	60	841	150	1777	10185
X	9242543	R	60	848	56	1205	8202
X	9242543	R	60	843	155	1852	8797
X	9242543	R	60	841	58	1193	5476
