I	81	L	60	4	15	94	7238
I	81	L	60	4	25	156	10690
I	81	L	60	4	5	50	15466
I	81	L	60	4	43	280	18515
I	81	L	60	4	8	49	8995
I	81	L	60	4	49	334	16542
I	81	L	60	4	4	25	14941
I	81	L	60	4	28	164	9884
I	81	L	60	4	67	438	15733
I	81	L	60	4	39	254	11440
I	81	L	60	4	52	357	16187
I	81	L	60	-1	11	82	15079
I	81	L	60	4	15	91	7615
I	81	L	60	4	33	211	11848
I	81	L	60	-9	2	26	14031
I	81	L	1	4	1485	9502	11181
I	81	L	60	4	65	395	8750
I	81	L	60	4	14	85	14712
I	81	L	1	4	722	4725	6402
I	81	L	60	4	28	200	13932
I	81	L	60	4	41	247	14547
I	81	L	60	4	21	128	14672
I	81	L	60	4	21	127	12284
I	81	L	60	4	33	212	13832
I	81	L	60	4	45	284	9534
I	81	L	60	4	34	207	6699
I	81	L	60	4	33	199	23014
I	81	L	60	4	26	156	15400
I	81	L	60	4	115	710	7994
I	81	L	60	4	46	277	11766
I	81	L	60	-1	32	197	12132
I	81	L	60	4	26	162	9723
I	81	L	60	4	32	207	11148
I	81	L	60	4	75	466	15204
I	81	L	60	4	3	19	7729
I	81	L	60	4	83	528	14708
I	81	L	60	4	35	211	10504
I	81	L	60	4	90	578	22022
I	81	L	60	4	28	192	14103
I	81	L	60	4	15	90	19525
I	81	L	60	4	54	323	8359
I	81	L	60	4	47	285	9231
I	81	L	60	4	14	88	14850
I	81	L	60	4	200	1297	12260
I	81	L	60	4	23	136	10347
I	81	L	60	4	58	354	18346
I	81	L	60	4	13	84	19423
I	81	L	60	4	44	260	6780
I	81	L	60	4	34	205	5387
I	81	L	60	4	59	370	12219
I	81	L	60	4	74	467	15009
I	81	L	60	4	15	86	11234
I	81	L	60	4	30	186	16628
I	81	L	60	4	27	161	10143
I	81	L	60	4	197	1312	11857
I	81	L	60	4	86	534	8900
I	81	L	60	4	98	756	18441
I	81	L	60	4	46	285	12827
I	81	L	60	4	59	360	13887
I	81	L	60	4	38	229	16578
I	81	L	60	4	55	331	11204
I	81	L	60	4	50	311	18279
I	81	L	60	4	57	352	9183
I	81	L	60	4	4	25	17851
I	81	L	60	4	35	206	11815
I	81	L	60	4	60	361	9295
I	81	L	60	4	80	491	5959
I	81	L	60	4	8	49	17339
I	81	L	60	4	4	20	11767
I	81	L	60	4	53	324	9393
I	81	L	60	4	10	61	11589
I	81	L	60	4	107	645	12754
I	81	L	60	4	28	173	13048
I	81	L	60	4	90	600	12514
I	81	L	60	4	111	710	14047
I	90	L	60	-3	100	650	9518
I	92	L	60	4	74	478	10221
I	92	L	60	4	114	766	17881
I	92	L	60	4	39	252	11762
I	97	L	60	-2	26	184	21731
I	104	L	60	-8	134	959	10373
I	484	L	60	-1866	1686	12138	12817
I	484	L	60	-1869	1794	12987	22519
I	484	L	60	-1866	1115	8778	12449
I	484	L	60	-1872	2083	15296	17072
I	484	L	60	-1872	1362	10452	11774
I	484	L	60	-1867	2303	16098	16984
I	9537	L	60	3	55	340	12093
I	1151578	L	60	-1564	2	11516	32462
I	1172968	L	60	-5355	2	10523	10778
I	2491506	L	60	-3616	2	9937	22943
I	3503571	R	60	488	2	1817	6261
I	3666347	L	60	-2782	2	3417	8018
I	4308085	R	60	83	3	7569	15278
I	4624318	L	60	-619	3	9712	27292
I	5374252	R	60	1928	2	8614	19826
I	5960858	L	60	-6283	2	9759	20188
I	6091210	L	60	-7328	2	10307	23498
I	7498558	L	60	-5868	2	7874	9054
I	9757431	R	60	-6	6	35	21147
I	9757431	R	60	-6	122	754	21357
I	9757429	R	60	6	62	411	19980
I	9757422	R	60	-2	72	446	18780
I	9757431	R	60	-6	42	251	18303
I	9757431	R	60	-6	68	414	18341
I	9757431	R	60	-6	70	466	18387
I	9757431	R	60	-6	87	534	18279
I	9757431	R	60	-6	80	514	17718
I	9757431	R	60	-6	38	236	17400
I	9757431	R	60	-6	37	226	16764
I	9757431	R	60	-6	42	261	16275
I	9757431	R	60	-6	41	247	15930
I	9757431	R	60	-6	119	762	15935
I	9757431	R	60	-6	69	412	15360
I	9757431	R	60	-6	61	387	15310
I	9757431	R	60	-6	64	393	15247
I	9757431	R	60	-6	35	236	15103
I	9757431	R	60	-6	47	281	15077
I	9757431	R	60	-6	95	569	15302
I	9757431	R	60	-6	41	245	14927
I	9757431	R	60	-6	47	281	14787
I	9757431	R	60	-6	100	606	15102
I	9757431	R	60	-6	134	808	15099
I	9757426	R	60	-2	72	458	14638
I	9757431	R	60	-6	58	352	14481
I	9757431	R	60	-6	62	396	14386
I	9757431	R	60	-6	81	484	14392
I	9757431	R	60	-6	79	520	14340
I	9757431	R	60	-6	78	467	14203
I	9757431	R	60	-6	58	347	13903
I	9757431	R	60	-6	108	785	14311
I	9757431	R	60	-6	77	467	13839
I	9757431	R	60	-6	228	1453	14742
I	9757427	R	60	-1	105	664	13535
I	9757431	R	60	-6	107	641	13502
I	9757431	R	60	-6	88	573	13480
I	9757431	R	60	-6	30	184	13042
I	9757431	R	60	-6	44	263	13100
I	9757426	R	60	3	73	491	13261
I	9757431	R	60	-6	42	252	12975
I	9757431	R	60	-6	74	454	13148
I	9757431	R	60	-6	69	438	13082
I	9757431	R	60	-6	69	409	13037
I	9757431	R	60	-6	101	602	13163
I	9757431	R	60	-6	101	667	13212
I	9757431	R	60	-6	116	707	13210
I	9757431	R	60	-6	31	207	12539
I	9757431	R	60	-6	120	719	13025
I	9757431	R	60	-6	142	856	13110
I	9757431	R	60	-6	46	307	12589
I	9757431	R	60	-6	78	462	12620
I	9757431	R	60	-6	72	449	12559
I	9757431	R	60	-6	66	405	12363
I	9757426	R	60	13	34	229	12143
I	9757431	R	60	-6	67	401	12267
I	9757431	R	60	-6	97	578	12408
I	9757431	R	60	-6	74	443	12242
I	9757431	R	60	-6	136	835	12623
I	9757431	R	60	-6	32	191	11918
I	9757431	R	60	-6	48	304	12066
I	9757431	R	60	-6	114	689	12279
I	9757431	R	60	-6	47	286	11791
I	9757431	R	60	-6	183	1129	12607
I	9757431	R	60	-6	120	758	12187
I	9757431	R	60	-6	48	294	11493
I	9757431	R	60	-6	106	646	11816
I	9757431	R	60	-6	62	376	11545
I	9757431	R	60	-6	83	497	11605
I	9757426	R	60	-2	75	486	11734
I	9757431	R	60	-6	13	77	11059
I	9757421	R	60	8	94	632	11603
I	9757431	R	60	-6	95	570	11500
I	9757431	R	60	-6	91	543	11404
I	9757431	R	60	-6	107	642	11462
I	9757431	R	60	-6	41	245	10992
I	9757431	R	60	-6	108	647	11375
I	9758719	R	60	313	52	634	12624
I	9757431	R	60	-6	94	580	11259
I	9757431	R	60	-6	62	371	10990
I	9757431	R	60	-6	93	584	11189
I	9757431	R	60	-6	77	483	11047
I	9757431	R	60	-6	27	188	10739
I	9757431	R	60	-6	66	395	10911
I	9757431	R	60	-6	51	305	10798
I	9757431	R	60	-6	66	395	10826
I	9757431	R	60	-6	109	653	10962
I	9757431	R	60	-6	85	509	10808
I	9757427	R	60	-1	61	382	10668
I	9757431	R	60	-6	40	239	10379
I	9757423	R	60	1	42	263	10242
I	9757431	R	60	-6	112	671	10644
I	9757431	R	60	-6	77	466	10362
I	9757431	R	60	-6	117	705	10465
I	9757431	R	60	-6	63	377	10112
I	9757431	R	60	-6	52	318	10041
I	9757431	R	60	-6	79	480	10159
I	9757431	R	60	-6	86	522	10147
I	9757431	R	60	-6	91	554	10178
I	9757431	R	60	-6	55	329	9950
I	9757431	R	60	-6	121	791	10342
I	9757431	R	60	-6	80	479	9908
I	9757431	R	60	-6	92	600	10005
I	9757431	R	60	-6	110	654	9961
I	9757431	R	60	-6	28	167	9382
I	9757431	R	60	-6	48	287	9498
I	9757431	R	60	-6	59	353	9556
I	9757431	R	60	-6	119	722	9910
I	9757431	R	60	-6	108	657	9798
I	9757431	R	60	-6	91	550	9684
I	9757431	R	60	-6	99	600	9498
I	9757431	R	60	-6	149	1021	9838
I	9758719	R	60	314	55	651	10579
I	9758719	R	60	313	87	868	10794
I	9757431	R	60	-6	116	700	9147
I	9757431	R	60	-6	80	479	8827
I	9757431	R	60	-6	16	95	8437
I	9757426	R	60	-2	104	676	9055
I	9757431	R	60	-6	91	545	8748
I	9757431	R	60	-6	61	422	8425
I	9757431	R	60	-6	87	526	8502
I	9757431	R	60	-6	135	816	8767
I	9757431	R	60	-6	107	655	8443
I	9757431	R	60	-6	99	593	8340
I	9757431	R	60	-6	163	994	8740
I	9757431	R	60	-6	52	317	7999
I	9757431	R	60	-6	146	904	8514
I	9757431	R	60	-6	129	773	8283
I	9757431	R	60	-6	79	500	7807
I	9757431	R	60	-6	30	179	7406
I	9757431	R	60	-6	38	227	7423
I	9757431	R	60	-6	128	896	8071
I	9757431	R	60	-6	114	714	7770
I	9757431	R	60	-6	10	59	7060
I	9757431	R	60	-6	75	449	7262
I	9757431	R	60	-6	59	353	7091
I	9757431	R	60	-6	47	298	6989
I	9757431	R	60	-6	68	414	6862
I	9757431	R	60	-6	98	587	6959
I	9757431	R	60	-6	40	239	6426
I	9758719	R	60	313	1611	10203	17164
I	9757431	R	60	-6	101	610	5807
I	9757431	R	60	-6	60	364	5211
I	9757431	R	60	-6	83	497	4994
I	9757431	R	60	-6	216	1310	3498
I	9757431	R	60	-6	113	675	2650
II	2979	L	1	3	73	446	14082
II	16206	R	0	-2	58	351	9849
II	26248	R	1	0	1478	9027	12296
II	33206	R	1	0	1942	12384	22430
II	33206	R	1	0	178	1085	9651
II	33206	R	0	0	978	6096	13617
II	57036	L	0	0	1621	9845	10595
II	127728	L	0	0	1231	7508	10045
II	147944	R	0	0	1213	7381	8954
II	173621	R	1	22	110	708	14226
II	192333	L	0	0	1789	10880	12376
II	192333	L	0	0	1749	10634	12617
II	199250	L	1	0	1688	10634	11476
II	199250	L	5	0	1643	9946	11916
II	208222	L	1	-1	82	515	11507
II	209558	L	0	-1867	73	2378	11525
II	253447	R	3	0	1011	6548	12024
II	253447	R	0	0	1126	6846	9526
II	277816	L	1	0	27	162	8366
II	291737	L	0	0	1025	6206	8155
II	298695	L	0	0	1275	7875	10382
II	310618	R	0	0	1052	6457	11604
II	317577	R	0	0	1596	9718	10893
II	340956	R	0	0	1166	7577	16083
II	352893	R	1	2	66	411	11154
II	348812	L	1	-4	134	813	11420
II	354874	R	0	0	2015	12360	16826
II	354874	R	0	0	1880	11603	14468
II	354874	R	0	0	1809	11038	13241
II	354874	R	0	0	1420	8935	9252
II	368791	R	1	0	1131	7512	20061
II	386648	R	0	0	22	153	15481
II	379690	R	0	0	1124	6876	9103
II	377544	L	0	-3	16	104	9103
II	393606	R	1	0	1200	7428	12065
II	393606	R	0	0	1256	7642	11064
II	412833	R	0	0	6	37	9272
II	412833	R	0	0	1013	6307	12085
II	426751	R	0	5	1572	10100	12642
II	442860	L	1	0	334	2183	4136
II	449820	L	0	0	1168	7369	12648
II	449820	L	1	0	1726	11117	24343
II	463689	R	1	1	34	205	11891
II	456780	L	1	0	1368	8849	14729
II	456780	L	0	0	1101	6676	8706
II	456780	L	0	0	1822	11224	14271
II	466776	L	0	0	1122	6834	10820
II	507285	R	1	0	1453	9571	14472
II	528678	R	3	0	2185	13844	14597
II	535639	R	1	1	1488	9888	13698
II	542598	R	2	4	1054	7180	14614
II	549558	R	1	0	1181	7378	21374
II	542598	R	0	0	588	4628	8393
II	556518	R	1	0	2033	12412	16676
II	562867	L	1	0	1290	7857	13211
II	569825	L	0	0	1813	11191	14024
II	576784	L	0	0	1569	9580	13315
II	596509	L	0	0	1704	10325	12892
II	596509	L	0	0	12	75	12217
II	610428	L	0	0	24	147	7066
II	642787	R	1	0	214	1381	7756
II	655536	L	0	0	2316	14303	15464
II	662493	L	0	0	1255	7686	12508
II	687997	R	0	0	10	63	7588
II	694956	R	0	0	2468	15457	17462
II	722793	R	1	0	34	212	23816
II	783972	R	0	0	1465	8909	13564
II	797295	L	0	0	1462	9048	12007
II	797295	L	0	0	1663	10152	14205
II	797295	L	0	0	1678	10314	16816
II	809990	L	0	0	1708	10888	12383
II	809990	L	1	0	403	2828	11915
II	816949	L	1	0	1798	11566	19736
II	823910	L	1	0	47	299	8286
II	862397	L	0	0	1879	11845	14417
II	869357	L	1	0	1162	7087	11775
II	905285	R	0	0	1251	7618	12988
II	905285	R	0	0	1134	6891	9361
II	944746	R	1	0	248	1751	13551
II	937786	R	0	0	1123	7155	9290
II	944746	R	1	0	1399	8516	12045
II	964840	L	0	0	1157	7158	16360
II	964840	L	1	0	154	948	11442
II	964840	L	1	0	1013	6244	17357
II	1014330	R	0	0	2224	13753	16008
II	1028248	R	1	0	48	295	4776
II	1028241	R	1	6	1271	8580	12966
II	1028248	R	0	0	1202	7327	10329
II	1035206	R	1	0	1267	7758	15063
II	1035206	R	1	0	108	666	7692
II	1043999	L	1	-3	34	216	20088
II	1049703	L	1	0	354	2489	14036
II	1049703	L	0	0	2329	14936	17515
II	1083573	R	1	0	68	426	16350
II	1083573	R	0	0	1854	11537	16545
II	1083573	R	0	0	2075	12784	15114
II	1106241	L	1	0	1549	9712	16565
II	1119820	R	0	0	97	595	13666
II	1127119	L	0	0	1060	6453	11291
II	1127119	L	1	0	1805	11205	16396
II	1140477	R	0	0	1211	7435	11298
II	1140458	R	0	15	1440	8909	10262
II	1154397	R	0	0	1688	10309	12790
II	1163390	R	1	0	2928	18225	23011
II	1170350	R	0	0	1244	7549	11529
II	1170350	R	0	0	1697	10408	13579
II	1185509	L	0	0	2055	12531	15112
II	1185509	L	0	0	1296	7939	14470
II	1185509	L	1	0	144	885	12062
II	2688002	L	60	-1234	4	15508	31588
II	6416936	R	60	1494	2	8644	24016
II	8335685	R	60	3626	2	9954	11912
II	10439112	R	60	0	57	357	24562
II	10439112	R	60	0	86	536	19661
II	10439112	R	60	0	25	157	19028
II	10439112	R	60	0	110	696	19358
II	10439112	R	60	0	89	606	18782
II	10439112	R	60	0	155	1028	18368
II	10439112	R	60	0	84	540	17592
II	10439113	R	60	5	48	305	17060
II	10439112	R	60	0	108	689	17362
II	10439112	R	60	0	39	240	16726
II	10439112	R	60	0	13	82	16387
II	10439112	R	60	0	11	71	16236
II	10439112	R	60	0	107	682	16669
II	10439110	R	60	6	63	443	16299
II	10439112	R	60	0	62	377	16058
II	10439112	R	60	0	78	478	16162
II	10439112	R	60	0	67	434	16061
II	10439112	R	60	0	118	731	16301
II	10439112	R	60	0	42	261	15760
II	10439112	R	60	0	121	794	15940
II	10439110	R	60	1	44	276	15370
II	10439112	R	60	0	43	325	15379
II	10439112	R	60	0	52	322	15336
II	10439112	R	60	0	39	256	15078
II	10439112	R	60	0	43	294	14807
II	10439112	R	60	0	89	547	15018
II	10439112	R	60	0	20	125	14593
II	10439112	R	60	0	16	101	14461
II	10439112	R	60	0	132	821	15189
II	10439112	R	60	0	121	786	15065
II	10439112	R	60	0	87	650	14915
II	10439112	R	60	0	58	356	14616
II	10439112	R	60	0	105	730	14966
II	10439112	R	60	0	78	473	14659
II	10439112	R	60	0	141	920	14909
II	10439112	R	60	0	65	395	14305
II	10439112	R	60	0	91	581	14405
II	10439112	R	60	0	63	407	14184
II	10439112	R	60	0	87	540	14136
II	10439112	R	60	0	63	384	13916
II	10439112	R	60	0	68	413	13760
II	10439112	R	60	0	75	491	13829
II	10439110	R	60	1	52	342	13655
II	10439112	R	60	0	63	383	13636
II	10439112	R	60	0	92	558	13779
II	10439112	R	60	0	52	317	13517
II	10439112	R	60	0	69	418	13536
II	10439112	R	60	0	8	53	13119
II	10439112	R	60	0	59	385	13371
II	10439112	R	60	0	51	361	13271
II	10439112	R	60	0	110	669	13490
II	10439110	R	60	1	32	205	12905
II	10439112	R	60	0	128	780	13356
II	10439112	R	60	0	117	708	13269
II	10439112	R	60	0	62	377	12870
II	10439112	R	60	0	68	421	12644
II	10439112	R	60	0	112	701	12897
II	10439112	R	60	0	55	370	12521
II	10439112	R	60	0	53	323	12479
II	10439112	R	60	0	51	317	12447
II	10439112	R	60	0	85	522	12559
II	10439112	R	60	0	72	444	12519
II	10439112	R	60	0	139	851	12785
II	10439112	R	60	0	63	383	12187
II	10439112	R	60	0	105	669	12458
II	10439112	R	60	0	83	533	12297
II	10439112	R	60	0	59	372	12043
II	10439112	R	60	0	89	563	12078
II	10439112	R	60	0	145	880	12351
II	10439112	R	60	0	39	239	11648
II	10439112	R	60	0	56	348	11708
II	10439112	R	60	0	52	358	11631
II	10439112	R	60	0	58	353	11625
II	10439112	R	60	0	129	781	11992
II	10439112	R	60	0	54	331	11547
II	10439112	R	60	0	35	222	11329
II	10439112	R	60	0	42	257	11351
II	10439112	R	60	0	120	721	11794
II	10439112	R	60	0	92	561	11357
II	10439112	R	60	0	37	227	10976
II	10439112	R	60	0	50	312	11059
II	10439112	R	60	0	75	506	11234
II	10439112	R	60	0	60	372	11050
II	10439112	R	60	0	92	557	11139
II	10439112	R	60	0	53	330	10801
II	10439112	R	60	0	53	323	10739
II	10439112	R	60	0	102	636	10981
II	10439112	R	60	0	26	161	10440
II	10439112	R	60	0	64	389	10603
II	10439112	R	60	0	49	299	10450
II	10439112	R	60	0	40	257	10394
II	10439112	R	60	0	115	740	10851
II	10439112	R	60	0	100	605	10702
II	10439112	R	60	0	128	815	10819
II	10439112	R	60	0	69	424	10388
II	10439112	R	60	0	41	251	10199
II	10439112	R	60	1	85	517	10460
II	10439112	R	60	0	120	742	10614
II	10439112	R	60	0	43	275	10120
II	10439112	R	60	0	62	372	10172
II	10439112	R	60	0	93	571	10340
II	10439112	R	60	0	59	364	10112
II	10439112	R	60	0	97	605	10344
II	10439112	R	60	0	63	400	10091
II	10440940	R	60	470	133	1317	12781
II	10439112	R	60	0	130	794	10312
II	10439112	R	60	0	21	131	9639
II	10439112	R	60	0	71	438	9926
II	10439112	R	60	0	69	426	9874
II	10439112	R	60	0	176	1112	10518
II	10439112	R	60	0	77	467	9746
II	10439112	R	60	0	85	515	9740
II	10439112	R	60	0	133	818	9976
II	10439112	R	60	0	49	299	9306
II	10439112	R	60	0	58	353	9176
II	10439112	R	60	0	42	324	8967
II	10439112	R	60	0	59	359	8985
II	10439112	R	60	0	90	546	9124
II	10439112	R	60	0	37	222	8595
II	10439112	R	60	0	48	293	8578
II	10439112	R	60	0	126	830	9077
II	10439112	R	60	0	28	173	8135
II	10439112	R	60	0	186	1169	8983
II	10439112	R	60	0	11	71	7619
II	10439112	R	60	0	122	746	8144
II	10439112	R	60	0	40	245	7637
II	10439112	R	60	0	88	529	7854
II	10439112	R	60	0	129	784	8107
II	10439112	R	60	0	150	902	8083
II	10439112	R	60	0	77	472	7596
II	10439112	R	60	0	113	688	7803
II	10439112	R	60	0	92	567	7495
II	10439112	R	60	0	111	676	7530
II	10439112	R	60	0	23	143	6862
II	10439112	R	60	0	72	442	7023
II	10439112	R	60	0	104	629	7174
II	10439112	R	60	0	122	747	7029
II	10439112	R	60	0	94	572	6847
II	10439112	R	60	0	73	445	6632
II	10439112	R	60	0	77	472	6433
II	10440940	R	60	469	1098	7173	13849
II	10439112	R	60	0	92	557	5319
II	10439112	R	60	0	63	383	4895
II	10440940	R	60	469	1946	12390	18331
II	10440940	R	60	470	1576	10324	15825
II	10440940	R	60	469	1061	7353	10849
II	10440940	R	60	470	1837	11892	14990
II	10440940	R	60	469	1373	8866	10928
II	10440940	R	60	469	1670	10632	11422
III	6	L	60	-3525	5	6223	13405
III	975	L	60	0	137	940	13464
III	975	L	60	-4	74	453	15134
III	976	L	60	4	80	505	8483
III	976	L	60	4	71	431	12437
III	976	L	60	4	59	360	8436
III	976	L	60	4	79	512	9606
III	976	L	60	-3	24	174	8299
III	976	L	60	4	66	436	13587
III	976	L	60	4	79	482	12097
III	976	L	60	4	47	283	8304
III	976	L	60	4	66	444	10526
III	976	L	60	4	40	241	9307
III	976	L	60	4	64	388	8823
III	976	L	60	4	57	417	7405
III	976	L	60	4	87	523	10353
III	976	L	60	4	34	207	17313
III	976	L	60	4	53	334	8552
III	976	L	60	4	44	288	12319
III	976	L	60	4	31	187	17517
III	976	L	60	4	63	379	9183
III	976	L	60	4	141	928	6630
III	976	L	60	4	69	413	13472
III	976	L	60	4	54	332	14353
III	976	L	60	4	31	192	13290
III	976	L	60	4	35	225	12720
III	976	L	60	4	77	481	12428
III	976	L	60	4	13	79	11576
III	976	L	60	4	119	767	12234
III	976	L	60	4	27	168	18730
III	976	L	60	4	128	782	11745
III	976	L	60	4	36	217	12522
III	976	L	60	4	83	521	9451
III	976	L	60	4	31	195	18892
III	976	L	60	4	48	290	13115
III	976	L	60	4	55	326	16856
III	976	L	60	4	59	361	12899
III	976	L	60	4	66	398	12343
III	976	L	60	4	43	259	18011
III	976	L	60	4	128	817	13011
III	976	L	60	4	80	483	10261
III	976	L	60	4	57	343	12805
III	976	L	60	4	19	115	6209
III	976	L	60	4	67	415	13588
III	976	L	60	4	108	671	19638
III	976	L	60	4	62	417	8914
III	976	L	60	4	58	354	7119
III	976	L	60	4	32	193	12348
III	976	L	60	4	70	475	11072
III	976	L	60	4	104	635	10046
III	976	L	60	4	133	879	13751
III	976	L	60	4	24	145	8807
III	976	L	60	4	114	704	17807
III	976	L	60	4	87	554	16959
III	976	L	60	4	63	385	12620
III	976	L	60	4	11	67	19202
III	976	L	60	4	115	712	17221
III	976	L	60	4	70	421	7249
III	976	L	60	4	58	361	7249
III	976	L	60	4	64	394	11278
III	976	L	60	4	115	695	7462
III	976	L	60	4	73	464	29032
III	976	L	60	4	88	550	12804
III	976	L	60	4	46	282	9842
III	976	L	60	4	82	525	11490
III	976	L	60	4	65	406	15079
III	976	L	60	4	19	115	10013
III	976	L	60	4	127	783	12208
III	976	L	60	4	108	651	8263
III	976	L	60	4	157	970	10686
III	976	L	60	4	115	701	17036
III	976	L	60	4	59	355	8345
III	976	L	60	4	85	516	11069
III	976	L	60	4	9	55	10343
III	976	L	60	4	87	523	6328
III	976	L	60	4	121	732	14382
III	976	L	60	4	126	757	10323
III	976	L	60	4	20	128	17321
III	976	L	60	4	56	337	19612
III	976	L	60	4	106	642	12132
III	976	L	60	4	69	415	9805
III	976	L	60	4	87	518	8904
III	976	L	60	4	121	769	13232
III	976	L	60	4	118	750	6962
III	976	L	60	4	112	678	8313
III	976	L	60	4	43	266	13066
III	976	L	60	4	110	678	19844
III	976	L	60	4	99	607	16169
III	976	L	60	4	138	844	11004
III	976	L	60	4	81	487	14546
III	976	L	60	4	48	296	11378
III	976	L	60	4	88	536	13632
III	976	L	60	4	71	427	10648
III	976	L	60	4	103	634	11752
III	976	L	60	4	68	414	15375
III	976	L	60	4	173	1054	10968
III	976	L	60	4	105	743	13276
III	976	L	60	4	68	409	10950
III	976	L	60	4	95	591	11981
III	976	L	60	4	73	444	11363
III	976	L	60	4	106	664	11448
III	976	L	60	4	78	469	9870
III	976	L	60	4	106	649	10840
III	976	L	60	4	85	523	14226
III	976	L	60	4	46	366	6763
III	976	L	60	4	101	627	8692
III	976	L	60	4	21	127	12387
III	976	L	60	4	36	218	13232
III	976	L	60	4	36	217	10056
III	976	L	60	4	84	502	4963
III	976	L	60	4	26	157	14558
III	976	L	60	4	122	745	12797
III	976	L	60	4	75	451	10897
III	976	L	60	4	61	367	12116
III	976	L	60	4	134	810	7524
III	976	L	60	4	55	332	14671
III	976	L	60	4	143	864	14410
III	976	L	60	4	52	313	11789
III	976	L	60	4	145	883	17596
III	976	L	60	4	82	502	10023
III	976	L	60	4	119	729	10775
III	976	L	60	4	94	572	7336
III	976	L	60	4	97	589	15570
III	976	L	60	4	107	643	10981
III	976	L	60	4	137	843	13902
III	976	L	60	4	100	601	7783
III	976	L	60	4	144	895	13761
III	976	L	60	4	61	366	7687
III	976	L	60	4	27	163	16156
III	976	L	60	4	167	1032	10354
III	976	L	60	4	152	936	16500
III	976	L	60	4	112	695	16402
III	976	L	60	4	73	439	9556
III	976	L	60	4	53	319	9599
III	976	L	60	4	57	348	15841
III	976	L	60	4	42	258	11164
III	976	L	60	4	87	523	14696
III	976	L	60	4	62	450	16948
III	976	L	60	4	58	344	14171
III	976	L	60	4	56	344	15645
III	976	L	60	4	122	740	10230
III	976	L	60	4	115	691	11840
III	976	L	60	4	28	169	12478
III	976	L	60	4	67	441	9788
III	976	L	60	4	91	551	9603
III	976	L	60	4	78	474	15863
III	976	L	60	4	38	243	8257
III	976	L	60	4	78	474	8711
III	980	L	60	-1	58	410	13672
III	981	L	60	-2	23	163	12810
III	981	L	60	-2	105	644	8522
III	984	L	60	-3	39	242	14695
III	984	L	60	-6	66	435	21036
III	994	L	60	-12	95	628	9968
III	527515	R	60	1850	2	11328	11619
III	545082	L	60	-9439	2	13412	15196
III	1375514	L	60	-12005	2	13600	28048
III	1976243	R	60	1544	2	11846	27884
III	2894913	L	60	-963	2	1307	12458
III	3230401	L	60	-4315	4	12614	26592
III	6148947	L	60	-919	2	7712	18337
III	8757161	L	60	-10882	2	11977	29678
III	10449375	R	60	-1	20	124	26233
III	10449375	R	60	-1	69	448	24866
III	10449375	R	60	-1	25	169	23264
III	10449375	R	60	-1	82	521	23546
III	10449375	R	60	-1	68	418	22549
III	10449375	R	60	-1	91	631	22451
III	10449375	R	60	-1	152	1068	20292
III	10449375	R	60	-1	12	76	19089
III	10449375	R	60	-1	20	124	18508
III	10449375	R	60	-1	36	225	18181
III	10449364	R	60	8	86	585	18465
III	10449375	R	60	-1	59	391	17845
III	10449375	R	60	-1	79	526	17838
III	10449375	R	60	-1	58	367	16649
III	10449375	R	60	-1	91	566	16551
III	10449375	R	60	7	172	1069	16965
III	10449375	R	60	-1	59	400	16294
III	10449375	R	60	-1	143	866	16573
III	10449375	R	60	-1	86	531	16185
III	10449375	R	60	-1	114	752	16130
III	10449375	R	60	-1	55	334	15345
III	10449375	R	60	-1	160	977	15944
III	10449375	R	60	-1	50	304	15222
III	10449375	R	60	-1	122	763	15479
III	10449375	R	60	-1	66	443	14941
III	10449375	R	60	-1	122	746	15210
III	10449375	R	60	-1	97	603	14894
III	10449375	R	60	-1	70	425	14659
III	10449375	R	60	9	37	250	14330
III	10449375	R	60	-1	110	690	14729
III	10449375	R	60	-1	93	562	14531
III	10449375	R	60	-1	54	328	14288
III	10449375	R	60	-1	134	830	14493
III	10449375	R	60	-1	4	24	13676
III	10449375	R	60	-1	108	664	14173
III	10449375	R	60	-1	97	616	14058
III	10449375	R	60	-1	27	173	13604
III	10449375	R	60	-1	37	225	13524
III	10449375	R	60	-1	69	418	13670
III	10449375	R	60	-1	22	139	13270
III	10449375	R	60	-1	39	238	13357
III	10449375	R	60	-1	64	391	13420
III	10449375	R	60	-1	14	88	13068
III	10449375	R	60	-1	74	448	13407
III	10449375	R	60	-1	71	433	13359
III	10449375	R	60	-1	20	125	12932
III	10449375	R	60	-1	48	292	13041
III	10449375	R	60	-1	144	893	13561
III	10449375	R	60	-1	82	503	13177
III	10449375	R	60	-1	43	262	12914
III	10449375	R	60	-1	50	324	12954
III	10449375	R	60	-1	71	432	13022
III	10449375	R	60	-1	87	531	13043
III	10449375	R	60	-1	89	538	12755
III	10449375	R	60	-1	56	347	12561
III	10449375	R	60	-1	75	459	12636
III	10449375	R	60	-1	3	22	12136
III	10449375	R	60	-1	90	539	12609
III	10449375	R	60	-1	112	685	12695
III	10449375	R	60	-1	30	196	12179
III	10449375	R	60	-1	54	328	12256
III	10449375	R	60	-1	59	385	12362
III	10449375	R	60	-1	50	304	12122
III	10449375	R	60	-1	74	448	12235
III	10449375	R	60	-1	83	521	12272
III	10449367	R	60	8	88	549	12092
III	10449375	R	60	6	78	512	12082
III	10449375	R	60	-1	56	350	11831
III	10449375	R	60	-1	99	608	12044
III	10449375	R	60	-1	120	774	12197
III	10449375	R	60	-1	100	620	11999
III	10449376	R	60	3	55	338	11677
III	10449375	R	60	-1	84	508	11789
III	10449375	R	60	-1	79	498	11743
III	10449375	R	60	-1	92	561	11784
III	10449375	R	60	-1	35	219	11374
III	10449375	R	60	-1	161	1004	12169
III	10449375	R	60	-1	81	502	11535
III	10449363	R	60	13	93	634	11673
III	10449375	R	60	-1	22	136	11144
III	10449375	R	60	-1	76	460	11418
III	10449348	R	60	17	123	765	11691
III	10449375	R	60	-1	71	430	11382
III	10449375	R	60	-1	80	499	11387
III	10449375	R	60	-1	126	772	11568
III	10449375	R	60	-1	129	777	11529
III	10449375	R	60	-1	28	172	10904
III	10449375	R	60	-1	34	266	11039
III	10449375	R	60	-1	51	310	10985
III	10449375	R	60	-1	87	536	11047
III	10449375	R	60	-1	65	399	10910
III	10449375	R	60	-1	132	796	11306
III	10449375	R	60	-1	54	360	10649
III	10449375	R	60	-1	55	336	10623
III	10449375	R	60	-1	34	203	10474
III	10449375	R	60	-1	78	468	10675
III	10449375	R	60	-1	66	400	10554
III	10449375	R	60	-1	19	118	10235
III	10449375	R	60	-1	34	208	10305
III	10449375	R	60	-1	153	946	11010
III	10449375	R	60	-1	65	403	10350
III	10449375	R	60	-1	166	1001	10918
III	10449375	R	60	-1	110	681	10570
III	10449375	R	60	-1	104	633	10503
III	10449375	R	60	-1	94	573	10365
III	10449375	R	60	-1	165	989	10747
III	10449375	R	60	-1	59	358	10004
III	10449375	R	60	-1	70	424	10075
III	10449375	R	60	-1	74	448	10032
III	10449375	R	60	-1	36	224	9806
III	10449375	R	60	-1	38	242	9798
III	10449375	R	60	-1	118	765	10262
III	10449375	R	60	-1	63	377	9820
III	10449375	R	60	-1	55	329	9593
III	10449375	R	60	-1	69	425	9545
III	10449375	R	60	-1	115	699	9753
III	10449375	R	60	-1	56	340	9353
III	10449375	R	60	-1	41	248	9193
III	10449375	R	60	-1	63	382	9309
III	10449375	R	60	-1	60	364	9242
III	10449375	R	60	-1	85	519	9350
III	10449375	R	60	-1	54	364	9138
III	10449375	R	60	-1	73	466	9207
III	10449375	R	60	-1	49	303	9048
III	10449375	R	60	-1	90	539	9228
III	10449375	R	60	-1	42	251	8802
III	10449375	R	60	-1	88	532	9027
III	10449375	R	60	-1	110	688	9134
III	10449373	R	60	2	142	867	9292
III	10449375	R	60	-1	49	298	8692
III	10449375	R	60	-1	183	1121	9420
III	10449375	R	60	-1	96	577	8828
III	10449375	R	60	-1	108	657	8806
III	10449375	R	60	-1	63	382	8492
III	10449375	R	60	8	51	319	8424
III	10449375	R	60	-1	92	603	8694
III	10449375	R	60	-1	60	368	8329
III	10449375	R	60	-1	86	520	8275
III	10449375	R	60	-1	124	770	8477
III	10449375	R	60	-1	115	693	8313
III	10449375	R	60	-1	127	766	8359
III	10449375	R	60	-1	83	502	8035
III	10449375	R	60	-1	44	275	7521
III	10449375	R	60	-1	181	1107	8300
III	10449375	R	60	-1	52	316	7014
III	10449375	R	60	-1	93	562	7089
III	10449375	R	60	-1	87	526	7011
III	10449375	R	60	-1	99	615	7000
III	10449375	R	60	-1	129	818	7168
III	10449375	R	60	-1	126	760	7026
III	10449375	R	60	-1	110	753	6624
III	10449375	R	60	-1	76	469	6285
III	10449375	R	60	-1	43	262	5406
III	10449375	R	60	-1	48	293	5369
III	10449375	R	60	-1	85	514	4767
III	10449375	R	60	-1	141	850	4515
III	10449375	R	60	-1	53	327	11087
III	10449375	R	60	-1	113	692	3809
III	10610211	R	1	4	262	1616	9767
III	10610219	R	1	-3	398	2417	13844
III	10610219	R	1	2	1219	7570	8969
III	10610219	R	1	-3	182	1170	11202
III	10610219	R	1	-3	371	2267	13550
III	10610214	R	3	1	181	1108	11628
III	10610219	R	4	-3	1041	6538	10623
III	10610191	L	60	-1121	7	6234	19248
III	10610191	L	60	-1120	7	10410	19415
III	10613715	R	1	4	1243	7814	10233
III	10613715	R	0	4	1141	7675	8095
III	10624783	R	60	1488	224	2925	13223
III	10624783	R	60	1488	1306	9678	15836
III	10624783	R	60	1488	2	1504	7273
III	10624783	R	60	1488	1202	8866	14342
III	10624783	R	60	1488	1256	9167	14046
III	10624783	R	60	1895	107	2840	7089
III	10624783	R	60	1897	1574	11893	15110
III	10624783	R	60	1898	918	7955	11096
III	10624783	R	60	1897	1442	10926	12559
III	10624783	R	60	1488	959	7621	8014
IV	1	L	60	-18	1679	11679	24180
IV	1	L	60	-18	975	6554	9216
IV	1	L	60	-18	1123	7404	8973
IV	1	L	60	-18	1781	12487	13619
IV	1	L	60	-18	994	7023	14474
IV	1	L	60	-18	1580	10247	10669
IV	1	L	60	-18	1514	10132	21456
IV	1	L	60	-18	1089	7308	12681
IV	4091	R	60	-1	92	554	12659
IV	1	L	60	-18	1229	8012	12659
IV	1	L	60	-18	1827	11816	18618
IV	4092	L	60	1	64	400	12571
IV	4092	L	60	1	56	340	13620
IV	4092	L	60	1	72	446	12234
IV	4092	L	60	1	42	251	15026
IV	4092	L	60	1	63	382	11625
IV	4092	L	60	1	132	792	5104
IV	4092	L	60	1	71	441	10365
IV	4092	L	60	1	147	973	20137
IV	4092	L	60	1	84	508	9870
IV	4092	L	60	1	60	364	7184
IV	4092	L	60	1	65	408	13645
IV	4092	L	60	1	120	769	14268
IV	4092	L	60	1	74	460	10618
IV	4092	L	60	1	75	454	13124
IV	4092	L	60	1	102	621	9682
IV	4092	L	60	1	61	370	8134
IV	4092	L	60	1	94	610	9317
IV	4092	L	60	1	18	111	14845
IV	4092	L	60	1	28	172	10860
IV	4092	L	60	1	15	99	13406
IV	4092	L	60	1	108	713	15545
IV	4092	L	60	1	108	684	13204
IV	4092	L	60	1	54	328	13534
IV	4092	L	60	1	103	629	15565
IV	4092	L	60	1	143	1011	16711
IV	4092	L	60	1	44	285	9247
IV	4092	L	60	1	64	393	12026
IV	4092	L	60	1	78	472	14564
IV	4092	L	60	1	82	491	9362
IV	4092	L	60	1	84	517	14414
IV	4092	L	60	1	59	353	13368
IV	4092	L	60	1	72	446	8068
IV	4092	L	60	1	64	398	8980
IV	4092	L	60	1	20	135	12056
IV	4092	L	60	1	54	328	14232
IV	4092	L	60	1	93	574	17410
IV	4092	L	60	1	78	473	13377
IV	4092	L	60	1	44	271	12915
IV	4092	L	60	1	60	408	10133
IV	4092	L	60	1	89	566	14974
IV	4092	L	60	1	62	436	10458
IV	4092	L	60	-6	48	299	13810
IV	4092	L	60	1	66	424	8847
IV	4092	L	60	1	77	476	15978
IV	4092	L	60	1	51	310	10553
IV	4092	L	60	1	46	277	7373
IV	4092	L	60	1	69	423	16018
IV	4092	L	60	1	64	388	9955
IV	4092	L	60	1	43	259	6950
IV	4092	L	60	1	16	95	12099
IV	4092	L	60	-4	93	589	16495
IV	4092	L	60	1	96	619	9069
IV	4092	L	60	1	56	335	11784
IV	4092	L	60	1	98	592	11241
IV	4092	L	60	1	91	551	10053
IV	4092	L	60	1	185	1161	8365
IV	4092	L	60	1	129	820	17301
IV	4092	L	60	1	38	232	10870
IV	4092	L	60	1	99	646	11105
IV	4092	L	60	-4	32	249	12148
IV	4092	L	60	1	120	734	9439
IV	4092	L	60	1	130	789	12240
IV	4092	L	60	1	109	658	8974
IV	4092	L	60	1	148	897	6312
IV	4092	L	60	1	101	605	7303
IV	4092	L	60	1	128	801	14472
IV	4092	L	60	1	62	381	11125
IV	4092	L	60	1	89	559	12678
IV	4092	L	60	1	75	454	9341
IV	4092	L	60	1	42	256	5306
IV	4092	L	60	1	102	636	13694
IV	4092	L	60	1	158	1041	10077
IV	4092	L	60	1	103	631	10445
IV	4092	L	60	1	158	1047	11447
IV	4092	L	60	1	57	356	13741
IV	4092	L	60	1	81	495	10522
IV	4092	L	60	1	35	214	12558
IV	4092	L	60	1	16	100	10656
IV	4092	L	60	1	84	537	11551
IV	4092	L	60	1	99	647	16613
IV	4092	L	60	1	119	730	8994
IV	4092	L	60	1	41	255	15111
IV	4092	L	60	1	161	1060	24188
IV	4092	L	60	1	78	479	12365
IV	4092	L	60	1	43	268	13000
IV	4092	L	60	1	82	511	10786
IV	4092	L	60	1	77	466	12797
IV	4092	L	60	1	21	130	15661
IV	4092	L	60	1	35	209	14926
IV	4092	L	60	1	100	607	8020
IV	4092	L	60	1	93	581	10872
IV	4092	L	60	1	140	857	9986
IV	4092	L	60	1	16	102	14619
IV	4092	L	60	1	77	468	10127
IV	4092	L	60	1	132	805	8871
IV	4092	L	60	1	97	587	18023
IV	4092	L	60	1	143	913	12214
IV	4092	L	60	1	190	1163	13551
IV	4092	L	60	1	148	906	13351
IV	4092	L	60	1	47	291	22864
IV	4092	L	60	1	47	286	11411
IV	4092	L	60	1	78	519	10994
IV	4092	L	60	1	123	752	22660
IV	4092	L	60	1	110	670	12910
IV	4092	L	60	1	105	644	13574
IV	4092	L	60	1	79	494	12528
IV	4092	L	60	1	25	179	20880
IV	4092	L	60	1	45	274	17682
IV	4092	L	60	1	166	1055	20380
IV	4092	L	60	1	59	363	9030
IV	4092	L	60	1	100	604	9921
IV	4092	L	60	1	67	406	7906
IV	4092	L	60	1	37	243	17992
IV	4092	L	60	1	118	777	10606
IV	4092	L	60	1	76	470	11251
IV	4092	L	60	1	63	382	14153
IV	4092	L	60	1	55	336	9782
IV	4092	L	60	1	67	401	11260
IV	4092	L	60	1	84	508	11356
IV	4092	L	60	1	80	519	15238
IV	4092	L	60	1	51	341	11323
IV	4092	L	60	1	63	405	19615
IV	4092	L	60	1	98	618	13214
IV	4092	L	60	1	66	418	14209
IV	4092	L	60	1	73	447	8500
IV	4092	L	60	1	121	727	12143
IV	4092	L	60	1	135	825	12105
IV	4092	L	60	1	94	646	17064
IV	4092	L	60	1	85	521	12315
IV	4092	L	60	1	118	735	7158
IV	4092	L	60	1	84	522	14133
IV	4092	L	60	1	108	662	7852
IV	4092	L	60	1	50	309	16593
IV	4092	L	60	1	70	435	15785
IV	4092	L	60	1	110	669	12485
IV	4092	L	60	1	90	573	14756
IV	4092	L	60	1	133	802	11542
IV	4092	L	60	1	46	280	15051
IV	4092	L	60	1	51	310	11724
IV	4092	L	60	1	206	1249	14727
IV	4092	L	60	1	101	620	9784
IV	4092	L	60	1	60	368	8821
IV	4092	L	60	1	62	376	11532
IV	4092	L	60	1	43	262	9887
IV	4092	L	60	1	16	97	18473
IV	4092	L	60	1	33	207	14488
IV	4092	L	60	1	71	485	13295
IV	4092	L	60	1	81	490	11510
IV	4092	L	60	1	78	481	11278
IV	4092	L	60	1	165	1029	11458
IV	4092	L	60	1	63	394	15755
IV	4092	L	60	1	124	789	11985
IV	4092	L	60	1	127	771	7093
IV	4092	L	60	1	105	639	15444
IV	4092	L	60	1	54	390	6670
IV	4094	L	60	-2	64	396	14161
IV	4094	L	60	-2	31	239	14738
IV	4095	L	60	-13	58	410	12545
IV	4098	L	60	-4	53	358	14512
IV	4099	L	60	-1	13	80	10968
IV	4100	L	60	-2	75	481	11186
IV	4100	L	60	-5	93	568	11509
IV	4101	L	60	-1	75	485	8999
IV	4103	L	60	-8	99	610	13299
IV	4104	L	60	-7	163	1043	9637
IV	4115	L	60	-4	85	613	20606
IV	48739	L	60	-4910	2	8786	16627
IV	92114	R	60	683	2	8164	18333
IV	3551869	L	60	-3699	2	8957	18475
IV	7908854	L	60	-5568	2	6656	14643
IV	9915337	L	60	-320	3	12496	27671
IV	10091915	R	60	6004	2	9852	20946
IV	12077175	R	60	1184	4	9050	18606
IV	13341658	R	60	6	143	938	30143
IV	13341663	R	60	-1	104	707	27908
IV	13341663	R	60	-1	87	541	23719
IV	13341663	R	60	-1	78	483	21644
IV	13341663	R	60	-1	131	839	21296
IV	13341663	R	60	-1	128	863	20411
IV	13341663	R	60	-1	51	312	19681
IV	13341663	R	60	-1	108	677	19549
IV	13341663	R	60	-1	109	682	19125
IV	13341663	R	60	-1	130	834	18648
IV	13341663	R	60	-1	78	483	18168
IV	13341663	R	60	-1	37	231	17902
IV	13341663	R	60	-1	114	803	18190
IV	13341663	R	60	-1	190	1232	18303
IV	13341663	R	60	-1	121	785	17789
IV	13341663	R	60	-1	25	154	17056
IV	13341661	R	60	4	77	541	17479
IV	13341663	R	60	-1	46	280	17021
IV	13341663	R	60	-1	90	556	17185
IV	13341663	R	60	-1	36	225	16676
IV	13341663	R	60	-1	173	1156	17478
IV	13341663	R	60	-1	74	455	16412
IV	13341663	R	60	-1	20	142	16006
IV	13341663	R	60	-1	53	327	16058
IV	13341663	R	60	-1	62	381	16006
IV	13341663	R	60	-1	24	148	15761
IV	13341663	R	60	-1	56	352	15836
IV	13341663	R	60	-1	104	692	16145
IV	13341663	R	60	-1	49	338	15519
IV	13341663	R	60	-1	11	69	15134
IV	13341663	R	60	-1	78	472	15531
IV	13341663	R	60	-1	94	584	15635
IV	13341663	R	60	-1	55	341	15310
IV	13341663	R	60	-1	63	382	15217
IV	13341663	R	60	-1	77	482	15351
IV	13341663	R	60	-1	121	768	15487
IV	13341663	R	60	-1	42	254	14916
IV	13341663	R	60	-1	45	274	14943
IV	13336164	R	60	1	39	265	9218
IV	13341663	R	60	-1	88	532	14901
IV	13341663	R	60	-1	159	984	15312
IV	13341663	R	60	-1	66	395	14574
IV	13341663	R	60	-1	152	993	14984
IV	13341663	R	60	-1	48	323	14261
IV	13341663	R	60	-1	93	573	14121
IV	13341663	R	60	-1	106	651	14185
IV	13341663	R	60	-1	91	551	13863
IV	13341663	R	60	-1	29	195	13436
IV	13341663	R	60	-1	91	548	13707
IV	13341663	R	60	-1	67	413	13539
IV	13341664	R	60	0	73	505	13652
IV	13341663	R	60	-1	90	561	13644
IV	13341663	R	60	-1	95	584	13526
IV	13341663	R	60	-1	88	532	13430
IV	13341663	R	60	-1	85	519	13084
IV	13341663	R	60	-1	97	613	13132
IV	13341663	R	60	-1	118	745	13171
IV	13341663	R	60	-1	63	384	12711
IV	13341663	R	60	-1	46	280	12573
IV	13341663	R	60	-1	56	340	12590
IV	13341663	R	60	-1	82	506	12727
IV	13341660	R	60	1	140	888	13106
IV	13341663	R	60	-1	85	571	12762
IV	13341663	R	60	-1	53	332	12447
IV	13341663	R	60	-1	54	335	12370
IV	13341663	R	60	2	34	224	12176
IV	13341663	R	60	-1	101	651	12551
IV	13341663	R	60	-1	74	448	12295
IV	13341663	R	60	-1	36	220	12014
IV	13341663	R	60	-1	56	340	12109
IV	13341663	R	60	-1	65	405	12156
IV	13341663	R	60	-1	98	601	12290
IV	13341663	R	60	-1	73	454	12089
IV	13341656	R	60	8	106	668	12246
IV	13341663	R	60	-1	104	685	12281
IV	13341658	R	60	6	97	602	12125
IV	13341663	R	60	-1	32	191	11595
IV	13341663	R	60	-1	69	423	11755
IV	13341663	R	60	-1	45	277	11609
IV	13341663	R	60	-1	19	118	11392
IV	13341663	R	60	-1	92	556	11673
IV	13341663	R	60	-1	87	552	11639
IV	13341663	R	60	-1	53	346	11402
IV	13341663	R	60	-1	92	556	11424
IV	13341663	R	60	-1	51	325	11188
IV	13341663	R	60	-1	26	165	10947
IV	13341663	R	60	-1	118	719	11491
IV	13341663	R	60	-1	99	594	11353
IV	13341663	R	60	-1	108	688	11398
IV	13341663	R	60	-1	73	437	11128
IV	13341663	R	60	-1	69	419	11055
IV	13341663	R	60	-1	94	584	11209
IV	13341663	R	60	-1	65	406	10919
IV	13341663	R	60	4	106	650	10982
IV	13341663	R	60	-1	39	243	10557
IV	13341663	R	60	-1	20	125	10447
IV	13341663	R	60	-1	76	460	10563
IV	13341663	R	60	-1	97	653	10568
IV	13341663	R	60	-1	39	245	10120
IV	13341663	R	60	-1	110	664	10483
IV	13341663	R	60	-1	88	542	10307
IV	13341663	R	60	-1	74	461	10128
IV	13341663	R	60	4	167	1088	10712
IV	13341663	R	60	-1	45	274	9818
IV	13341663	R	60	-1	105	639	10058
IV	13341663	R	60	-1	52	316	9675
IV	13341663	R	60	-1	33	202	9488
IV	13341663	R	60	-1	157	958	10235
IV	13341663	R	60	-1	129	778	9981
IV	13341663	R	60	-1	53	322	9463
IV	13341663	R	60	-1	148	902	10008
IV	13341663	R	60	-1	25	154	9263
IV	13341663	R	60	-1	10	59	9067
IV	13341663	R	60	-1	91	562	9084
IV	13341663	R	60	-1	56	348	8812
IV	13341663	R	60	-1	73	437	8906
IV	13341663	R	60	-1	64	388	8764
IV	13341663	R	60	-1	77	499	8903
IV	13341663	R	60	-1	216	1335	9687
IV	13341663	R	60	-1	63	382	8678
IV	13341663	R	60	-1	57	346	8591
IV	13341663	R	60	-1	15	94	8294
IV	13341660	R	60	1	34	217	8299
IV	13341663	R	60	-1	103	639	8701
IV	13341663	R	60	-1	91	550	8500
IV	13341663	R	60	-1	78	477	8286
IV	13341661	R	60	2	115	729	8490
IV	13341663	R	60	-1	21	130	7787
IV	13341663	R	60	-1	54	328	7942
IV	13341663	R	60	-1	40	244	7784
IV	13341663	R	60	-1	47	286	7720
IV	13341663	R	60	-1	65	395	7829
IV	13341663	R	60	-1	135	824	8203
IV	13341663	R	60	-1	125	754	8008
IV	13341663	R	60	-1	37	230	7517
IV	13341663	R	60	-1	129	783	8008
IV	13341663	R	60	-1	80	517	7695
IV	13341663	R	60	-1	95	575	7499
IV	13341663	R	60	-1	75	454	7044
IV	13341663	R	60	-1	73	442	7031
IV	13341663	R	60	-1	53	322	6892
IV	13341663	R	60	-1	54	323	6469
IV	13341663	R	60	-1	40	244	6356
IV	13341663	R	60	-1	80	484	6220
IV	13341663	R	60	-1	84	503	5907
IV	13341663	R	60	-1	76	506	5847
IV	13341663	R	60	-1	57	351	5342
IV	13341663	R	60	-1	187	1136	5311
IV	13341663	R	60	-1	92	555	3988
IV	13347769	R	60	0	4	1839	8262
IV	13342575	L	60	-109	3	1184	8262
IV	13347769	R	60	0	4	1942	8252
IV	13342575	L	60	-109	3	1069	8252
IV	13354745	R	60	65	974	7622	18570
IV	13354745	R	60	66	3	404	10598
IV	13354745	R	60	65	8	1290	10839
IV	13354745	R	60	65	105	2226	8757
IV	13354745	R	60	65	1190	8906	15014
IV	13353736	R	60	1	1238	7578	8652
IV	13353736	R	60	1	1056	6647	8103
IV	13354375	R	60	1	2135	13352	13922
IV	13354745	R	60	65	1266	9263	10002
IV	13354375	R	60	1	2094	12755	13114
V	1	L	60	-1469	1111	8254	10359
V	1	L	60	-1469	1591	11193	14874
V	1	L	60	-1473	1536	11165	21161
V	1	L	60	-1467	2090	14522	20790
V	1	L	60	-1469	1187	8854	13891
V	1	L	60	-1469	2163	14894	16316
V	1	L	60	-1466	263	3177	5567
V	1344	L	60	1	70	435	15418
V	1344	L	60	1	78	483	14154
V	1344	L	60	1	81	535	9396
V	1344	L	60	1	57	341	8475
V	1344	L	60	1	116	829	15508
V	1344	L	60	1	48	307	21668
V	1344	L	60	1	80	494	9099
V	1344	L	60	1	102	633	10843
V	1344	L	60	1	17	106	11043
V	1344	L	60	1	76	464	10488
V	1344	L	60	1	106	640	3200
V	1344	L	60	1	110	681	9747
V	1344	L	60	1	78	492	14704
V	1344	L	60	1	52	337	9498
V	1344	L	60	1	95	580	8162
V	1344	L	60	1	136	863	5249
V	1344	L	60	1	35	214	9689
V	1344	L	60	1	66	400	8511
V	1344	L	60	1	48	292	13650
V	1344	L	60	1	38	237	13958
V	1344	L	60	1	109	688	26067
V	1344	L	60	1	109	729	12380
V	1344	L	60	1	142	906	11282
V	1344	L	60	1	47	286	13377
V	1344	L	60	1	78	478	10878
V	1344	L	60	1	122	759	13117
V	1344	L	60	1	135	869	20371
V	1344	L	60	1	63	427	11433
V	1344	L	60	1	79	479	8449
V	1344	L	60	1	35	214	12016
V	1344	L	60	1	56	363	15462
V	1344	L	60	1	130	804	13332
V	1344	L	60	1	148	984	18654
V	1344	L	60	1	92	561	24706
V	1344	L	60	1	25	154	11891
V	1344	L	60	1	186	1183	18278
V	1344	L	60	1	173	1057	13577
V	1344	L	60	1	145	876	10357
V	1344	L	60	1	50	304	11190
V	1344	L	60	1	88	532	8522
V	1344	L	60	1	68	417	14839
V	1344	L	60	1	122	751	8726
V	1344	L	60	1	92	563	10486
V	1344	L	60	1	29	173	13020
V	1344	L	60	1	31	190	11972
V	1344	L	60	1	247	1725	14574
V	1344	L	60	1	68	417	16431
V	1344	L	60	1	67	416	14748
V	1344	L	60	1	102	616	10046
V	1344	L	60	1	79	544	13657
V	1344	L	60	1	65	404	12188
V	1344	L	60	1	115	694	16501
V	1344	L	60	1	136	830	4344
V	1344	L	60	1	46	284	15111
V	1344	L	60	1	76	507	16040
V	1344	L	60	1	102	638	17694
V	1344	L	60	1	74	443	10497
V	1344	L	60	1	194	1188	11167
V	1344	L	60	1	153	968	23230
V	1344	L	60	1	108	651	19864
V	1344	L	60	1	74	457	5701
V	1344	L	60	1	141	850	8736
V	1344	L	60	1	105	639	17776
V	1344	L	60	1	134	818	12797
V	1344	L	60	1	49	298	11523
V	1344	L	60	1	37	238	19446
V	1344	L	60	1	104	631	11763
V	1344	L	60	1	67	455	8769
V	1344	L	60	1	153	996	16125
V	1344	L	60	1	61	372	18351
V	1344	L	60	1	152	939	15858
V	1344	L	60	1	57	348	15935
V	1344	L	60	1	32	196	11624
V	1344	L	60	1	24	148	11746
V	1344	L	60	1	93	570	13188
V	1344	L	60	1	54	333	15396
V	1344	L	60	1	97	591	13261
V	1344	L	60	1	132	796	7870
V	1344	L	60	1	123	795	13767
V	1344	L	60	1	101	605	7138
V	1344	L	60	1	70	429	16292
V	1344	L	60	1	151	925	8974
V	1344	L	60	1	93	562	10548
V	1344	L	60	-8	100	618	14293
V	1344	L	60	1	99	600	15791
V	1344	L	60	1	132	801	10760
V	1344	L	60	1	85	547	10383
V	1344	L	60	1	93	562	11400
V	1344	L	60	1	166	1096	9445
V	1345	L	60	6	78	484	13173
V	1345	L	60	6	55	400	10652
V	1346	L	60	-7	123	831	12674
V	1346	L	60	-2	77	469	16835
V	1347	L	60	-1	34	223	19670
V	1350	L	60	-15	92	619	14239
V	1350	L	60	-7	108	708	13535
V	614543	R	1	379	2063	13318	13592
V	1782691	L	60	-7400	2	10401	10665
V	2113425	R	0	377	1238	8166	10100
V	2112713	L	0	1	76	1212	10100
V	2113425	R	1	377	1078	6912	8462
V	2112713	L	1	1	4	829	8462
V	2731378	L	60	-779	2	8500	22064
V	3118112	L	60	-2355	2	9645	10120
V	4136622	R	60	7397	3	15922	35192
V	5372911	R	60	1724	2	12343	30062
V	5588261	R	60	2640	2	11601	11905
V	5816020	R	60	2208	2	6885	19761
V	6175320	R	60	879	4	5050	14504
V	7223561	L	60	-1109	2	8226	17841
V	8506719	L	60	-6350	2	8023	19626
V	9037286	R	60	285	2	10915	23697
V	9840992	R	60	10393	15	10672	21226
V	9840992	R	60	10380	36	10784	20765
V	9840992	R	60	10383	120	11372	21288
V	9840992	R	60	10371	43	10825	20398
V	9840992	R	60	10369	36	10778	20118
V	9840992	R	60	10380	77	11037	20143
V	9840992	R	60	10387	101	11207	19781
V	9840984	R	60	10402	148	11550	19975
V	9840991	R	60	10389	40	10839	18096
V	9840992	R	60	10376	151	11500	18725
V	9840992	R	60	10370	178	11652	18653
V	9840992	R	60	10377	46	10842	17504
V	9840992	R	60	10375	59	10929	17223
V	9840992	R	60	10369	112	11238	17511
V	9840992	R	60	10371	22	10691	16912
V	9840992	R	60	10376	90	11111	17198
V	9840992	R	60	10376	57	10911	16943
V	9840992	R	60	10393	36	10805	16794
V	9840992	R	60	10383	49	10877	16630
V	9840992	R	60	10360	36	10805	16522
V	9840992	R	60	10374	112	11246	16967
V	9840992	R	60	10375	144	11432	17138
V	9840992	R	60	10372	66	10985	16462
V	9840992	R	60	10376	116	11306	16741
V	9840992	R	60	10388	142	11469	16906
V	9840992	R	60	10382	90	11110	16165
V	9840992	R	60	10375	166	11597	16545
V	9840992	R	60	10374	11	10628	15576
V	9840992	R	60	10373	63	10945	15839
V	9840992	R	60	10380	147	11456	16339
V	9840992	R	60	1352	52	10920	15483
V	9840992	R	60	10379	75	11024	15532
V	9840992	R	60	10374	54	10887	15314
V	9840992	R	60	10378	81	11058	15477
V	9840992	R	60	10374	10	10622	14924
V	9840992	R	60	10430	158	11599	15779
V	9840992	R	60	10373	107	11239	15372
V	9840992	R	60	10374	99	11175	15101
V	9840992	R	60	10380	65	10958	14760
V	9840992	R	60	10375	50	10863	14630
V	9840992	R	60	10378	58	10919	14647
V	9840992	R	60	10373	32	10748	14023
V	9840992	R	60	10445	42	10925	14187
V	9840992	R	60	10384	58	10940	14030
V	9840992	R	60	10378	75	11020	14099
V	9840992	R	60	10372	85	11070	14026
V	9840992	R	60	10370	91	11112	13995
V	9840992	R	60	10385	26	10743	13574
V	9840992	R	60	6435	19	10664	13324
V	9840992	R	60	10373	29	10735	13321
V	9840992	R	60	10376	27	10726	13297
V	9840992	R	60	10386	60	10947	13503
V	9840992	R	60	10384	55	10914	13442
V	9840992	R	60	10379	53	10891	13410
V	9840992	R	60	10373	57	10909	13400
V	9840992	R	60	10374	78	11040	13466
V	9840992	R	60	10376	75	11013	13405
V	9840992	R	60	10388	23	10715	13043
V	9840992	R	60	10370	58	10921	13220
V	9840992	R	60	10377	61	10931	13231
V	9840992	R	60	10367	78	11099	13351
V	9840992	R	60	10381	98	11165	13354
V	9840992	R	60	10363	59	10940	12952
V	9840992	R	60	10375	93	11157	13141
V	9840992	R	60	10393	162	11658	13625
V	9840992	R	60	10374	78	11030	12931
V	9840992	R	60	10380	65	10958	12787
V	9840992	R	60	10381	80	11053	12866
V	9840992	R	60	10375	85	11074	12860
V	9840992	R	60	10376	97	11150	12895
V	9840992	R	60	10375	54	10882	12572
V	9840992	R	60	10379	212	11844	13519
V	9840992	R	60	10399	86	11156	12822
V	9840992	R	60	10375	139	11401	12953
V	9840992	R	60	10381	41	10815	12243
V	9840992	R	60	10375	44	10827	12210
V	9840992	R	60	10386	13	10653	11981
V	9840992	R	60	10381	65	10959	12176
V	9840992	R	60	10375	154	11497	12675
V	9840992	R	60	10377	135	11382	12503
V	9840992	R	60	10379	126	11337	12437
V	9840992	R	60	10380	168	11659	12738
V	9840992	R	60	10374	44	10835	11910
V	9840992	R	60	10394	141	11496	12495
V	9840992	R	60	10375	78	11048	11962
V	9840992	R	60	10374	78	11030	11929
V	9840992	R	60	10375	85	11073	11966
V	9840992	R	60	10371	18	10674	11537
V	9840992	R	60	10373	24	10705	11541
V	9840992	R	60	10376	72	10996	11822
V	9840992	R	60	10374	122	11326	12078
V	9840992	R	60	10374	77	11025	11703
V	9840992	R	60	10386	296	12603	13232
V	9840992	R	60	10382	16	10666	11267
V	9840992	R	60	10377	98	11159	11694
V	9840992	R	60	10375	16	10660	11154
V	9840992	R	60	10381	33	10774	11255
V	9840992	R	60	10374	47	10844	11269
V	9840992	R	60	10376	163	11569	11984
V	9840992	R	60	10375	70	10979	11386
V	9840992	R	60	10403	122	11403	11763
V	9840992	R	60	10385	85	11149	11486
V	9840992	R	60	10376	79	11048	11313
V	9840983	R	60	10419	142	11498	11755
V	9840992	R	60	10375	119	11277	11518
V	9840992	R	60	10394	23	10721	10940
V	9840992	R	60	10379	86	11083	11300
V	9840992	R	49	10374	57	10926	11141
V	9840992	R	60	10386	27	10736	10948
X	1	L	60	-1172	15	1676	9485
X	1841	L	52	-115	993	6520	11681
X	1841	L	53	-115	1597	10371	15283
X	5029	R	60	-1	1975	12071	12627
X	5948	L	60	1	57	359	14709
X	5948	L	60	1	69	419	8896
X	5948	L	60	1	54	344	10817
X	5948	L	60	1	25	154	15476
X	5948	L	60	1	61	372	13103
X	5948	L	60	1	70	424	8855
X	5948	L	60	1	60	364	12756
X	5948	L	60	1	47	288	17080
X	5948	L	60	1	54	335	10171
X	5948	L	60	1	86	515	14972
X	5948	L	60	1	36	215	6632
X	5948	L	60	1	100	604	8699
X	5948	L	60	1	184	1276	11029
X	5948	L	60	-6	19	125	13661
X	5948	L	60	1	18	112	13241
X	5948	L	60	1	30	184	11159
X	5948	L	60	1	61	383	13785
X	5948	L	60	1	26	156	9018
X	5948	L	60	1	45	271	11070
X	5948	L	60	1	78	473	10506
X	5948	L	60	1	107	652	13958
X	5948	L	60	1	28	172	16824
X	5948	L	60	1	52	312	12503
X	5948	L	60	1	90	569	6659
X	5948	L	60	1	104	652	9975
X	5948	L	60	1	28	179	13704
X	5948	L	60	1	96	587	14415
X	5948	L	60	1	71	432	16289
X	5948	L	60	-7	64	435	12578
X	5948	L	60	1	80	491	11843
X	5948	L	60	1	153	957	15485
X	5948	L	60	1	12	72	7346
X	5948	L	60	1	65	430	12209
X	5948	L	60	1	51	310	11001
X	5948	L	60	1	17	106	14478
X	5948	L	60	1	66	401	5454
X	5948	L	60	-4	52	348	12756
X	5948	L	60	1	220	1534	22077
X	5948	L	60	1	44	268	7027
X	5948	L	60	1	68	553	14469
X	5948	L	60	1	93	603	8751
X	5948	L	60	1	27	174	8980
X	5948	L	60	1	91	567	9492
X	5948	L	60	1	170	1079	10129
X	5948	L	60	1	77	463	6887
X	5948	L	60	1	51	309	14516
X	5948	L	60	1	96	594	8219
X	5948	L	60	1	27	167	11306
X	5948	L	60	1	41	251	17227
X	5948	L	60	0	88	547	18806
X	5948	L	60	1	32	196	12318
X	5948	L	60	1	38	232	10087
X	5948	L	60	1	20	124	14917
X	5948	L	60	1	110	753	17100
X	5948	L	60	1	35	214	12511
X	5948	L	60	1	123	742	14812
X	5948	L	60	1	77	477	14953
X	5948	L	60	1	114	689	12653
X	5948	L	60	1	87	526	9625
X	5948	L	60	1	89	538	8116
X	5948	L	60	1	63	386	13694
X	5948	L	60	1	73	442	9994
X	5948	L	60	1	76	465	10732
X	5948	L	60	1	58	352	7796
X	5948	L	60	1	149	897	6718
X	5948	L	60	1	68	422	11716
X	5948	L	60	1	79	488	15559
X	5948	L	60	1	155	1008	7907
X	5948	L	60	1	46	280	5013
X	5948	L	60	1	135	814	9914
X	5948	L	60	1	107	673	13344
X	5948	L	60	1	68	417	12624
X	5948	L	60	1	107	676	9621
X	5948	L	60	1	104	646	12968
X	5948	L	60	1	52	316	11558
X	5948	L	60	1	59	363	10150
X	5948	L	60	1	61	370	10490
X	5948	L	60	1	132	802	8954
X	5948	L	60	1	51	320	10043
X	5948	L	60	1	119	713	10652
X	5948	L	60	1	109	688	12680
X	5948	L	60	1	169	1062	11214
X	5948	L	60	1	55	339	11674
X	5948	L	60	1	63	394	15283
X	5948	L	60	1	86	525	9919
X	5948	L	60	1	110	665	6830
X	5948	L	60	1	166	1018	8277
X	5948	L	60	1	49	343	12373
X	5948	L	60	1	115	699	12019
X	5948	L	60	1	44	268	8066
X	5948	L	60	1	48	299	9019
X	5948	L	60	1	77	476	10888
X	5948	L	60	1	110	713	14783
X	5948	L	60	1	107	651	7228
X	5948	L	60	1	72	431	10433
X	5948	L	60	1	112	703	15475
X	5948	L	60	1	84	503	10307
X	5948	L	60	1	20	119	5948
X	5948	L	60	1	153	926	10159
X	5948	L	60	1	55	339	9279
X	5948	L	60	1	108	661	9379
X	5948	L	60	1	130	784	9109
X	5948	L	60	1	35	230	7829
X	5948	L	60	1	54	351	17935
X	5948	L	60	1	50	309	16835
X	5948	L	60	0	170	1105	10040
X	5948	L	60	1	71	430	11209
X	5948	L	60	1	98	604	11665
X	5948	L	60	1	92	558	8323
X	5948	L	60	1	80	485	14877
X	5948	L	60	1	201	1313	17467
X	5948	L	60	1	47	308	9847
X	5948	L	60	1	155	954	13005
X	5948	L	60	1	73	447	11016
X	5948	L	60	1	72	436	9195
X	5948	L	60	1	53	322	8839
X	5948	L	60	1	24	148	10663
X	5948	L	60	1	32	196	16377
X	5948	L	60	1	10	64	13350
X	5948	L	60	1	56	361	9345
X	5948	L	60	1	105	658	14944
X	5948	L	60	1	16	100	15103
X	5948	L	60	1	41	250	12401
X	5948	L	60	1	65	391	14199
X	5948	L	60	-4	119	734	10663
X	5948	L	60	1	10	64	10980
X	5948	L	60	1	38	237	11729
X	5948	L	60	1	108	649	6652
X	5948	L	60	1	102	662	14601
X	5948	L	60	1	17	104	12548
X	5948	L	60	1	133	865	11463
X	5948	L	60	1	160	1017	6985
X	5948	L	60	1	91	560	10963
X	5948	L	60	1	57	346	7882
X	5948	L	60	1	144	892	16393
X	5948	L	60	1	113	678	10038
X	5948	L	60	1	105	693	12904
X	5948	L	60	1	129	838	12396
X	5948	L	60	1	99	598	10505
X	5948	L	60	1	101	609	11684
X	5948	L	60	1	172	1064	13257
X	5948	L	60	1	160	982	10218
X	5948	L	60	1	31	190	12237
X	5948	L	60	1	92	572	12130
X	5948	L	60	1	97	594	8145
X	5948	L	60	1	140	907	12402
X	5948	L	60	1	64	388	10180
X	5948	L	60	1	76	467	11367
X	5948	L	60	1	108	652	6665
X	5948	L	60	1	90	570	9245
X	5948	L	60	1	35	214	9931
X	5948	L	60	1	128	790	7671
X	5948	L	60	1	147	945	12642
X	5948	L	60	1	116	720	11541
X	5948	L	60	1	55	334	16339
X	5948	L	60	1	56	353	16445
X	5949	L	60	-1	33	211	17891
X	5950	L	60	-2	88	547	8401
X	5950	L	60	-2	40	275	13107
X	5950	L	60	-2	103	811	10356
X	5950	L	60	-2	61	390	9712
X	5951	L	60	-1	31	216	35942
X	5955	L	60	-7	94	660	15142
X	5955	L	60	-7	130	809	13380
X	5955	L	60	-7	41	263	17398
X	7614	L	1	0	1487	9124	9793
X	4673760	L	60	-1824	2	11358	23915
X	5323846	L	60	-1245	2	11232	26545
X	6090264	R	60	2899	2	10756	11011
X	6807554	R	60	4071	2	8706	22778
X	6988778	L	60	-7625	2	11087	13393
X	7195767	R	60	1458	2	16904	18855
X	7574134	L	60	-146	2	8719	18850
X	8838690	L	60	-7604	2	15586	16595
X	11714384	R	60	0	55	352	13394
X	11743800	R	60	-6	118	772	26872
X	11743800	R	60	-6	93	600	25475
X	11743800	R	60	-6	86	547	21838
X	11743800	R	60	-6	103	643	21361
X	11743800	R	60	-6	30	186	20583
X	11743800	R	60	-6	37	236	20501
X	11743800	R	60	-6	85	514	20649
X	11743800	R	60	-6	63	377	20072
X	11743800	R	60	-6	114	736	20128
X	11743800	R	60	-6	80	481	19196
X	11743800	R	60	-6	136	864	19412
X	11743800	R	60	-6	82	504	18906
X	11743800	R	60	-6	105	711	19132
X	11743800	R	60	-6	120	776	19027
X	11743800	R	60	-6	66	416	18307
X	11743800	R	60	-6	56	349	17894
X	11743800	R	60	-6	129	787	18227
X	11743800	R	60	-6	86	515	16521
X	11743800	R	60	-6	66	408	16088
X	11743800	R	60	-6	18	107	15757
X	11743800	R	60	-6	65	425	16046
X	11743795	R	60	-2	56	346	15684
X	11743800	R	60	-6	59	387	15728
X	11743800	R	60	-6	96	580	15886
X	11743800	R	60	-6	70	425	15532
X	11743796	R	60	-1	58	391	15434
X	11743800	R	60	-6	17	101	15018
X	11743800	R	60	-6	98	593	15324
X	11743800	R	60	-6	76	455	15148
X	11743800	R	60	-6	77	456	14950
X	11743800	R	60	-6	66	395	14786
X	11743800	R	60	-6	85	529	14816
X	11743800	R	60	-6	43	274	14457
X	11743800	R	60	-6	23	137	14301
X	11743800	R	60	-6	101	632	14675
X	11743800	R	60	-6	108	670	14672
X	11743800	R	60	-6	19	113	14123
X	11743800	R	60	-6	34	203	14076
X	11743800	R	60	-6	102	611	14335
X	11743800	R	60	-6	80	503	14189
X	11743800	R	60	-6	52	310	13904
X	11743800	R	60	-6	157	1009	14569
X	11743800	R	60	-6	83	502	14004
X	11743799	R	60	2	112	795	14289
X	11743800	R	60	-6	97	592	14077
X	11743799	R	60	2	48	300	13682
X	11743800	R	60	-6	99	613	13900
X	11743800	R	60	-6	122	731	14019
X	11743800	R	60	-6	81	485	13672
X	11743798	R	60	3	116	730	13786
X	11743800	R	60	-6	54	323	13316
X	11743800	R	60	-6	53	322	13277
X	11743800	R	60	-6	141	925	13870
X	11743800	R	60	-6	86	515	13408
X	11743800	R	60	-6	77	461	13302
X	11743800	R	60	-6	192	1202	14015
X	11743800	R	60	-6	127	890	13680
X	11743800	R	60	-6	76	455	13197
X	11743800	R	60	-6	77	487	13049
X	11743800	R	60	-6	57	341	12913
X	11743800	R	60	-6	102	618	13171
X	11743800	R	60	-6	76	461	13009
X	11743800	R	60	-6	59	358	12704
X	11743800	R	60	-6	81	502	12813
X	11743800	R	60	-6	148	934	13169
X	11743800	R	60	-6	75	459	12663
X	11743800	R	60	-6	57	341	12382
X	11743800	R	60	-6	151	905	12886
X	11743800	R	60	-6	70	424	12277
X	11743800	R	60	-6	88	532	12312
X	11743800	R	60	-6	132	804	12536
X	11743800	R	60	-6	93	610	12358
X	11743800	R	60	-6	130	786	12386
X	11743800	R	60	-6	51	305	11879
X	11743800	R	60	-6	43	284	11838
X	11743795	R	60	6	60	382	11899
X	11743800	R	60	-6	101	617	12107
X	11743800	R	60	-6	45	269	11734
X	11743800	R	60	-6	47	317	11734
X	11743800	R	60	-6	40	239	11615
X	11743800	R	60	-6	99	613	11951
X	11743800	R	60	-6	55	329	11668
X	11743800	R	60	-6	125	764	11999
X	11743796	R	60	1	112	698	11814
X	11743800	R	60	-6	57	374	11520
X	11743800	R	60	-6	77	466	11491
X	11743800	R	60	-6	82	491	11453
X	11743800	R	60	-6	117	708	11638
X	11743800	R	60	-6	85	506	11404
X	11743800	R	60	-6	72	436	11323
X	11743800	R	60	-6	96	602	11415
X	11743800	R	60	-6	58	347	11077
X	11743796	R	60	0	58	380	11043
X	11743794	R	60	1	68	521	11162
X	11743800	R	60	-6	49	303	10889
X	11743800	R	60	-6	56	335	10820
X	11743800	R	60	-6	23	132	10591
X	11743796	R	60	-1	64	408	10845
X	11743800	R	60	-6	68	412	10788
X	11743800	R	60	-6	38	227	10558
X	11743796	R	60	-1	15	93	10289
X	11743800	R	60	-6	146	875	11042
X	11743800	R	60	-6	36	216	10366
X	11743800	R	60	-6	67	401	10476
X	11743800	R	60	-6	64	409	10448
X	11743800	R	60	-6	84	502	10440
X	11743800	R	60	-6	71	435	10369
X	11743800	R	60	-6	30	179	10083
X	11743800	R	60	-6	95	564	10457
X	11743800	R	60	-6	19	113	9965
X	11743800	R	60	-6	76	455	10289
X	11743800	R	60	-6	89	594	10740
X	11743800	R	60	-6	134	839	10651
X	11743800	R	60	-6	17	98	9897
X	11743800	R	60	-6	209	1293	11091
X	11743800	R	60	-6	48	287	10020
X	11743800	R	60	-6	55	336	9999
X	11743800	R	60	-6	80	487	10153
X	11743800	R	60	-6	37	221	9811
X	11743800	R	60	-6	51	303	9884
X	11743800	R	60	-6	103	680	10276
X	11743800	R	60	-6	110	684	10233
X	11743800	R	60	-6	67	410	9908
X	11743800	R	60	-6	63	377	9866
X	11743800	R	60	-6	131	795	10220
X	11743800	R	60	-6	80	479	9863
X	11743800	R	60	-6	76	470	9813
X	11743800	R	60	-6	29	171	9441
X	11743800	R	60	-6	56	340	9569
X	11743800	R	60	-6	92	564	9795
X	11743800	R	60	-6	38	223	9354
X	11743800	R	60	-6	84	503	9552
X	11743800	R	60	-6	34	203	9145
X	11743800	R	60	-6	121	782	9629
X	11743800	R	60	-6	87	576	9412
X	11743800	R	60	-6	47	281	9078
X	11743800	R	60	-6	63	387	9018
X	11743800	R	60	-6	97	588	9110
X	11743800	R	60	-6	69	413	8887
X	11743800	R	60	-6	51	300	8676
X	11743800	R	60	-6	91	545	8789
X	11743799	R	60	0	57	373	8623
X	11743800	R	60	-6	143	950	9131
X	11743800	R	60	-6	100	614	8746
X	11743800	R	60	-6	15	89	8185
X	11743800	R	60	-6	62	371	8452
X	11743800	R	60	-6	103	628	8659
X	11743800	R	60	-6	112	683	8450
X	11743800	R	60	-6	136	888	8643
X	11743800	R	60	-6	86	518	8145
X	11743800	R	60	-6	57	346	7966
X	11743800	R	60	-6	61	365	7904
X	11743800	R	60	-6	23	137	7588
X	11743800	R	60	-6	89	533	7977
X	11743800	R	60	-6	85	509	7696
X	11743800	R	60	-6	90	554	7705
X	11743800	R	60	-6	64	386	7485
X	11743800	R	60	-6	17	96	7182
X	11743800	R	60	-6	71	422	7304
X	11743800	R	60	-6	133	847	7632
X	11743800	R	60	-6	88	547	7181
X	11743800	R	60	-6	149	958	7500
X	11743800	R	60	-6	132	803	7029
X	11743800	R	60	-6	76	455	6647
X	11743800	R	60	-6	133	812	6935
X	11743800	R	60	-6	120	734	6816
X	11743800	R	60	-6	128	767	6843
X	11743800	R	60	-6	84	575	6552
X	11743800	R	60	-6	105	629	6437
X	11743800	R	60	-6	71	431	6183
X	11743800	R	60	-6	83	497	6075
X	11743800	R	60	-6	47	281	5701
X	11743800	R	60	-6	108	654	5975
X	11743800	R	60	-6	95	565	5568
X	11743800	R	60	-6	103	617	5551
X	11743800	R	60	-6	45	269	5111
X	11763058	R	60	2424	1164	9689	13893
X	11763057	R	51	-1	1776	10751	11172
