I	10367	L	60	-2	273	1908	34562
I	10367	L	60	-2	927	6334	11596
I	10367	L	60	-2	1656	10309	34737
I	10367	L	1	-4	2588	16085	19312
I	10367	L	60	-2	1179	8034	25589
I	10367	L	60	-2	5	35	14305
I	10367	L	60	-2	2303	16745	27272
I	10367	L	60	-3	9	64	7589
I	10367	L	60	-2	52	393	10210
I	10367	L	60	-1	11	81	23756
I	10367	L	60	-2	611	4929	19687
I	10367	L	60	-2	910	7911	15022
I	10367	L	60	-2	18	149	9123
I	10367	L	60	-7	36	263	8594
I	10367	L	60	-2	8	53	5458
I	10367	L	60	-2	6	52	10881
I	10367	L	60	-2	4	30	5764
I	10367	L	60	-4	7	49	16967
I	10368	L	0	-13	866	6259	6485
I	10368	L	60	-2	4	26	4881
I	10369	L	60	-6	1756	10900	26068
I	10369	L	60	-6	7	48	5469
I	10371	L	60	-4	551	3877	21239
I	10371	L	1	-4	812	5093	7939
I	10371	L	60	-5	5	37	12818
I	10371	L	60	-10	3	31	4795
I	10371	L	60	-4	5	45	10782
I	10371	L	60	-3	8	67	10758
I	10376	L	60	-3	694	4383	12392
I	15425	L	1	2	2393	16468	18267
I	15425	L	1	2	706	5848	8169
I	15425	L	9	2	1111	6826	8521
I	15425	L	1	2	1665	10587	12185
I	15425	L	1	2	397	3197	5723
I	27181	L	60	-19	12	122	14455
I	27181	L	60	0	181	1180	22851
I	27181	L	60	-13	9	83	22624
I	27185	L	60	1	88	536	19775
I	27185	L	60	1	140	860	34322
I	27185	L	60	1	176	1114	20347
I	27185	L	60	1	88	567	22080
I	27185	L	60	1	92	642	18633
I	27185	L	60	1	184	1124	20898
I	27185	L	60	1	111	695	13607
I	27185	L	60	1	84	599	25288
I	27185	L	60	1	115	856	16659
I	27185	L	60	1	129	848	22397
I	27185	L	60	1	109	687	11136
I	27185	L	60	1	50	413	25100
I	27185	L	60	1	113	755	21229
I	27185	L	60	1	156	959	26323
I	27185	L	60	1	139	901	28909
I	27185	L	60	1	80	567	24068
I	27185	L	60	1	140	883	9618
I	27185	L	60	1	88	565	12163
I	27185	L	60	1	101	696	16319
I	27185	L	60	1	169	1038	14522
I	27185	L	60	1	129	882	9293
I	27185	L	60	1	149	964	25661
I	27185	L	60	1	217	1392	27109
I	27185	L	60	1	128	919	9130
I	27185	L	60	1	150	1239	23820
I	27185	L	60	1	78	569	25761
I	27185	L	60	1	81	502	27248
I	27185	L	60	1	52	417	29095
I	27185	L	60	1	51	435	19536
I	27185	L	60	1	124	772	11046
I	27185	L	60	1	121	775	9805
I	27185	L	60	1	136	891	14382
I	27185	L	60	1	9	65	29862
I	27185	L	60	1	119	839	6269
I	27185	L	60	1	96	789	28527
I	27185	L	60	1	103	680	18041
I	27185	L	60	1	120	740	28287
I	27185	L	60	1	169	1084	22768
I	27185	L	60	1	179	1193	22324
I	27185	L	60	1	129	1020	20638
I	27185	L	60	1	224	1428	6328
I	27185	L	60	1	122	765	34028
I	27185	L	60	1	200	1248	6419
I	27185	L	60	1	135	958	21005
I	27185	L	60	1	142	1008	37698
I	27185	L	60	1	91	615	17452
I	27185	L	60	1	145	971	7456
I	27185	L	60	-12	60	592	9245
I	27185	L	60	1	162	1023	10953
I	27185	L	60	1	146	915	15667
I	27185	L	60	1	89	610	6589
I	27185	L	60	1	167	1072	17032
I	27185	L	60	1	63	381	20747
I	27185	L	60	1	145	903	13952
I	27185	L	60	1	215	1371	8911
I	27185	L	60	1	152	1016	26254
I	27185	L	60	1	112	959	7020
I	27185	L	60	1	94	579	17357
I	27185	L	60	1	200	1248	12076
I	27185	L	60	1	114	724	31028
I	27185	L	60	1	112	697	16395
I	27185	L	60	1	124	782	17168
I	27185	L	60	1	59	372	28013
I	27185	L	60	1	129	863	6922
I	27185	L	60	1	175	1074	10952
I	27185	L	60	1	69	481	9232
I	27185	L	60	1	125	875	6341
I	27185	L	60	1	105	725	24692
I	27185	L	60	1	132	834	23881
I	27185	L	60	1	155	981	29408
I	27185	L	60	1	197	1273	23203
I	27185	L	60	1	90	564	13552
I	27185	L	60	1	128	814	13815
I	27185	L	60	1	190	1297	29022
I	27185	L	60	1	107	678	11459
I	27185	L	60	1	174	1100	19483
I	27185	L	60	1	131	823	30877
I	27185	L	60	-8	93	616	15522
I	27185	L	60	1	111	722	15797
I	27185	L	60	1	101	649	17795
I	27185	L	60	1	98	647	14736
I	27185	L	60	1	243	1567	7782
I	27185	L	60	1	143	949	18050
I	27185	L	60	1	169	1109	19669
I	27185	L	60	1	159	1001	26329
I	27185	L	60	1	14	92	22639
I	27185	L	60	1	6	46	5854
I	27185	L	60	-21	17	142	13190
I	27185	L	60	1	33	322	36497
I	27185	L	60	1	8	65	21173
I	27185	L	60	1	2	26	32611
I	27185	L	60	1	16	108	31564
I	27185	L	60	1	3	25	18178
I	27185	L	60	1	5	31	6262
I	27185	L	60	-18	3	40	6774
I	27185	L	60	1	10	80	36750
I	27185	L	60	1	148	1280	7028
I	27185	L	60	1	9	65	14323
I	27185	L	60	1	10	82	33357
I	27185	L	60	1	17	137	7288
I	27185	L	60	1	5	47	19767
I	27185	L	60	1	12	101	25097
I	27185	L	60	1	6	37	22137
I	27185	L	60	1	3	21	20959
I	27185	L	60	1	56	12891	35281
I	27185	L	60	1	18	160	21225
I	27185	L	60	1	10	64	25579
I	27185	L	60	1	51	25908	50114
I	27185	L	60	1	5	39	14809
I	27185	L	60	-9	7	54	3967
I	27185	L	60	1	21	172	25236
I	27185	L	60	1	4	33	9049
I	27185	L	60	1	9	60	21025
I	27185	L	60	1	10	75	13389
I	27185	L	60	1	13	116	23457
I	27185	L	60	1	5	48	9794
I	27185	L	60	1	2	24	16394
I	27185	L	60	1	12	85	29657
I	27185	L	60	1	11	89	8427
I	27185	L	60	1	6	55	29731
I	27185	L	60	1	5	47	18419
I	27185	L	60	1	8	57	15152
I	27185	L	60	1	5	37	26135
I	27185	L	60	1	12	85	18454
I	27185	L	60	-12	10	80	20056
I	27185	L	60	1	3	29	37063
I	27185	L	60	1	16	118	13074
I	27185	L	60	1	20	197	27700
I	27185	L	60	1	7	49	26240
I	27185	L	60	1	3	26	12867
I	27185	L	60	1	17	156	8996
I	27185	L	60	1	8	79	10187
I	27185	L	60	-7	8	88	21157
I	27185	L	60	1	8	66	14773
I	27185	L	60	1	9	57	27495
I	27185	L	60	-7	10	90	15485
I	27185	L	60	1	38	313	20399
I	27185	L	60	1	6	37	46662
I	27185	L	60	1	84	748	12104
I	27185	L	60	1	7	50	10884
I	27185	L	60	1	7	61	18531
I	27185	L	60	1	4	38	28847
I	27185	L	60	1	4	47	26276
I	27185	L	60	1	141	1137	15955
I	27185	L	60	1	7	44	16631
I	27185	L	60	1	91	830	15837
I	27185	L	60	1	202	1550	5900
I	27185	L	60	-8	30	272	17584
I	27185	L	60	1	21	186	27668
I	27185	L	60	1	7	61	24572
I	27185	L	60	1	46	435	7305
I	27185	L	60	1	32	276	5769
I	27185	L	60	1	15	119	29443
I	27185	L	60	1	23	164	22039
I	27187	L	60	-2	101	634	13761
I	27187	L	60	-2	168	1127	6001
I	27187	L	60	-2	9	59	22580
I	27188	L	60	-4	63	476	5885
I	27193	L	60	5	63	488	4348
I	27196	L	60	-8	104	772	16334
I	27255	L	60	2	82	564	12757
I	915947	L	60	-2020	4	15684	31117
I	5786023	R	60	6256	6	29835	66865
I	6943638	R	60	3601	2	10204	20736
I	8860881	R	60	6	9	68	41631
I	8860881	R	60	0	119	762	42032
I	8860881	R	60	0	10	65	34419
I	8860881	R	60	6	8	59	34402
I	8860881	R	60	0	10	76	33224
I	8860881	R	60	0	11	89	32314
I	8860881	R	60	6	38	355	31910
I	8860881	R	60	0	136	841	32188
I	8860881	R	60	5	25	169	30449
I	8860881	R	60	0	150	915	31108
I	8860881	R	60	0	86	553	29821
I	8860881	R	60	0	8	62	29280
I	8860881	R	60	0	107	842	29696
I	8860881	R	60	0	12	96	28743
I	8860881	R	60	0	16	137	28715
I	8860881	R	60	0	9	71	28403
I	8860881	R	60	0	140	993	29287
I	8860881	R	60	0	163	1001	29188
I	8860881	R	60	0	91	630	28750
I	8860881	R	60	0	11	100	27875
I	8860881	R	60	0	138	877	28418
I	8860881	R	60	0	68	431	27630
I	8860881	R	60	0	46	392	27489
I	8860881	R	60	8	19	151	27155
I	8860881	R	60	0	93	628	27608
I	8860881	R	60	0	66	426	27285
I	8860881	R	60	0	137	897	27554
I	8860881	R	60	0	83	549	27169
I	8860881	R	60	0	148	1131	27506
I	8860881	R	60	0	150	943	26954
I	8860881	R	60	0	5	60	25821
I	8860881	R	60	0	13	97	25571
I	8860881	R	60	0	31	304	25588
I	8860881	R	60	0	10	99	24771
I	8860881	R	60	0	15	112	24691
I	8860881	R	60	0	201	1233	25696
I	8860881	R	60	0	115	736	24997
I	8860881	R	60	0	8	76	24168
I	8860881	R	60	0	10	83	23963
I	8860881	R	60	0	26	212	24123
I	8860881	R	60	0	10	86	23784
I	8860881	R	60	0	112	757	24410
I	8860881	R	60	0	94	603	24236
I	8860881	R	60	0	4	42	23353
I	8860881	R	60	0	11	87	23535
I	8860881	R	60	0	171	1104	24563
I	8860881	R	60	0	15	130	23578
I	8860878	R	60	1	143	899	24263
I	8860881	R	60	0	7	56	22945
I	8860881	R	60	6	5	62	22592
I	8860881	R	60	0	13	84	22729
I	8860881	R	60	0	13	110	22744
I	8860881	R	60	0	128	794	23148
I	8860881	R	60	0	10	74	22342
I	8860879	R	60	13	15	129	22036
I	8860881	R	60	0	10	98	21947
I	8860881	R	60	0	144	1282	23001
I	8860881	R	60	0	102	971	22543
I	8860881	R	60	0	12	114	21629
I	8860878	R	60	1	196	1236	22650
I	8860881	R	60	0	124	780	22115
I	8860881	R	60	0	197	1226	22363
I	8860881	R	60	0	14	96	21249
I	8860881	R	60	0	6	47	20777
I	8860881	R	60	0	11	67	20894
I	8860881	R	60	0	3	40	20715
I	8860881	R	60	0	5	52	20705
I	8860881	R	60	0	131	819	21454
I	8860881	R	60	0	75	462	21057
I	8860880	R	60	9	107	832	21119
I	8860881	R	60	0	12	87	20419
I	8860881	R	60	0	6	58	20267
I	8860881	R	60	0	7	53	20269
I	8860881	R	60	0	133	862	20547
I	8860881	R	60	0	10	79	19755
I	8860881	R	60	0	5	49	19414
I	8860881	R	60	-6	70	466	19670
I	8860881	R	60	0	13	103	19112
I	8860881	R	60	0	35	261	19305
I	8860881	R	60	7	79	581	19544
I	8860881	R	60	0	82	542	19360
I	8860881	R	60	0	79	530	19270
I	8860881	R	60	0	181	1157	19856
I	8860881	R	60	0	169	1063	19753
I	8860881	R	60	0	23	192	18512
I	8860881	R	60	0	18	132	18417
I	8860881	R	60	5	33	256	18279
I	8860881	R	60	8	16	108	18320
I	8860881	R	60	0	180	1200	19313
I	8860881	R	60	0	58	549	18731
I	8860881	R	60	0	58	462	18105
I	8860881	R	60	0	13	88	17739
I	8860881	R	60	0	14	123	17784
I	8860881	R	60	0	32	272	17442
I	8860881	R	60	0	54	464	17699
I	8860881	R	60	0	13	82	17087
I	8860881	R	60	0	14	101	17104
I	8860881	R	60	0	21	171	17145
I	8860881	R	60	0	97	662	17492
I	8860857	R	60	3	107	827	17139
I	8860881	R	60	0	21	156	16483
I	8860881	R	60	0	156	1011	17257
I	8860881	R	60	0	226	1527	17766
I	8860881	R	60	19	26	247	16240
I	8860881	R	60	0	156	1305	17358
I	8860881	R	60	0	145	1307	17057
I	8860881	R	60	0	24	195	16188
I	8860881	R	60	0	140	904	16688
I	8860881	R	60	0	154	1034	16587
I	8860881	R	60	0	53	479	15812
I	8860881	R	60	0	5	41	15041
I	8860881	R	60	0	23	187	15003
I	8860881	R	60	0	110	793	14867
I	8860881	R	60	0	9	59	14286
I	8860881	R	60	0	187	1242	15082
I	8860881	R	60	0	215	1469	15246
I	8860881	R	60	0	11	76	13297
I	8860881	R	60	0	27	234	13461
I	8860881	R	60	0	83	632	13641
I	8860881	R	60	0	60	484	13580
I	8860881	R	60	0	107	970	14087
I	8860881	R	60	0	184	1237	14276
I	8860881	R	60	0	209	1372	14261
I	8860881	R	60	0	14	108	12946
I	8860881	R	60	0	13	108	12747
I	8860881	R	60	0	9	80	12675
I	8860881	R	60	0	110	973	13559
I	8860881	R	60	0	232	1519	13774
I	8860881	R	60	0	185	1306	13291
I	8860881	R	60	0	12	98	12162
I	8860881	R	60	0	50	460	12100
I	8860881	R	60	0	97	856	11836
I	8860881	R	60	0	204	1305	12269
I	8860881	R	60	0	213	1323	12275
I	8860881	R	60	0	143	876	11655
I	8860881	R	60	0	164	1020	11732
I	8860881	R	60	4	18	142	10671
I	8860881	R	60	0	148	1230	11814
I	8860881	R	60	0	6	48	10367
I	8860881	R	60	9	15	128	10433
I	8860881	R	60	0	104	716	11071
I	8860881	R	60	0	20	171	10550
I	8860881	R	60	0	152	1004	11353
I	8860881	R	60	8	4	42	10108
I	8860881	R	60	-6	91	580	10597
I	8860881	R	60	0	173	1094	11008
I	8860881	R	60	0	14	90	9730
I	8860881	R	60	6	17	145	9724
I	8860881	R	60	0	113	758	9709
I	8860881	R	60	0	202	1655	10614
I	8860881	R	60	0	154	1002	9906
I	8860881	R	60	0	13	89	8750
I	8860881	R	60	0	137	1105	9808
I	8860881	R	60	0	79	536	8856
I	8860881	R	60	0	152	1066	9030
I	8860881	R	60	0	121	866	8653
I	8860881	R	60	7	4	42	7865
I	8860881	R	60	0	169	1090	8782
I	8860881	R	60	0	23	171	7776
I	8860881	R	60	0	28	294	7786
I	8860881	R	60	0	12	80	7535
I	8860881	R	60	0	16	127	7490
I	8860881	R	60	0	203	1291	8560
I	8860881	R	60	0	115	746	7918
I	8860881	R	60	7	116	787	7913
I	8860881	R	60	0	38	343	6779
I	8860877	R	60	4	84	695	6998
I	8860881	R	60	0	132	1075	7177
I	8860881	R	60	0	6	59	5791
I	8860881	R	60	0	11	99	5791
I	8860881	R	60	0	79	593	5858
I	8860881	R	60	0	127	1114	6331
I	8860881	R	60	0	101	819	6026
I	8860881	R	60	0	11	93	5082
I	8860858	R	60	25	63	492	5389
I	8860881	R	60	-6	115	723	5363
I	8860881	R	60	0	185	1259	5800
I	8860881	R	60	0	181	1317	5745
I	8885177	R	60	14	17	141	28652
I	8860881	R	60	0	170	1203	5415
I	8860881	R	60	9	11	103	4265
I	8860880	R	60	1	189	1623	2754
I	8885179	R	60	10	135	1193	22974
I	8885177	R	60	5	161	1226	22540
I	8885178	R	60	3	221	1846	20790
I	8885178	R	60	15	651	5500	24383
I	8885177	R	60	14	405	3303	21545
I	8885178	R	60	12	1870	11903	29075
I	8885178	R	60	9	2	23	16548
I	8885179	R	60	6	631	4689	19572
I	8885179	R	60	8	2280	15270	29759
I	8885183	R	60	-1	583	4513	17974
I	8885179	R	60	8	272	1946	15011
I	8885179	R	60	8	1857	11617	24498
I	8885179	R	60	9	186	1563	13966
I	8885179	R	60	14	945	7754	19861
I	8885179	R	60	8	278	1967	13299
I	8885171	R	60	19	215	1441	11692
I	8885183	R	60	12	184	1505	11553
I	8885179	R	60	8	1095	7561	17433
I	8885179	R	60	15	4518	28654	38384
I	8885179	R	60	8	1027	6525	16045
I	8885177	R	60	14	179	1234	10665
I	8885166	R	60	17	1545	10692	19539
I	8885179	R	60	8	3665	23029	32118
I	8885179	R	60	8	2229	13697	22553
I	8885179	R	60	8	14	118	8816
I	8885179	R	60	16	217	1420	10124
I	8885179	R	60	10	940	7579	16234
I	8885179	R	60	8	11	80	8547
I	8885179	R	60	8	1049	8722	17105
I	8885179	R	60	8	5	54	8177
I	8885149	R	60	30	248	1840	9780
I	8885185	R	60	2	211	1801	9741
I	8885179	R	60	11	2810	17407	25127
I	8885179	R	60	8	17	146	7779
I	8885188	R	60	-1	513	4105	11715
I	8885179	R	60	8	3043	21050	28584
I	8885179	R	60	8	1424	11456	18572
I	8885177	R	60	14	439	2956	9679
I	8885179	R	60	6	8	66	6155
I	8885179	R	60	8	2323	16220	22124
I	8885183	R	60	6	13	109	5699
I	8885177	R	60	13	812	5850	11279
I	8885177	R	60	14	193	1333	6805
I	8885179	R	60	15	2403	17045	22257
I	8885179	R	60	11	242	2066	7010
I	8885179	R	60	10	2074	14861	19550
I	8885179	R	60	8	283	2307	6941
I	8885179	R	60	5	6	55	4268
I	8885179	R	60	8	395	2602	6656
I	8885171	R	60	16	6	57	4073
I	8885179	R	60	8	22	164	4042
I	8885179	R	60	16	2172	13511	17194
I	8885179	R	60	8	506	3735	7446
I	8885178	R	60	7	1373	9626	13228
I	8885179	R	60	8	150	1273	4729
I	8885179	R	60	15	544	4659	7904
I	8885178	R	60	12	24	197	3443
I	8885159	R	60	22	746	6082	9138
I	8885179	R	60	8	164	1474	4580
I	8885177	R	60	9	559	3603	6477
I	8885177	R	60	14	365	3279	5601
I	8885179	R	60	8	669	5670	7711
I	8885179	R	60	7	2564	17714	19285
I	8885172	R	60	14	15	119	1634
I	8885177	R	60	14	1790	12399	13809
I	8885130	R	60	0	362	2829	4117
I	8885176	R	60	14	370	3190	4240
I	8885177	R	60	14	824	5705	6711
I	8885179	R	60	8	32	273	1066
I	8885179	R	60	7	1150	8542	9284
II	15052	L	60	-1	1019	7060	8672
II	15052	L	60	-1	253	1904	6396
II	15052	L	60	-1	270	1894	19591
II	15052	L	60	-1	3704	24072	28195
II	15052	L	60	-1	962	5909	26627
II	15052	L	60	-1	3193	22415	28709
II	15052	L	60	-1	3561	23285	34645
II	15052	L	60	-1	2230	15157	24453
II	15052	L	60	-1	2991	22299	25951
II	15052	L	59	-1	3262	23789	25516
II	15052	L	60	-1	1052	6665	18051
II	15052	L	60	-1	323	2504	19854
II	15052	L	60	-1	987	7017	32670
II	15052	L	60	-1	1875	12826	25847
II	15052	L	60	-1	930	5968	16903
II	15052	L	60	-1	1871	12550	16215
II	15052	L	60	-1	381	2717	6269
II	15052	L	58	-1	2065	12740	13205
II	15052	L	53	-1	658	4722	5186
II	15052	L	60	-1	2355	14949	21811
II	15052	L	60	-1	880	5468	8844
II	15052	L	60	-1	1860	12183	24525
II	15052	L	60	-1	514	4122	9273
II	15052	L	60	-1	195	1658	18598
II	15052	L	60	-1	167	1469	15290
II	15052	L	60	-1	1004	8784	24833
II	15052	L	60	-1	806	6283	22131
II	15052	L	60	-1	470	4339	43577
II	15052	L	60	-1	10	116	5017
II	15052	L	60	-1	13	111	7853
II	15052	L	60	-1	13	107	10155
II	15052	L	60	-1	464	3882	16278
II	15052	L	60	-6	26	219	2853
II	15052	L	60	-1	10	85	12683
II	15052	L	60	-1	960	7494	10969
II	15052	L	60	-1	12	99	9126
II	15052	L	60	-1	737	5674	19796
II	15052	L	60	-1	139	1129	9103
II	15052	L	60	-1	14	101	3878
II	15056	L	60	-4	1065	6522	10904
II	15056	L	60	1	825	5189	7115
II	15057	L	60	-4	185	1301	20169
II	25176	L	60	-21	7	76	15422
II	25176	L	60	-4	7	46	22548
II	25177	L	60	0	54	380	19291
II	25177	L	60	0	53	432	13423
II	25181	L	60	1	203	1325	5876
II	25181	L	60	1	140	876	12511
II	25181	L	60	1	141	914	13367
II	25181	L	60	1	172	1299	19531
II	25181	L	60	1	68	439	20915
II	25181	L	60	1	147	946	24101
II	25181	L	60	1	79	614	8071
II	25181	L	60	1	76	565	26750
II	25181	L	60	1	107	713	10546
II	25181	L	60	1	115	811	5986
II	25181	L	60	1	184	1373	17529
II	25181	L	60	1	98	673	13803
II	25181	L	60	1	170	1076	19982
II	25181	L	60	1	71	438	27572
II	25181	L	60	1	191	1203	12346
II	25181	L	60	1	246	1599	7099
II	25181	L	60	1	215	1378	14636
II	25181	L	60	1	186	1244	24342
II	25181	L	60	1	116	734	11656
II	25181	L	60	1	78	542	20889
II	25181	L	60	1	172	1093	19700
II	25181	L	60	1	81	566	20695
II	25181	L	60	1	63	529	7645
II	25181	L	60	1	234	1510	15562
II	25181	L	60	1	206	1337	35529
II	25181	L	60	1	163	1019	31206
II	25181	L	60	1	109	702	26993
II	25181	L	60	1	25	184	41462
II	25181	L	60	1	185	1162	29426
II	25181	L	60	-7	146	972	11853
II	25181	L	60	1	190	1295	5842
II	25181	L	60	1	85	586	12285
II	25181	L	60	1	154	1453	4222
II	25181	L	60	-6	117	878	13171
II	25181	L	60	1	92	636	14271
II	25181	L	60	1	130	885	29591
II	25181	L	60	1	81	507	19802
II	25181	L	60	1	67	438	12410
II	25181	L	60	1	184	1154	12454
II	25181	L	60	1	90	711	6475
II	25181	L	60	-3	45	313	23431
II	25181	L	60	1	107	730	23748
II	25181	L	60	1	39	289	15442
II	25181	L	60	1	154	971	15741
II	25181	L	60	1	62	419	26844
II	25181	L	60	1	159	999	19592
II	25181	L	60	1	123	818	29567
II	25181	L	60	1	93	696	28544
II	25181	L	60	1	45	376	32083
II	25181	L	60	1	79	568	26690
II	25181	L	60	1	34	223	25952
II	25181	L	60	1	111	878	7426
II	25181	L	60	1	76	548	9777
II	25181	L	60	1	184	1180	14346
II	25181	L	60	1	116	760	13098
II	25181	L	60	1	155	1180	7339
II	25181	L	60	1	68	433	20401
II	25181	L	60	-6	70	478	7094
II	25181	L	60	1	194	1296	11264
II	25181	L	60	1	111	948	11646
II	25181	L	60	1	205	1395	10524
II	25181	L	60	1	171	1054	5350
II	25181	L	60	1	90	679	10252
II	25181	L	60	1	65	422	10188
II	25181	L	60	1	128	804	35804
II	25181	L	60	1	36	9253	24743
II	25181	L	60	1	102	640	26028
II	25181	L	60	1	114	738	10201
II	25181	L	60	1	194	1322	13378
II	25181	L	60	1	133	889	12681
II	25181	L	60	1	109	701	20382
II	25181	L	60	1	116	731	20388
II	25181	L	60	1	196	1292	28466
II	25181	L	60	1	142	881	29061
II	25181	L	60	1	112	750	32314
II	25181	L	60	1	69	496	10178
II	25181	L	60	1	141	877	31205
II	25181	L	60	1	175	1061	32440
II	25181	L	60	1	121	772	10673
II	25181	L	60	1	100	637	6149
II	25181	L	60	1	100	701	20128
II	25181	L	60	1	24	167	22387
II	25181	L	60	1	42	398	22519
II	25181	L	60	1	29	193	18185
II	25181	L	60	1	9	53	6905
II	25181	L	60	1	66	550	39623
II	25181	L	60	1	21	152	22520
II	25181	L	60	-5	13	111	8103
II	25181	L	60	1	21	167	29747
II	25181	L	60	1	50	343	13984
II	25181	L	60	1	10	77	29175
II	25181	L	60	1	5	40	9924
II	25181	L	60	1	16	112	20907
II	25181	L	60	1	21	167	28420
II	25181	L	60	1	4	42	15972
II	25181	L	60	-6	20	178	21682
II	25181	L	60	1	15	123	20472
II	25181	L	60	1	28	247	31890
II	25181	L	60	1	19	127	33362
II	25181	L	60	1	13	121	8109
II	25181	L	60	1	18	145	28735
II	25181	L	60	1	23	178	18939
II	25181	L	60	1	15	114	20910
II	25181	L	60	1	16	107	23763
II	25181	L	60	1	17	131	19083
II	25181	L	60	1	25	192	5393
II	25181	L	60	-7	11	116	16628
II	25181	L	60	1	134	1088	15354
II	25181	L	60	1	8	57	25877
II	25181	L	60	1	8	69	30890
II	25181	L	60	1	89	43821	86641
II	25181	L	60	1	7	60	21414
II	25181	L	60	1	20	158	33263
II	25181	L	60	1	14	123	33099
II	25181	L	60	1	9	86	4880
II	25181	L	60	1	11	85	32412
II	25181	L	60	1	17	143	23493
II	25181	L	60	1	207	1591	15243
II	25181	L	60	1	15	118	29316
II	25181	L	60	1	19	145	8555
II	25181	L	60	-5	4	41	25836
II	25181	L	60	1	16	138	16320
II	25181	L	60	1	15	146	30934
II	25181	L	60	1	21	139	31494
II	25181	L	60	1	13	101	18518
II	25181	L	60	1	11	73	18152
II	25181	L	60	-8	148	1073	9412
II	25181	L	60	1	20	186	15820
II	25181	L	60	1	68	557	13512
II	25181	L	60	1	26	221	4362
II	25181	L	60	1	83	732	10946
II	25181	L	60	-5	20	172	21619
II	25181	L	60	1	23	173	20863
II	25181	L	60	1	20	151	12100
II	25181	L	60	1	11	71	20814
II	25181	L	60	-12	61	447	6707
II	25181	L	60	1	17	109	19692
II	25181	L	60	1	11	87	18928
II	25181	L	60	1	104	874	29459
II	25181	L	60	-8	153	1140	8928
II	25181	L	60	-8	16	126	20917
II	25181	L	60	1	84	678	11269
II	25181	L	60	1	70	630	20432
II	25181	L	60	1	112	873	6950
II	25181	L	60	1	28	207	6809
II	25181	L	60	1	13	111	25883
II	25181	L	60	1	24	191	7303
II	25181	L	60	-5	14	113	29983
II	25181	L	60	1	26	186	30509
II	25181	L	60	1	18	162	24845
II	25181	L	60	1	96	777	10794
II	25181	L	60	1	253	1807	6701
II	25181	L	60	1	161	1155	7745
II	25181	L	60	1	30	236	28172
II	25181	L	60	1	22	169	20902
II	25181	L	60	1	14	105	20329
II	25181	L	60	1	15	113	25996
II	25181	L	60	1	63	506	14487
II	25182	L	60	-9	14	127	29689
II	25182	L	60	-8	22	160	19802
II	25184	L	60	-17	13	132	14786
II	25184	L	60	-4	16	146	13721
II	25184	L	60	-9	4	48	6601
II	25184	L	60	-1	4	31	32812
II	25184	L	60	-14	8	73	16032
II	25184	L	60	-1	34	267	12743
II	25184	L	60	-6	48	417	14241
II	25184	L	60	-16	10	81	6816
II	25185	L	60	-1	58	472	6265
II	25186	L	60	-3	96	673	13537
II	25186	L	60	1	22	163	26391
II	25188	L	60	-4	60	3119	5298
II	25188	L	60	-18	23	202	14594
II	25188	L	60	-4	5	48	26582
II	25188	L	60	-5	2	23	14685
II	25188	L	60	-4	65	584	10294
II	25188	L	60	-4	99	788	6626
II	25191	L	60	-10	55	402	6150
II	25191	L	60	-19	100	900	12790
II	25192	L	60	-11	43	382	7542
II	25206	L	60	3	48	299	19218
II	1721154	L	60	-2607	2	12764	26740
II	5546140	R	60	12255	2	24903	50969
II	8999761	R	60	0	19	164	39489
II	8999761	R	60	0	123	788	38874
II	8999761	R	60	0	119	742	38384
II	8999761	R	60	0	141	895	37534
II	8999761	R	60	0	58	364	33347
II	8999761	R	60	0	9	65	32880
II	8999761	R	60	0	4	48	32495
II	8999761	R	60	0	6	41	32198
II	8999761	R	60	0	186	1238	31950
II	8999761	R	60	0	74	589	30846
II	8999761	R	60	0	121	761	30679
II	8999757	R	60	3	70	469	29889
II	8999761	R	60	0	9	69	29371
II	8999755	R	60	-6	78	476	29144
II	8999761	R	60	0	4	28	28549
II	8999761	R	60	0	124	826	28672
II	8999761	R	60	0	20	149	27899
II	8999761	R	60	11	7	81	27770
II	8999761	R	60	0	13	111	27533
II	8999761	R	60	0	149	1038	28486
II	8999761	R	60	0	10	79	26930
II	8999761	R	60	0	118	728	27537
II	8999761	R	60	0	5	40	26616
II	8999761	R	60	0	86	572	25993
II	8999761	R	60	0	224	1467	26765
II	8999761	R	60	9	132	1128	26222
II	8999753	R	60	4	135	874	25878
II	8999761	R	60	0	177	1110	26064
II	8999761	R	60	0	7	47	24645
II	8999761	R	60	0	62	406	25039
II	8999761	R	60	0	150	1025	25587
II	8999761	R	60	0	95	614	24975
II	8999761	R	60	0	112	694	25033
II	8999761	R	60	0	181	1138	25431
II	8999761	R	60	0	21	143	24369
II	8999761	R	60	0	8	58	24121
II	8999761	R	60	0	182	1197	25122
II	9010180	R	60	-1	625	4407	38618
II	8999761	R	60	0	9	93	23915
II	8999761	R	60	0	80	546	24224
II	8999761	R	60	0	14	100	23571
II	8999761	R	60	0	7	55	22756
II	8999761	R	60	0	140	894	23705
II	8999761	R	60	0	17	161	22689
II	8999761	R	60	0	215	1368	23673
II	8999761	R	60	21	7	88	21991
II	8999761	R	60	0	13	90	21127
II	8999761	R	60	0	34	255	20957
II	8999749	R	60	5	2	19	20708
II	8999761	R	60	0	3	24	20376
II	8999761	R	60	0	8	56	20400
II	8999761	R	60	0	27	223	20581
II	8999761	R	60	0	15	137	20333
II	8999761	R	60	0	6	50	20178
II	8999761	R	60	0	171	1117	21229
II	8999761	R	60	0	109	704	20739
II	8999760	R	60	8	20	206	20055
II	8999761	R	60	0	187	1153	20830
II	8999761	R	60	0	122	775	20276
II	8999761	R	60	8	16	104	19618
II	8999761	R	60	7	79	511	19948
II	8999761	R	60	0	129	1023	20039
II	8999761	R	60	0	156	987	20193
II	8999761	R	60	0	4	41	18908
II	8999761	R	60	0	16	142	19112
II	8999749	R	60	8	90	629	19523
II	8999761	R	60	0	17	134	18989
II	8999761	R	60	0	204	1304	20068
II	8999761	R	60	0	152	979	19781
II	8999761	R	60	0	92	756	19051
II	8999761	R	60	0	155	1262	19630
II	8999761	R	60	0	12	101	18360
II	8999761	R	60	18	6	68	17957
II	8999761	R	60	0	12	84	17913
II	8999761	R	60	0	109	695	18551
II	8999761	R	60	0	18	128	17973
II	8999761	R	60	0	110	738	18122
II	8999760	R	60	14	13	128	17489
II	8999761	R	60	0	113	740	18048
II	8999761	R	60	0	141	877	18026
II	8999761	R	60	13	47	419	17540
II	8999761	R	60	0	92	665	17710
II	8999690	R	60	-2	66	441	17450
II	8999761	R	60	0	98	710	17616
II	8999761	R	60	13	4	39	16943
II	8999761	R	60	0	188	1231	17978
II	8999761	R	60	0	9	67	16649
II	8999761	R	60	0	119	989	17442
II	8999761	R	60	0	14	120	16471
II	8999761	R	60	0	15	108	16363
II	8999761	R	60	0	137	845	17055
II	8999761	R	60	0	183	1151	17334
II	8999761	R	60	9	50	440	16590
II	8999761	R	60	0	119	761	16557
II	8999761	R	60	0	97	619	16362
II	8999761	R	60	0	188	1303	16516
II	8999761	R	60	0	93	614	15470
II	8999761	R	60	0	108	830	15473
II	8999761	R	60	0	139	951	15556
II	8999761	R	60	0	2	20	14167
II	8999761	R	60	0	7	58	14271
II	8999761	R	60	0	161	1011	15128
II	8999761	R	60	0	93	607	14470
II	8999761	R	60	0	205	1280	15031
II	8999761	R	60	0	177	1171	14830
II	8999761	R	60	0	9	59	13778
II	9010180	R	60	-1	302	2414	26487
II	8999761	R	60	0	152	1238	14690
II	8999761	R	60	0	4	38	13528
II	8999761	R	60	0	112	735	13987
II	8999761	R	60	0	164	1286	14148
II	8999759	R	60	7	41	381	12955
II	8999761	R	60	0	125	812	13440
II	8999761	R	60	0	123	794	13133
II	8999761	R	60	0	31	232	12514
II	8999761	R	60	0	85	756	13049
II	8999761	R	60	0	151	981	13246
II	8999761	R	60	0	46	405	12018
II	8999761	R	60	0	159	972	12607
II	8999761	R	60	0	140	1091	12665
II	8999761	R	60	0	219	1418	12947
II	8999761	R	60	0	8	67	11461
II	8999761	R	60	0	164	1043	12467
II	8999761	R	60	0	167	1044	12271
II	8999761	R	60	0	117	734	11623
II	8999761	R	60	0	92	744	10734
II	8999761	R	60	0	10	106	9969
II	9010180	R	60	-1	26	536	20526
II	8999761	R	60	0	5	52	9578
II	8999761	R	60	0	59	467	9899
II	8999761	R	60	0	159	993	9898
II	8999761	R	60	22	3	42	8759
II	9010180	R	60	-1	1329	8671	27403
II	9010180	R	60	-1	1731	11166	29675
II	8999761	R	60	0	94	648	8853
II	8999761	R	60	0	2	20	8001
II	8999761	R	60	5	63	531	8448
II	9010180	R	60	-1	9	367	18595
II	8999761	R	60	0	16	114	7885
II	8999755	R	60	-6	67	447	7858
II	8999757	R	60	21	53	484	7495
II	8999757	R	60	3	47	403	7143
II	8999761	R	60	0	147	991	7560
II	8999761	R	60	0	161	1156	7482
II	8999761	R	60	0	75	479	6733
II	8999759	R	60	5	71	581	6731
II	8999761	R	60	12	9	80	6284
II	8999747	R	60	8	44	337	6504
II	8999761	R	60	7	16	117	6252
II	8999761	R	60	0	68	535	6561
II	9010180	R	60	-1	526	3995	20407
II	8999757	R	60	12	39	310	6224
II	8999761	R	60	8	107	853	6667
II	8999761	R	60	0	75	532	6343
II	8999761	R	60	0	82	507	6350
II	8999761	R	60	0	157	1015	6768
II	8999761	R	60	0	8	62	5549
II	8999761	R	60	0	88	583	6002
II	8999761	R	60	0	138	857	6230
II	8999761	R	60	0	69	487	5576
II	8999761	R	60	0	12	90	5154
II	9010180	R	60	-1	403	2988	18119
II	9010180	R	60	-1	23	526	15195
II	9010180	R	60	-1	23	527	14985
II	9010180	R	60	-1	734	5205	19631
II	9010180	R	60	-1	17	501	14534
II	9010180	R	60	-1	1497	10893	24764
II	8999761	R	60	0	84	565	3983
II	8999761	R	60	0	117	761	3927
II	9010180	R	60	-1	9	411	13828
II	9010180	R	60	-1	1618	11571	24920
II	9010180	R	60	-1	14	447	12548
II	9010180	R	60	4	3081	19713	31288
II	9010180	R	60	-1	11	410	11873
II	9010180	R	60	-1	1253	10445	20461
II	9010180	R	60	-1	1585	10286	20284
II	9010180	R	60	-1	952	6644	16449
II	9010180	R	60	-1	161	1415	10621
II	9010180	R	60	-1	2496	17159	25215
II	9010179	R	60	22	3	383	8311
II	9010179	R	60	7	6	354	7755
II	9010177	R	60	9	886	6969	13996
II	9010180	R	60	-1	26	538	7195
II	9010180	R	60	-1	2592	18015	24282
II	9010180	R	60	6	19	478	5877
II	9010180	R	56	11	7	397	5735
II	9010180	R	60	-1	287	2272	7398
II	9010179	R	60	4	13	438	5457
II	9010180	R	60	-1	7	411	5408
II	9010180	R	60	-1	308	2939	7657
II	9010180	R	60	-1	331	2514	6624
II	9010180	R	60	-1	296	2771	6108
II	9010180	R	60	-1	399	3221	6399
II	9010180	R	60	-1	693	4966	8124
II	9010180	R	60	-1	39	631	3722
II	9010180	R	60	-1	369	2894	5844
II	9010180	R	60	-1	21	499	3046
II	9010180	R	60	-1	104	1238	3707
II	9010180	R	60	-1	584	4823	7187
II	9010180	R	60	-1	2490	20951	23219
II	9010180	R	60	-1	3297	21065	23259
II	9010179	R	60	5	3739	24820	25764
II	9010180	R	60	7	1106	9123	9898
II	9010180	R	60	-1	1366	10289	10795
III	12238	L	60	-1	823	5585	18406
III	12238	L	60	-1	1578	9936	15560
III	12238	L	60	-6	1584	10986	13039
III	12238	L	60	-6	3428	25461	26295
III	12238	L	60	-1	1793	11283	17753
III	12238	L	60	-1	851	6628	9187
III	12238	L	60	-1	1760	12153	21120
III	12238	L	60	-1	1055	7750	12179
III	12238	L	60	-1	426	2753	7602
III	12238	L	60	-1	1916	13234	22051
III	12238	L	60	-1	654	4067	31695
III	12238	L	60	-1	567	3805	9793
III	12238	L	60	-1	1741	11404	21533
III	12238	L	60	-1	1186	8409	37256
III	12238	L	60	-1	398	3535	24922
III	12238	L	60	-1	973	8139	17499
III	12238	L	60	-5	572	4751	32611
III	12238	L	60	-1	299	2505	10722
III	12238	L	60	-1	181	1592	13376
III	12238	L	60	-1	39	288	7774
III	12238	L	60	-5	660	5271	28005
III	12238	L	60	-5	515	3583	5669
III	12241	L	60	-5	239	1731	17595
III	12241	L	60	-2	1356	9445	17398
III	12241	L	60	-2	1389	9184	20321
III	12241	L	60	-2	478	3460	7188
III	12242	L	60	-2	245	1613	5823
III	12242	L	60	-4	56	410	8748
III	12244	L	60	-4	2859	18936	21392
III	12244	L	60	-5	813	5253	11253
III	12245	L	60	-3	523	4467	18412
III	12247	L	60	-6	943	7841	28064
III	12249	L	60	-13	1763	11498	32346
III	12249	L	60	-17	3121	22783	24870
III	12249	L	60	-22	339	2962	14080
III	12250	L	60	-9	53	421	14852
III	12250	L	60	-27	24	204	2158
III	12250	L	60	-12	685	5598	7833
III	12254	L	60	-15	113	1061	9865
III	12255	L	60	-12	41	392	3965
III	12255	L	60	-11	21	173	7744
III	12256	L	60	-13	185	1317	24421
III	12257	L	60	-15	295	2150	15275
III	16295	L	60	0	915	7432	26881
III	16295	L	60	0	23	223	22628
III	16295	L	60	-4	15	120	22606
III	16299	L	60	1	90	601	22339
III	16299	L	60	1	189	1224	12575
III	16299	L	60	1	230	1480	20500
III	16299	L	60	1	92	633	8859
III	16299	L	60	1	64	395	34742
III	16299	L	60	1	560	3698	9411
III	16299	L	60	1	157	976	27197
III	16299	L	60	1	121	803	20479
III	16299	L	60	1	222	1439	25739
III	16299	L	60	1	150	949	8127
III	16299	L	60	1	164	1032	15129
III	16299	L	60	1	162	1002	14837
III	16299	L	60	1	159	1139	18686
III	16299	L	60	1	94	652	17525
III	16299	L	60	1	137	865	16256
III	16299	L	60	1	130	942	22218
III	16299	L	60	1	183	1200	13369
III	16299	L	60	1	85	544	35900
III	16299	L	60	1	121	795	12220
III	16299	L	60	1	101	739	10805
III	16299	L	60	1	179	1202	20815
III	16299	L	60	1	136	882	7127
III	16299	L	60	1	168	1064	9120
III	16299	L	60	1	132	856	14342
III	16299	L	60	1	189	1271	15374
III	16299	L	60	-6	94	626	16913
III	16299	L	60	-6	116	870	13207
III	16299	L	60	1	134	839	11109
III	16299	L	60	1	154	991	24311
III	16299	L	60	1	128	800	35932
III	16299	L	60	1	114	850	7396
III	16299	L	60	1	161	1021	20960
III	16299	L	60	1	130	837	14611
III	16299	L	60	1	123	807	15414
III	16299	L	60	1	130	833	5499
III	16299	L	60	1	116	776	7045
III	16299	L	60	1	136	895	18804
III	16299	L	60	1	137	893	8141
III	16299	L	60	1	190	1447	35676
III	16299	L	60	1	112	719	41356
III	16299	L	60	1	67	542	6630
III	16299	L	60	1	47	366	6588
III	16299	L	60	1	141	1051	20200
III	16299	L	60	1	111	795	20498
III	16299	L	60	1	138	884	30419
III	16299	L	60	-5	92	691	14318
III	16299	L	60	-6	3	28	12604
III	16299	L	60	1	101	652	12344
III	16299	L	60	1	166	1051	19024
III	16299	L	60	1	47	286	17117
III	16299	L	60	1	181	1205	21668
III	16299	L	60	1	185	1185	15129
III	16299	L	60	1	192	1212	19046
III	16299	L	60	1	206	1332	13316
III	16299	L	60	1	185	1509	24293
III	16299	L	60	1	102	689	28290
III	16299	L	60	1	89	615	7872
III	16299	L	60	1	160	974	31281
III	16299	L	60	1	49	419	11336
III	16299	L	60	1	78	517	23710
III	16299	L	60	1	133	847	27013
III	16299	L	60	1	141	914	21705
III	16299	L	60	1	115	36191	70715
III	16299	L	60	1	70	440	30385
III	16299	L	60	1	134	911	21400
III	16299	L	60	-6	78	750	6047
III	16299	L	60	1	187	1225	12246
III	16299	L	60	1	176	1179	21193
III	16299	L	60	1	99	735	11078
III	16299	L	60	1	112	779	14462
III	16299	L	60	1	127	803	17833
III	16299	L	60	1	205	1317	30352
III	16299	L	60	1	124	818	24045
III	16299	L	60	1	118	736	28184
III	16299	L	60	1	85	561	19846
III	16299	L	60	1	77	523	10642
III	16299	L	60	1	148	924	12866
III	16299	L	60	1	194	1284	21236
III	16299	L	60	1	116	755	12637
III	16299	L	60	1	264	1691	18303
III	16299	L	60	1	37	316	8353
III	16299	L	60	1	209	1668	9872
III	16299	L	60	1	16	109	9095
III	16299	L	60	1	3	24	5562
III	16299	L	60	1	9	78	20465
III	16299	L	60	1	28	231	9173
III	16299	L	60	1	12	77	7382
III	16299	L	60	-7	27	247	13765
III	16299	L	60	1	12	76	9761
III	16299	L	60	-7	10	104	11082
III	16299	L	60	1	7	56	11386
III	16299	L	60	1	9	67	4621
III	16299	L	60	1	15	123	30236
III	16299	L	60	1	17	143	27471
III	16299	L	60	1	11	70	30241
III	16299	L	60	1	10	64	20300
III	16299	L	60	1	7	55	13507
III	16299	L	60	1	16	123	15299
III	16299	L	60	1	13	108	37876
III	16299	L	60	-7	18	139	14086
III	16299	L	60	1	16	135	25832
III	16299	L	60	1	6	49	23792
III	16299	L	60	1	16	129	13601
III	16299	L	60	1	9	81	18455
III	16299	L	60	-11	17	23999	47227
III	16299	L	60	1	6	51	15423
III	16299	L	60	1	17	142	19580
III	16299	L	60	1	15	151	20004
III	16299	L	60	1	8	58	26279
III	16299	L	60	1	10	65	32023
III	16299	L	60	-5	5	42	28232
III	16299	L	60	1	5	43	29398
III	16299	L	60	1	220	1722	8915
III	16299	L	60	1	12	93	23581
III	16299	L	60	1	8	69	30498
III	16299	L	60	1	12	111	12985
III	16299	L	60	-6	11	93	12334
III	16299	L	60	1	10	74	19129
III	16299	L	60	1	38	321	11221
III	16299	L	60	1	26	220	31068
III	16299	L	60	1	14	113	12197
III	16299	L	60	1	21	134	19855
III	16299	L	60	-7	2	21	14028
III	16299	L	60	1	19	140	10407
III	16299	L	60	1	18	132	11048
III	16299	L	60	1	19	133	18843
III	16299	L	60	1	12	79	8463
III	16299	L	60	-11	15	133	21319
III	16299	L	60	1	13	136	23797
III	16299	L	60	1	33	267	17403
III	16299	L	60	-12	14	128	17184
III	16299	L	60	1	12	95	19363
III	16299	L	60	1	6	55	21861
III	16299	L	60	1	4	39	26620
III	16299	L	60	1	48	407	25193
III	16299	L	60	-13	8	66	8367
III	16299	L	60	-5	2	22	20289
III	16299	L	60	1	8	61	28443
III	16299	L	60	1	9	81	26279
III	16299	L	60	1	6	73	32147
III	16299	L	60	1	11	113	14570
III	16299	L	60	-7	12	90	12944
III	16299	L	60	1	23	167	11013
III	16299	L	60	1	222	1822	9062
III	16299	L	60	-10	13	96	12190
III	16299	L	60	1	16	133	7922
III	16299	L	60	1	87	748	9115
III	16299	L	60	1	178	1381	5680
III	16299	L	60	1	140	1196	11508
III	16299	L	60	1	26	207	11724
III	16299	L	60	1	180	1301	10163
III	16299	L	60	1	19	144	26304
III	16299	L	60	1	141	1031	6483
III	16299	L	60	1	14	99	20943
III	16301	L	60	-2	38	322	11011
III	16301	L	60	-2	26	196	15697
III	16303	L	60	-5	107	760	24823
III	16303	L	60	-1	141	985	25054
III	16306	L	60	-3	27	200	8218
III	16309	L	60	-7	53	342	30090
III	16316	L	60	2	65	425	10026
III	16358	L	60	-15	81	543	17880
III	9596330	R	60	-6	120	756	44315
III	9596329	R	60	2	88	583	36517
III	9596330	R	60	-6	13	80	35314
III	9596330	R	60	0	18	164	34441
III	9596330	R	60	-6	146	947	35071
III	9596330	R	60	-6	209	1400	35398
III	9596330	R	60	-6	165	1169	34813
III	9596330	R	60	-6	20	161	33607
III	9596330	R	60	-6	12	73	33078
III	9596326	R	60	15	9	78	32869
III	9596330	R	60	-6	10	83	32831
III	9596330	R	60	-6	161	994	33708
III	9596330	R	60	-6	209	1304	33584
III	9596330	R	60	-6	189	1231	33494
III	9596330	R	60	-6	86	685	31753
III	9596320	R	60	-1	85	572	31419
III	9596330	R	60	-6	4	27	30078
III	9596330	R	60	-6	128	1059	31298
III	9596330	R	60	-6	132	849	29862
III	9596330	R	60	-6	116	822	29488
III	9596330	R	60	-6	14	122	28804
III	9596329	R	60	13	7	66	28516
III	9596330	R	60	-6	179	1387	29624
III	9596330	R	60	-6	235	1589	29595
III	9596330	R	60	-6	12	91	27632
III	9596330	R	60	-6	129	898	27914
III	9596330	R	60	0	146	997	27898
III	9596330	R	60	-6	15	107	26178
III	9596330	R	60	-6	235	1617	27747
III	9596330	R	60	-6	199	1237	27305
III	9596330	R	60	-6	175	1096	26760
III	9596330	R	60	-6	7	42	25440
III	9596327	R	60	3	9	94	25367
III	9596330	R	60	-6	124	1069	25758
III	9596326	R	60	6	9	74	24630
III	9596330	R	60	-6	6	48	24339
III	9596330	R	60	-6	19	182	24192
III	9596330	R	60	-6	24	197	24097
III	9596330	R	60	-6	15	108	23838
III	9596330	R	60	-6	118	766	24357
III	9596330	R	60	-6	158	990	24537
III	9596326	R	60	6	10	86	23028
III	9596330	R	60	-6	10	77	22886
III	9596330	R	60	-6	12	75	22847
III	9596330	R	60	-6	129	819	23571
III	9596330	R	60	-6	11	85	22812
III	9596330	R	60	-6	10	81	22403
III	9596330	R	60	-6	64	603	22962
III	9596330	R	60	-6	8	54	22016
III	9596330	R	60	-6	159	967	22075
III	9596330	R	60	-6	11	66	21107
III	9596330	R	60	-6	19	156	21183
III	9596330	R	60	-6	215	1301	22319
III	9596330	R	60	-6	10	86	20605
III	9596330	R	60	-6	7	49	20127
III	9596330	R	60	-6	16	102	20025
III	9596330	R	60	-6	20	158	19700
III	9596330	R	60	0	18	128	19476
III	9596330	R	60	-6	12	100	19466
III	9596330	R	60	-6	12	98	19340
III	9596330	R	60	-6	58	450	19672
III	9596213	R	60	1	118	771	19699
III	9596330	R	60	-6	12	95	18456
III	9596330	R	60	-6	164	1025	19214
III	9596330	R	60	-6	177	1186	19315
III	9596327	R	60	8	109	735	18739
III	9596330	R	60	-6	43	326	18153
III	9596330	R	60	-6	8	62	17625
III	9596330	R	60	-6	11	67	17360
III	9596330	R	60	-6	8	53	17426
III	9596330	R	60	-6	141	956	18280
III	9596330	R	60	-6	257	1613	18921
III	9596330	R	60	-6	32	269	17549
III	9596330	R	60	-6	271	1705	18982
III	9596330	R	60	-6	17	104	17086
III	9596329	R	60	2	105	702	17553
III	9596330	R	60	-6	171	1109	17890
III	9596330	R	60	-6	168	1061	17749
III	9596329	R	60	3	3	52	16685
III	9596330	R	60	-6	258	1719	17632
III	9596330	R	60	-6	9	70	15971
III	9596330	R	60	-6	187	1168	16864
III	9596330	R	60	-6	15	105	15774
III	9596330	R	60	-6	145	974	16617
III	9596330	R	60	-6	107	742	16332
III	9596330	R	60	-6	245	1537	17031
III	9596330	R	60	-6	110	799	15431
III	9596330	R	60	-6	30	233	14824
III	9596330	R	60	-6	7	53	14180
III	9596330	R	60	-6	136	926	15489
III	9596330	R	60	-6	267	1692	16025
III	9596330	R	60	-6	208	1285	15619
III	9596330	R	60	-6	124	839	15112
III	9596330	R	60	-6	115	970	15171
III	9596330	R	60	-6	14	100	14287
III	9596330	R	60	-6	24	184	14307
III	9596326	R	60	12	35	276	14323
III	9596330	R	60	0	229	1403	15395
III	9596330	R	60	-6	113	736	14592
III	9596330	R	60	-6	237	1491	15148
III	9596330	R	60	-6	12	96	13060
III	9596283	R	60	3	81	543	13447
III	9596330	R	60	-6	143	913	13858
III	9596330	R	60	-6	157	991	13920
III	9596330	R	60	0	22	170	13009
III	9596330	R	60	-6	69	576	13409
III	9596329	R	60	2	101	678	13344
III	9596330	R	60	-6	157	1238	13885
III	9596330	R	60	-6	138	899	13082
III	9596330	R	60	-6	267	1773	13748
III	9596330	R	60	-6	189	1527	13185
III	9596330	R	60	-6	215	1344	12851
III	9596259	R	60	0	84	561	11047
III	9596330	R	60	-6	111	814	10783
III	9596330	R	60	-6	153	1069	11004
III	9596330	R	60	-6	228	1750	11242
III	9596330	R	60	-6	193	1277	10714
III	9596330	R	60	-6	118	754	10090
III	9596330	R	60	-6	151	1065	10388
III	9596330	R	60	-6	193	1287	10497
III	9596330	R	60	-6	54	434	9540
III	9596330	R	60	-6	138	1110	10040
III	9596330	R	60	-6	166	1270	10330
III	9596330	R	60	-6	161	1188	10105
III	9596330	R	60	-6	193	1241	9731
III	9596330	R	60	-6	12	102	8524
III	9596330	R	60	-6	333	2298	10016
III	9596330	R	60	-6	185	1555	9202
III	9596330	R	60	-6	129	916	8265
III	9596329	R	60	3	139	974	8116
III	9596330	R	60	-6	104	932	8017
III	9596330	R	60	-6	26	198	7281
III	9596330	R	60	-6	168	1083	8009
III	9596330	R	60	-6	169	1167	8087
III	9596330	R	60	-6	132	1060	7947
III	9596330	R	60	-6	197	1571	8467
III	9596327	R	60	3	229	1791	8661
III	9596330	R	60	-6	200	1715	7883
III	9596330	R	60	-6	158	1055	7222
III	9596330	R	60	-6	256	1982	8067
III	9596330	R	60	-6	154	1043	7062
III	9596330	R	60	-6	225	1448	7453
III	9596330	R	60	-6	32	218	6145
III	9596330	R	60	-6	287	2320	8235
III	9596330	R	60	-6	222	1407	7171
III	9596330	R	60	-6	152	1114	6847
III	9596330	R	60	-6	11	88	5725
III	9596330	R	60	-6	178	1122	6659
III	9596330	R	60	-6	11	85	5569
III	9596330	R	60	-6	169	1269	6731
III	9596330	R	60	-6	24	151	5491
III	9596330	R	60	-6	108	920	6084
III	9596330	R	60	-6	89	668	5797
III	9596330	R	60	-6	6	45	5107
III	9596330	R	60	-6	144	1207	6268
III	9596330	R	60	-6	206	1330	6353
III	9596330	R	60	-6	7	47	4652
III	9596330	R	60	-6	11	68	4590
III	9596330	R	60	-6	99	716	5269
III	9596323	R	60	8	5	38	4146
III	9596330	R	60	-6	105	1003	2591
III	9621515	R	60	-1	874	7309	29568
III	9621515	R	60	-1	310	2157	21894
III	9621515	R	60	-1	1484	10045	29184
III	9621515	R	60	-1	4	31	18309
III	9621515	R	60	-1	2233	13849	29900
III	9621515	R	60	-1	593	4873	20738
III	9621515	R	60	-1	1716	10832	26181
III	9621515	R	60	-1	1991	13695	27997
III	9621515	R	60	-1	1380	8701	22165
III	9621508	R	60	2	763	5378	18207
III	9621515	R	60	-1	326	2123	14482
III	9621515	R	60	8	6	48	11925
III	9621515	R	60	-1	1002	8281	18962
III	9621515	R	60	-1	573	3773	14098
III	9621515	R	60	-1	903	5589	14937
III	9621515	R	60	-1	502	3232	12333
III	9621512	R	60	1	1855	11568	20686
III	9621515	R	60	-1	10	79	8683
III	9621515	R	57	-1	268	2479	10323
III	9621515	R	36	-1	246	1629	9643
III	9621515	R	58	-1	6	41	8018
III	9621515	R	18	-1	123	845	8171
III	9621515	R	14	-1	1518	9805	17031
III	9621515	R	35	5	18	152	6443
III	9621515	R	60	9	5	47	5520
III	9621515	R	11	-1	130	1045	6209
III	9621515	R	25	-1	1639	11135	16164
III	9621515	R	19	-1	974	6628	11592
III	9621515	R	17	-1	991	6947	11819
III	9621515	R	38	-1	3	21	4225
III	9621515	R	19	0	1467	8998	13072
III	9621515	R	36	-1	3	21	4026
III	9621515	R	33	-1	18	142	3762
III	9621515	R	54	-1	1411	11137	14314
III	9621515	R	6	-1	158	1071	3657
III	9621515	R	1	30	414	3408	4756
III	9621515	R	1	-1	1536	9513	10352
III	9621515	R	1	-1	721	6146	6353
IV	5650	L	46	-1	2832	18542	33086
IV	5650	L	60	-1	431	2959	9610
IV	5650	L	60	-1	2372	16354	22080
IV	5650	L	38	-1	2918	19508	31125
IV	5650	L	60	-1	861	6538	10938
IV	5650	L	38	-1	835	6147	18605
IV	5650	L	14	-1	3056	19005	22789
IV	5650	L	60	-1	186	1279	12977
IV	5650	L	60	-1	812	5258	14019
IV	5650	L	60	-1	626	4508	14623
IV	5650	L	60	-1	410	2632	12367
IV	5650	L	60	-2	13	106	6302
IV	5650	L	60	-1	260	2200	13654
IV	5650	L	60	-1	606	4910	14690
IV	5650	L	37	-1	185	1581	15665
IV	5650	L	60	-1	284	2419	11281
IV	5650	L	60	-1	177	1562	6543
IV	5650	L	60	-1	639	5410	14902
IV	5650	L	60	-1	159	1341	8456
IV	5650	L	60	-1	6	59	7987
IV	5650	L	60	-1	4	45	8001
IV	5650	L	60	-1	8	59	11832
IV	5650	L	60	-1	7	58	4985
IV	5654	L	47	2	285	2200	13839
IV	5657	L	20	-2	649	5714	19094
IV	5683	L	57	-19	320	2637	14002
IV	5745	L	40	-74	911	6030	18633
IV	16612	L	60	1	932	6645	30614
IV	16612	L	60	1	1101	7173	21844
IV	16612	L	60	1	1155	7233	19084
IV	16612	L	60	-7	1274	8754	19355
IV	16612	L	60	1	1524	9479	26261
IV	16612	L	23	1	958	7521	9728
IV	16612	L	60	1	959	6567	9849
IV	16612	L	60	1	2849	19430	23831
IV	16612	L	60	1	871	6304	19180
IV	16612	L	60	1	1466	9295	12152
IV	16612	L	16	1	650	5245	6197
IV	16612	L	60	1	1339	9789	13891
IV	16612	L	60	1	1166	9385	12010
IV	16612	L	60	1	1548	9787	23246
IV	16612	L	21	1	1961	12215	13592
IV	16612	L	60	1	1322	8658	20201
IV	16612	L	60	1	1733	10865	14854
IV	16612	L	60	1	1400	8969	28013
IV	16612	L	60	1	146	1256	8898
IV	16612	L	60	1	5	34	13672
IV	16612	L	60	1	15	89	9788
IV	16612	L	60	1	283	2325	4922
IV	16612	L	60	1	891	7642	35426
IV	16612	L	60	-4	7	62	6475
IV	16612	L	26	1	152	1230	3399
IV	16612	L	60	1	1021	8399	23827
IV	16612	L	60	1	11	99	16173
IV	16612	L	60	1	360	2955	22393
IV	16612	L	57	1	10	72	2177
IV	16612	L	60	1	20	146	4254
IV	16612	L	60	-5	6	43	23049
IV	16612	L	60	1	7	51	9825
IV	16612	L	60	1	19	166	4934
IV	16612	L	60	1	220	1754	8845
IV	16612	L	60	1	18	118	2718
IV	16612	L	60	1	637	5029	16189
IV	16613	L	60	-7	1361	8818	30008
IV	16613	L	60	-4	1267	10299	32131
IV	16614	L	17	0	590	4074	6039
IV	16615	L	16	-2	1925	12151	13115
IV	16660	L	19	-14	2357	14723	16260
IV	39776	L	60	-3	92	632	14015
IV	39783	L	60	1	96	609	22647
IV	39783	L	60	1	132	865	10444
IV	39783	L	60	1	106	692	29122
IV	39783	L	60	1	117	736	16773
IV	39783	L	60	1	157	1176	20029
IV	39783	L	60	1	105	708	10944
IV	39783	L	60	1	94	637	19077
IV	39783	L	60	1	184	1199	19026
IV	39783	L	60	1	144	975	20527
IV	39783	L	60	1	89	579	20477
IV	39783	L	60	1	227	1443	17443
IV	39783	L	60	-7	54	351	23456
IV	39783	L	60	1	141	881	32253
IV	39783	L	60	1	148	961	19816
IV	39783	L	60	1	128	949	6814
IV	39783	L	60	1	83	574	11390
IV	39783	L	60	1	158	994	5421
IV	39783	L	60	-1	47	337	12474
IV	39783	L	60	1	160	1002	35842
IV	39783	L	60	1	201	1371	23614
IV	39783	L	60	1	170	1147	30811
IV	39783	L	60	1	146	923	7854
IV	39783	L	60	1	163	1077	14442
IV	39783	L	60	1	136	943	6100
IV	39783	L	60	1	201	1302	15811
IV	39783	L	60	1	177	1093	29980
IV	39783	L	60	1	197	1291	5523
IV	39783	L	60	1	46	376	15120
IV	39783	L	60	1	105	754	5820
IV	39783	L	60	1	196	1251	26657
IV	39783	L	60	1	194	1273	15475
IV	39783	L	60	1	93	643	28442
IV	39783	L	60	1	69	430	11023
IV	39783	L	60	1	97	612	7603
IV	39783	L	60	1	140	894	11429
IV	39783	L	60	1	82	557	20021
IV	39783	L	60	1	210	1348	30511
IV	39783	L	60	1	106	681	23591
IV	39783	L	60	1	97	619	10212
IV	39783	L	60	1	122	820	17693
IV	39783	L	60	1	93	620	7391
IV	39783	L	60	1	170	1035	31890
IV	39783	L	60	1	121	778	30654
IV	39783	L	60	-6	90	626	18337
IV	39783	L	60	-5	126	833	28358
IV	39783	L	60	1	182	1175	11640
IV	39783	L	60	-18	52	351	14210
IV	39783	L	60	1	50	437	34548
IV	39783	L	60	1	73	479	14312
IV	39783	L	60	1	142	894	14957
IV	39783	L	60	1	180	1173	6445
IV	39783	L	60	1	107	695	25592
IV	39783	L	60	1	172	1153	16543
IV	39783	L	60	1	170	1082	24848
IV	39783	L	60	1	60	372	9716
IV	39783	L	60	1	199	1261	15539
IV	39783	L	60	1	128	839	25943
IV	39783	L	60	1	179	1148	18986
IV	39783	L	60	1	180	1130	21503
IV	39783	L	60	-5	88	616	17959
IV	39783	L	60	1	125	784	5833
IV	39783	L	60	1	143	938	15153
IV	39783	L	60	1	81	645	22561
IV	39783	L	60	1	201	1253	27616
IV	39783	L	60	1	133	822	28256
IV	39783	L	60	1	92	568	13592
IV	39783	L	60	1	164	1025	18786
IV	39783	L	60	1	122	760	42294
IV	39783	L	60	1	206	1282	34636
IV	39783	L	60	1	131	951	20472
IV	39783	L	60	1	81	551	10759
IV	39783	L	60	1	105	685	16931
IV	39783	L	60	1	132	824	7448
IV	39783	L	60	1	116	748	18375
IV	39783	L	60	1	79	519	23424
IV	39783	L	60	1	180	1141	15384
IV	39783	L	60	1	154	957	23623
IV	39783	L	60	1	68	446	14506
IV	39783	L	60	1	203	1293	6262
IV	39783	L	60	1	180	1219	5642
IV	39783	L	60	1	206	1380	20764
IV	39783	L	60	1	148	962	12722
IV	39783	L	60	1	95	627	28854
IV	39783	L	60	1	170	1257	31156
IV	39783	L	60	1	145	908	36192
IV	39783	L	60	1	114	715	26547
IV	39783	L	60	1	11	95	18410
IV	39783	L	60	1	31	244	20676
IV	39783	L	60	1	27	255	26629
IV	39783	L	60	1	154	1275	29475
IV	39783	L	60	1	18	144	33385
IV	39783	L	60	1	19	147	23182
IV	39783	L	60	1	60	534	26463
IV	39783	L	60	1	42	323	13717
IV	39783	L	60	1	25	174	29295
IV	39783	L	60	1	3	22	23956
IV	39783	L	60	-6	12	107	46644
IV	39783	L	60	1	22	159	4619
IV	39783	L	60	1	29	218	13116
IV	39783	L	60	1	11	76	11712
IV	39783	L	60	1	55	9968	18955
IV	39783	L	60	1	9	66	9233
IV	39783	L	60	1	36	291	14885
IV	39783	L	60	1	143	1082	18440
IV	39783	L	60	1	17	110	9008
IV	39783	L	60	1	50	443	6258
IV	39783	L	60	1	6	59	6749
IV	39783	L	60	1	36	298	7176
IV	39783	L	60	1	9	69	17273
IV	39783	L	60	1	105	844	19360
IV	39783	L	60	-8	16	128	23268
IV	39783	L	60	1	12	91	11060
IV	39783	L	60	1	14	105	17808
IV	39783	L	60	1	15	122	27671
IV	39783	L	60	1	18	136	23811
IV	39783	L	60	1	14	105	11033
IV	39783	L	60	1	17	148	21986
IV	39783	L	60	1	23	184	31357
IV	39783	L	60	1	90	730	18057
IV	39783	L	60	1	69	21365	41528
IV	39783	L	60	1	9	59	9486
IV	39783	L	60	1	33	255	9298
IV	39783	L	60	1	7	55	20019
IV	39783	L	60	1	5	40	20755
IV	39783	L	60	1	24	216	24186
IV	39783	L	60	1	7	49	11605
IV	39783	L	60	1	23	189	11629
IV	39783	L	60	1	11	85	16205
IV	39783	L	60	1	113	1015	21041
IV	39783	L	60	1	10	59	18187
IV	39783	L	60	1	21	158	6111
IV	39783	L	60	1	10	96	7068
IV	39783	L	60	1	29	244	21402
IV	39783	L	60	1	25	185	11422
IV	39783	L	60	-7	18	156	17755
IV	39783	L	60	1	4	25	18162
IV	39783	L	60	1	105	838	16510
IV	39783	L	60	1	46	376	10025
IV	39783	L	60	1	181	1446	7078
IV	39783	L	60	1	16	117	16236
IV	39783	L	60	1	21	194	3795
IV	39783	L	60	1	9	85	16664
IV	39783	L	60	1	42	339	6664
IV	39783	L	60	1	64	521	16733
IV	39783	L	60	1	12	109	17408
IV	39783	L	60	1	13	112	25746
IV	39783	L	60	1	18	154	23829
IV	39783	L	60	1	9	63	5763
IV	39783	L	60	1	158	1164	7108
IV	39783	L	60	1	58	517	14035
IV	39783	L	60	1	43	12810	24776
IV	39783	L	60	1	85	749	12210
IV	39783	L	60	1	33	257	14893
IV	39783	L	60	1	7	46	15720
IV	39783	L	60	-15	4	47	13384
IV	39783	L	60	1	13	94	8724
IV	39783	L	60	1	15	104	25358
IV	39783	L	60	1	36	284	15751
IV	39783	L	60	1	31	269	25249
IV	39783	L	60	1	47	404	15018
IV	39783	L	60	1	17	109	23002
IV	39783	L	60	1	12	104	17959
IV	39783	L	60	1	23	165	17245
IV	39783	L	60	1	19	148	20168
IV	39783	L	60	-15	60	561	33845
IV	39783	L	60	1	162	1280	11152
IV	39783	L	60	1	16	98	12740
IV	39783	L	60	1	51	413	10401
IV	39783	L	60	1	126	1056	25538
IV	39783	L	60	1	22	189	16178
IV	39783	L	60	1	93	773	13233
IV	39783	L	60	1	19	125	23295
IV	39796	L	60	-7	106	860	24000
IV	2059271	R	60	12122	4	28271	59223
IV	5581309	R	60	7880	6	25946	52512
IV	5581401	R	60	7167	4	21084	43668
IV	8298929	L	60	-2765	2	20815	42964
IV	11179848	R	60	6	5	59	42064
IV	11179848	R	60	-4	154	953	37383
IV	11179848	R	60	-4	8	63	35636
IV	11179848	R	60	5	14	99	35634
IV	11179848	R	60	-4	46	387	33271
IV	11179848	R	60	-4	136	842	32430
IV	11179848	R	60	-4	11	66	29865
IV	11179848	R	60	-4	22	176	29759
IV	11179848	R	60	-4	102	642	30207
IV	11179848	R	60	-4	8	60	29401
IV	11179848	R	60	-4	105	678	29974
IV	11179848	R	60	-4	7	52	29204
IV	11179848	R	60	-4	88	547	29612
IV	11179848	R	60	-4	157	971	29854
IV	11179848	R	60	-4	158	987	29308
IV	11179848	R	60	-4	85	569	28188
IV	11179848	R	60	-4	8	53	27610
IV	11179848	R	60	-4	10	72	27386
IV	11179848	R	60	-4	146	926	28143
IV	11179849	R	60	0	170	1093	28013
IV	11179848	R	60	-4	98	608	27523
IV	11179839	R	60	3	163	1065	27814
IV	11179848	R	60	-4	82	558	27257
IV	11179844	R	60	8	22	198	26372
IV	11179848	R	60	-4	9	61	26057
IV	11179848	R	60	-4	17	104	25905
IV	11179848	R	60	-4	25	204	25656
IV	11179848	R	60	-4	14	92	25141
IV	11179848	R	60	-4	8	58	24857
IV	11179848	R	60	-4	146	1039	25808
IV	11179848	R	60	-4	75	508	25230
IV	11179848	R	60	-4	14	97	24796
IV	11179848	R	60	-4	10	82	24742
IV	11179848	R	60	-4	168	1145	25107
IV	11179848	R	60	-4	95	625	24542
IV	11179848	R	60	-4	152	995	24758
IV	11179839	R	60	11	6	57	23445
IV	11179838	R	60	4	67	476	24150
IV	11179848	R	60	-4	20	198	23850
IV	11179839	R	60	13	72	573	23698
IV	11179848	R	60	-4	139	901	23481
IV	11179839	R	60	3	112	705	23212
IV	11179848	R	60	-4	6	49	22571
IV	11179844	R	60	1	107	700	23074
IV	11179848	R	60	-4	14	88	22517
IV	11179848	R	60	-4	13	83	22493
IV	11179848	R	60	-4	10	73	22115
IV	11179848	R	60	-4	12	118	21988
IV	11179828	R	60	-1	32	272	22137
IV	11179848	R	60	-4	83	553	22268
IV	11179848	R	60	-4	88	599	22335
IV	11179844	R	60	10	105	963	22072
IV	11179848	R	60	-4	101	792	21913
IV	11179848	R	60	-4	6	37	21076
IV	11179848	R	60	-4	106	830	21713
IV	11179848	R	60	-4	38	337	21139
IV	11179848	R	60	-4	13	101	20821
IV	11179848	R	60	-4	91	772	21488
IV	11179848	R	60	-4	104	778	21282
IV	11179839	R	60	3	80	535	21023
IV	11179848	R	60	-4	166	1033	21559
IV	11179848	R	60	-4	75	475	20808
IV	11184679	R	60	7	192	1623	26106
IV	11179848	R	60	-4	11	79	20228
IV	11179848	R	60	-4	177	1125	21065
IV	11179848	R	60	-4	86	633	20392
IV	11179848	R	60	-4	139	1067	20556
IV	11179848	R	60	-4	36	284	19659
IV	11179848	R	60	-4	117	731	19612
IV	11179849	R	60	0	179	1471	19703
IV	11179848	R	60	-4	118	851	19067
IV	11179848	R	60	-4	112	722	18615
IV	11179848	R	60	-4	3	23	17599
IV	11179848	R	60	-4	73	622	18427
IV	11179848	R	60	-4	135	883	18554
IV	11179848	R	60	-4	82	669	17865
IV	11179848	R	60	-4	144	994	18116
IV	11179848	R	60	-4	86	664	17255
IV	11179848	R	60	-4	184	1166	17713
IV	11179848	R	60	-4	161	1156	17531
IV	11179848	R	60	-4	121	739	17156
IV	11179848	R	60	-4	126	779	17073
IV	11179848	R	60	-4	73	442	16151
IV	11179848	R	60	6	7	71	15660
IV	11179839	R	60	3	130	815	16206
IV	11179848	R	60	-4	95	633	15925
IV	11179848	R	60	-4	9	64	15149
IV	11179848	R	60	-4	20	150	15299
IV	11179848	R	60	-4	54	431	15449
IV	11179848	R	60	-4	9	62	15058
IV	11179848	R	60	-4	149	919	15651
IV	11179848	R	60	-4	163	1065	15711
IV	11179848	R	60	-4	138	879	14926
IV	11179848	R	60	-4	198	1231	14811
IV	11179839	R	60	4	77	555	14039
IV	11179848	R	60	-4	74	490	13743
IV	11179848	R	60	15	48	436	13606
IV	11179848	R	60	-4	7	44	12948
IV	11179848	R	60	-4	241	1550	14465
IV	11179848	R	60	-4	154	937	13812
IV	11179848	R	60	-4	78	489	13342
IV	11179848	R	60	-4	119	786	13548
IV	11179848	R	60	3	69	477	13007
IV	11179848	R	60	-4	133	828	13181
IV	11179844	R	60	12	12	89	12394
IV	11179848	R	60	-4	9	64	12087
IV	11184682	R	60	-1	186	1618	18344
IV	11179848	R	60	-4	197	1229	12938
IV	11179848	R	60	-4	139	899	12459
IV	11179848	R	60	-4	133	904	12307
IV	11179840	R	60	7	106	1019	12091
IV	11179848	R	60	-4	100	629	11614
IV	11179848	R	60	-4	80	532	11121
IV	11179842	R	60	11	6	58	10265
IV	11179843	R	60	2	83	534	10748
IV	11179848	R	60	-4	212	1377	11547
IV	11179848	R	60	-4	116	800	10942
IV	11179848	R	60	-4	5	40	10132
IV	11179848	R	60	-4	107	722	10181
IV	11179848	R	60	-4	119	790	10073
IV	11179848	R	60	-4	193	1249	10434
IV	11184682	R	60	7	7	62	13891
IV	11179848	R	60	-4	74	516	9265
IV	11179848	R	60	-4	221	1392	9836
IV	11184682	R	60	7	578	4954	17782
IV	11179848	R	60	-4	49	347	8289
IV	11184679	R	60	6	156	1170	13929
IV	11179848	R	60	-4	21	162	8119
IV	11184682	R	60	-1	415	3593	16350
IV	11179848	R	60	-4	24	200	8121
IV	11179844	R	60	13	10	92	7981
IV	11179848	R	60	-4	139	1036	8740
IV	11179848	R	60	-4	165	1019	8838
IV	11184682	R	60	-1	15	113	11832
IV	11179848	R	60	-4	154	1141	7936
IV	11179842	R	60	12	6	62	6667
IV	11179848	R	60	-4	4	37	6601
IV	11179848	R	60	-4	16	101	6690
IV	11179842	R	60	1	125	787	7364
IV	11179848	R	60	-4	150	1064	7489
IV	11179848	R	60	-4	101	823	7179
IV	11184682	R	60	4	1372	11151	22196
IV	11179848	R	60	3	62	442	6461
IV	11184682	R	60	-1	116	972	11750
IV	11184682	R	60	-1	1236	7799	18486
IV	11179848	R	60	-4	224	1825	7695
IV	11179848	R	60	-4	110	729	6572
IV	11179848	R	60	-4	157	1266	6754
IV	11179843	R	60	2	131	1089	6460
IV	11179848	R	60	-4	166	1042	6393
IV	11179782	R	60	22	64	476	5739
IV	11179848	R	60	-4	113	705	6026
IV	11184682	R	60	9	15	133	10008
IV	11179848	R	60	2	140	1098	6098
IV	11179848	R	60	-4	136	938	5919
IV	11179848	R	60	-4	31	256	5239
IV	11179848	R	60	-4	88	589	5577
IV	11179848	R	60	-4	104	664	5430
IV	11184682	R	60	-1	1691	10718	19976
IV	11184682	R	60	-1	593	3891	13295
IV	11179848	R	60	-4	6	37	3987
IV	11179844	R	60	12	7	74	3835
IV	11179848	R	60	-4	203	1387	5137
IV	11184682	R	60	5	22	193	8013
IV	11184682	R	60	-1	1055	6539	14300
IV	11184682	R	60	-1	1123	6920	14420
IV	11179848	R	60	-4	93	766	3456
IV	11184682	R	60	-1	1833	11892	18564
IV	11179848	R	60	-4	359	2623	4355
IV	11179848	R	60	-4	30	254	1979
IV	11184682	R	60	-1	2815	17325	23723
IV	11184682	R	60	-1	70	542	6727
IV	11184682	R	60	-1	1503	9357	13977
IV	11184682	R	60	4	1687	10692	15293
IV	11184682	R	60	-1	1294	9451	13716
IV	11184682	R	60	-1	1308	8314	12194
IV	11184682	R	60	-1	596	4116	7986
IV	11184682	R	60	-1	319	2534	6367
IV	11184679	R	60	1	2895	19658	23153
IV	11184682	R	60	18	196	1622	4982
IV	11184682	R	60	-1	2739	18629	21176
IV	11184682	R	60	-1	977	7729	10168
IV	11184682	R	60	-1	944	7273	9119
IV	11184682	R	60	-1	2599	16089	17228
IV	11184682	R	5	10	726	5213	9144
IV	11184682	R	3	13	77	942	3063
IV	11184682	R	11	-1	5	38	1137
IV	11184682	R	15	4	2062	16837	17227
IV	11184682	R	5	4	623	4847	6773
IV	11184682	R	9	-1	80	758	1341
IV	11184682	R	3	4	75	488	3165
IV	11184682	R	21	-1	210	1834	4427
IV	11184682	R	17	0	66	741	2933
IV	11184682	R	2	-1	1313	10368	14405
IV	11184679	R	1	1	1799	15487	18736
IV	11184682	R	4	-1	241	1724	6799
IV	11184682	R	3	-1	74	766	1551
IV	11184682	R	1	-1	1352	10246	21658
IV	11184682	R	4	6	795	5540	20031
IV	11184682	R	13	-1	796	6058	19528
IV	11184680	R	7	2	67	607	2534
IV	11184682	R	3	10	597	5273	20780
IV	11184682	R	2	-1	154	1450	1585
IV	11184682	R	25	4	40	372	2380
IV	11184679	R	5	1	218	1720	11504
IV	11184682	R	1	-1	20	157	3239
IV	11184682	R	1	-1	580	4098	5856
IV	11184682	R	1	-1	510	4666	4982
IV	11184682	R	3	-1	284	2080	2273
IV	11184682	R	3	-1	351	2514	2747
IV	11184682	R	4	-1	412	2918	3062
IV	11184682	R	7	-1	389	2529	2984
IV	11184682	R	4	5	151	1403	2993
IV	11184676	R	4	15	86	753	1648
IV	11184682	R	4	4	3846	25204	29533
IV	11184682	R	2	-1	954	6740	8169
IV	11184682	R	1	-1	167	1544	2546
IV	11184682	R	1	17	662	5382	5628
IV	11184682	R	1	-1	78	686	2766
IV	11184682	R	1	-1	608	4499	5802
IV	11184682	R	11	-1	254	2381	2687
IV	11184681	R	1	4	307	2927	3595
IV	11184682	R	6	6	319	2607	2681
V	19133	L	60	1	2845	17548	28540
V	19133	L	60	1	579	3575	6971
V	19133	L	60	1	3192	20615	31334
V	19133	L	60	1	640	3967	7525
V	19133	L	60	1	615	4016	12707
V	19133	L	60	1	1860	13274	20590
V	19133	L	60	0	2933	18810	36843
V	19133	L	60	1	128	903	8932
V	19133	L	60	1	2815	19928	23447
V	19133	L	60	1	1284	8524	18896
V	19133	L	60	1	500	3265	25291
V	19133	L	60	1	60	399	7133
V	19133	L	60	1	1068	7308	14840
V	19133	L	60	1	474	3183	6687
V	19133	L	60	1	171	1168	9955
V	19133	L	60	1	2240	15755	22891
V	19133	L	60	1	2529	17000	24725
V	19133	L	60	1	498	3723	6227
V	19133	L	60	1	651	5506	19257
V	19133	L	60	1	485	3523	7008
V	19133	L	60	-7	1076	7859	9429
V	19133	L	60	1	1128	9366	19648
V	19133	L	60	1	469	3918	15282
V	19133	L	60	1	26	201	5803
V	19133	L	60	1	44	356	4501
V	19133	L	60	1	5	34	6353
V	19133	L	60	-4	620	4791	15793
V	19133	L	60	1	471	3835	17214
V	19133	L	60	1	110	942	9601
V	19133	L	60	1	1013	8299	15354
V	19133	L	60	1	200	1685	16203
V	19133	L	60	1	747	6131	13555
V	19133	L	60	1	936	7216	18119
V	19136	L	60	-1	35	278	10448
V	19136	L	60	-6	35	279	15206
V	19160	L	60	1	801	4929	7739
V	30664	L	60	6	144	1066	5509
V	30664	L	60	6	157	1032	30718
V	30664	L	60	6	203	1284	26579
V	30664	L	60	6	123	787	19678
V	30664	L	60	6	169	1099	11688
V	30664	L	60	6	70	460	16524
V	30664	L	60	6	87	601	27634
V	30664	L	60	6	81	540	26380
V	30664	L	60	6	157	1061	30772
V	30664	L	60	6	119	786	33453
V	30664	L	60	6	212	1344	23149
V	30664	L	60	6	70	483	20886
V	30664	L	60	6	74	525	18548
V	30664	L	60	6	85	573	15666
V	30664	L	60	6	124	798	19474
V	30664	L	60	6	277	1768	25782
V	30664	L	60	6	193	1170	6858
V	30664	L	60	6	81	527	25630
V	30664	L	60	6	149	985	22290
V	30664	L	60	6	124	804	23053
V	30664	L	60	6	141	907	30426
V	30664	L	60	6	105	694	19361
V	30664	L	60	6	84	554	20949
V	30664	L	60	6	141	896	5937
V	30664	L	60	6	137	897	33507
V	30664	L	60	6	149	944	16860
V	30664	L	60	6	141	866	34040
V	30664	L	60	6	156	993	16266
V	30664	L	60	6	201	1330	13155
V	30664	L	60	6	98	691	8565
V	30664	L	60	6	110	853	22418
V	30664	L	60	6	206	1294	32740
V	30664	L	60	6	187	1240	5473
V	30664	L	60	6	169	1193	9531
V	30664	L	60	6	190	1330	6054
V	30664	L	60	6	116	793	11583
V	30664	L	60	6	141	919	10182
V	30664	L	60	6	149	931	20227
V	30664	L	60	6	118	764	11826
V	30664	L	60	6	89	661	18018
V	30664	L	60	6	85	580	10411
V	30664	L	60	6	119	868	15182
V	30664	L	60	6	168	1119	18625
V	30664	L	60	6	118	762	12982
V	30664	L	60	6	258	1658	30251
V	30664	L	60	6	175	1172	7220
V	30664	L	60	6	101	716	33164
V	30664	L	60	6	167	1049	12188
V	30664	L	60	6	153	978	16298
V	30664	L	60	6	76	540	9719
V	30664	L	60	6	135	890	24671
V	30664	L	60	6	177	1124	17674
V	30664	L	60	6	91	664	14177
V	30664	L	60	6	226	1438	6650
V	30664	L	60	6	259	1747	6818
V	30664	L	60	6	157	1138	21662
V	30664	L	60	6	114	766	7667
V	30664	L	60	6	180	1268	15684
V	30664	L	60	6	146	958	12411
V	30664	L	60	6	236	1535	10069
V	30664	L	60	6	170	1447	16920
V	30664	L	60	6	145	923	12140
V	30664	L	60	6	84	568	26596
V	30664	L	60	6	172	1058	20821
V	30664	L	60	6	165	1076	6291
V	30664	L	60	6	61	441	10103
V	30664	L	60	6	147	960	7789
V	30664	L	60	6	131	868	3666
V	30664	L	60	6	104	660	23096
V	30664	L	60	6	96	657	19604
V	30664	L	60	6	150	946	13559
V	30664	L	60	6	8	54	16168
V	30664	L	60	6	23	166	22647
V	30664	L	60	6	18	128	19861
V	30664	L	60	6	48	374	32601
V	30664	L	60	6	14	115	3562
V	30664	L	60	6	39	14318	27492
V	30664	L	60	6	7	46	43098
V	30664	L	60	6	5	43	13704
V	30664	L	60	6	17	143	18736
V	30664	L	60	6	5	32	21189
V	30664	L	60	6	90	34544	66793
V	30664	L	60	6	16	140	27658
V	30664	L	60	6	19	134	24232
V	30664	L	60	6	79	13310	29759
V	30664	L	60	6	7	58	19639
V	30664	L	60	6	6	49	5138
V	30664	L	60	6	102	15529	28629
V	30664	L	60	6	9	48	21223
V	30664	L	60	6	5	34	10551
V	30664	L	60	6	3	22	22642
V	30664	L	60	6	14	91	32705
V	30664	L	60	6	10	66	25259
V	30664	L	60	6	6	44	15298
V	30664	L	60	6	11	100	8282
V	30664	L	60	6	19	124	23062
V	30664	L	60	-5	87	37914	73442
V	30664	L	60	6	7	44	14080
V	30664	L	60	6	12	76	18274
V	30664	L	60	6	8	53	18951
V	30664	L	60	6	16	131	8863
V	30664	L	60	6	9	58	11818
V	30664	L	60	6	18	151	12445
V	30664	L	60	6	6	46	24974
V	30664	L	60	6	5	35	17843
V	30664	L	60	6	3	27	8587
V	30664	L	60	6	8	57	24529
V	30664	L	60	6	16	123	22241
V	30664	L	60	6	6	68	32462
V	30664	L	60	6	7	38	7486
V	30664	L	60	6	10	71	30423
V	30664	L	60	6	20	148	10164
V	30664	L	60	6	12	108	28273
V	30664	L	60	6	11	70	23145
V	30664	L	60	6	5	46	7932
V	30664	L	60	6	41	312	4602
V	30664	L	60	6	61	17055	32532
V	30664	L	60	6	17	118	17859
V	30664	L	60	6	6	52	14712
V	30664	L	60	6	10	59	16040
V	30664	L	60	6	85	700	7942
V	30664	L	60	0	10	68	13966
V	30664	L	60	6	30	235	10751
V	30664	L	60	6	16	103	22484
V	30664	L	60	6	10	69	6901
V	30664	L	60	6	9	52	15565
V	30664	L	60	6	15	105	35022
V	30664	L	60	6	16	121	19264
V	30664	L	60	6	20	133	16183
V	30664	L	60	6	59	480	5204
V	30664	L	60	6	9	80	23329
V	30664	L	60	6	11	76	8682
V	30664	L	60	6	21	184	11947
V	30664	L	60	6	10	75	11560
V	30664	L	60	6	102	933	12240
V	30664	L	60	6	12	79	8756
V	30664	L	60	6	10	84	14661
V	30664	L	60	6	3	23	7631
V	30664	L	60	6	16	138	19110
V	30664	L	60	6	17	113	28301
V	30664	L	60	6	3	24	3596
V	30665	L	60	-3	62	544	28324
V	30665	L	60	-2	78	651	13274
V	30665	L	60	-2	48	351	34633
V	30665	L	60	-2	5	46	10554
V	30665	L	60	-2	3	24	23723
V	30665	L	60	-2	24	168	23112
V	30666	L	60	-14	64	22012	42351
V	30667	L	60	-7	15	119	10378
V	30667	L	60	-10	3	33	20902
V	30668	L	60	-10	14	127	15177
V	30668	L	60	-11	4	63	22660
V	30668	L	60	-15	2	29	20634
V	30668	L	60	-7	5	41	20048
V	30668	L	60	-8	7	83	17510
V	30668	L	60	-6	32	258	6429
V	2741129	L	60	-23976	2	32845	66719
V	8205259	L	0	-2597	2	5984	14641
V	8214457	R	0	10264	2	13874	22703
V	8235076	R	1	3088	2	4362	21708
V	10783457	R	60	-6	12	77	49464
V	10783457	R	60	-6	135	985	42521
V	10783457	R	60	-6	6	43	36794
V	10783457	R	60	-6	135	832	36298
V	10783457	R	60	-6	158	989	34438
V	10783457	R	60	-6	173	1074	32110
V	10783457	R	60	-6	88	607	31479
V	10783453	R	60	6	17	143	29579
V	10783457	R	60	-6	11	76	29522
V	10783457	R	60	-6	177	1093	30236
V	10783457	R	60	-6	4	28	28765
V	10783457	R	60	-6	19	158	28770
V	10783457	R	60	-6	21	179	28499
V	10783457	R	60	-6	17	112	28184
V	10783457	R	60	-6	17	164	27933
V	10783457	R	60	-6	169	1029	28586
V	10783457	R	60	-6	14	101	27494
V	10783457	R	60	-6	198	1205	28484
V	10783457	R	60	-6	142	864	28074
V	10783457	R	60	-6	126	801	27892
V	10783457	R	60	-6	6	31	27053
V	10783457	R	60	-6	132	804	27451
V	10783457	R	60	-6	163	1067	27675
V	10783457	R	60	-6	127	776	27363
V	10783457	R	60	-6	57	519	27088
V	10783457	R	60	-6	82	551	27013
V	10783457	R	60	-6	14	96	26162
V	10783457	R	60	0	8	68	26143
V	10783457	R	60	-6	8	72	25840
V	10783457	R	60	-6	117	793	26465
V	10783457	R	60	-6	152	972	26392
V	10783457	R	60	-6	130	829	26092
V	10783457	R	60	-6	8	46	24906
V	10783457	R	60	-6	135	934	25417
V	10783457	R	60	-6	125	788	25390
V	10783457	R	60	-6	153	931	25358
V	10783457	R	60	-6	79	822	25220
V	10783457	R	60	-6	153	935	25322
V	10783457	R	60	-6	156	945	24959
V	10783457	R	60	-6	220	1397	24349
V	10783457	R	60	-6	11	69	22850
V	10783457	R	60	-6	89	564	23233
V	10783457	R	60	-6	239	1492	24161
V	10783457	R	60	-6	84	565	23041
V	10783456	R	60	2	175	1328	23616
V	10783457	R	60	-6	7	79	22551
V	10783457	R	60	-6	95	621	23046
V	10783457	R	60	-6	226	1538	23587
V	10783454	R	60	9	13	91	22117
V	10783457	R	60	-6	6	45	21942
V	10783457	R	60	-6	186	1235	23258
V	10783456	R	60	2	88	606	22508
V	10783457	R	60	-6	79	513	22425
V	10783457	R	60	-6	132	841	22486
V	10783457	R	60	-6	4	22	21488
V	10783457	R	60	-6	21	145	21299
V	10783457	R	60	-6	36	298	20976
V	10783457	R	60	-6	154	1073	21823
V	10783457	R	60	-6	101	627	21398
V	10783457	R	60	-6	117	879	21443
V	10783457	R	60	-6	5	38	20657
V	10783457	R	60	-6	97	625	20680
V	10783457	R	60	-6	6	48	19991
V	10783416	R	60	2	72	504	20313
V	10783457	R	60	-6	5	31	19807
V	10783457	R	60	-6	118	752	20331
V	10783457	R	60	-6	87	810	20172
V	10783457	R	60	-6	16	129	19431
V	10783457	R	60	-6	86	623	19905
V	10783457	R	60	-6	152	953	20062
V	10783457	R	60	-6	152	1048	19635
V	10783457	R	60	-6	10	78	18488
V	10783457	R	60	-6	225	1450	19824
V	10783457	R	60	-6	152	938	19040
V	10783457	R	60	-6	11	80	17860
V	10783457	R	60	-6	208	1284	18960
V	10783457	R	60	-6	12	102	17552
V	10783456	R	60	2	94	614	18219
V	10783457	R	60	-6	28	211	17725
V	10783457	R	60	-6	153	1116	18187
V	10783457	R	60	-6	90	640	17599
V	10783457	R	60	-6	130	826	17761
V	10783457	R	60	-6	248	1595	18481
V	10783457	R	60	0	24	217	16737
V	10783457	R	60	-6	199	1246	17767
V	10783457	R	60	-6	14	108	16433
V	10783457	R	60	-6	10	80	16130
V	10783457	R	60	-6	122	769	16373
V	10783457	R	60	-6	157	990	16146
V	10783456	R	60	2	92	762	15395
V	10783457	R	60	-6	12	125	14154
V	10783463	R	60	0	76	621	14517
V	10783457	R	60	-6	56	464	14422
V	10783457	R	60	-6	86	552	14236
V	10783457	R	60	-6	56	14972	28562
V	10783456	R	60	8	15	149	13757
V	10783457	R	60	-6	83	513	14098
V	10783457	R	60	-6	129	799	14339
V	10783456	R	60	2	88	599	14065
V	10783457	R	60	-6	4	28	13156
V	10783457	R	60	-6	12	92	13114
V	10783457	R	60	-6	167	1024	14036
V	10783457	R	60	-6	126	814	13828
V	10783457	R	60	-6	79	635	13495
V	10783457	R	60	-6	4	51	12658
V	10783457	R	60	-6	104	639	13306
V	10783456	R	60	3	97	640	13280
V	10783457	R	60	-6	162	996	13549
V	10783457	R	60	-6	17	104	12636
V	10783456	R	60	2	144	1079	13549
V	10783457	R	60	-6	124	1044	13555
V	10783457	R	60	-6	10	104	12598
V	10783457	R	60	-6	20	158	12612
V	10783457	R	60	-6	12	96	12569
V	10783451	R	60	9	69	13813	26164
V	10783457	R	60	-6	23	178	12137
V	10783457	R	60	-6	169	1042	13027
V	10783457	R	60	0	4	28	11466
V	10783457	R	60	-6	139	897	12193
V	10783456	R	60	2	99	711	11961
V	10783457	R	60	-6	5	29	11318
V	10783457	R	60	-6	5	27	11135
V	10783457	R	60	-6	32	250	11029
V	10783457	R	60	-6	7	65	10998
V	10783457	R	60	-6	19	158	11117
V	10783457	R	60	-6	10	95	10670
V	10783457	R	60	-6	9	66	10329
V	10783457	R	60	-6	28	11165	21404
V	10783457	R	60	-6	10	64	10223
V	10783457	R	60	-6	10	91	10086
V	10783457	R	60	-6	7	41	9514
V	10783457	R	60	-6	102	664	10058
V	10783457	R	60	-6	119	843	9891
V	10783457	R	60	-6	166	1012	9535
V	10783457	R	60	-6	6	33	8419
V	10783457	R	60	-6	128	790	9188
V	10783457	R	60	-6	126	1085	9471
V	10783457	R	60	-6	113	878	9176
V	10783456	R	60	4	103	658	8762
V	10783379	R	60	1	82	565	8563
V	10783454	R	60	14	5	49	8021
V	10783457	R	60	-6	114	715	8503
V	10783457	R	60	-6	6	33	7762
V	10783457	R	60	-6	109	703	8434
V	10783457	R	60	-6	246	1572	9265
V	10783457	R	60	-6	187	1161	8276
V	10783457	R	60	-6	186	1167	8173
V	10783457	R	60	-6	14	82	6996
V	10783457	R	60	-6	137	857	7781
V	10783457	R	60	-6	95	844	7679
V	10783457	R	60	-6	194	1367	8145
V	10783457	R	60	-6	160	1282	8089
V	10783457	R	60	-6	98	724	7156
V	10812571	R	60	-5	732	4907	40215
V	10783456	R	60	1	60	496	6788
V	10783457	R	60	-6	230	1485	7527
V	10783457	R	60	-6	130	883	6527
V	10783457	R	60	-6	124	974	6590
V	10783457	R	60	-6	35	237	5749
V	10783457	R	60	-6	14	113	5534
V	10783457	R	60	-6	49	383	5754
V	10783457	R	60	-6	186	1226	6500
V	10783457	R	60	-6	145	922	5622
V	10783457	R	60	-6	189	1189	5802
V	10783457	R	60	-6	193	1239	5852
V	10783457	R	60	-6	12	76	4519
V	10783457	R	60	-6	4	24	4494
V	10783457	R	60	-6	196	1325	5051
V	10783456	R	60	2	100	671	3209
V	10812571	R	60	-5	19	128	22325
V	10792606	R	60	5	3446	21989	22682
V	10792606	R	50	0	1315	9152	9604
V	10792606	R	47	6	717	6193	6524
V	10812571	R	9	-5	295	2119	21277
V	10812571	R	6	-5	2474	17700	20594
V	10812571	R	12	-5	147	1194	3979
V	10812571	R	8	-5	1045	6881	7826
V	10812571	R	1	-5	576	4098	4696
V	10812571	R	10	-5	779	5307	5517
V	10812571	R	1	-5	1058	7328	7445
X	7065	L	60	-2	1099	7041	22484
X	7065	L	60	-2	501	3411	11703
X	7065	L	60	-2	2581	18969	26086
X	7065	L	58	-10	8	63	19532
X	7065	L	60	-2	707	4569	16901
X	7065	L	60	-2	651	4136	28331
X	7065	L	60	-2	136	904	18510
X	7065	L	1	-2	1041	6656	8563
X	7065	L	60	-2	1065	8845	29848
X	7065	L	60	-2	755	5994	14541
X	7065	L	60	-2	46	327	18432
X	7065	L	60	-2	27	206	14138
X	7065	L	60	-2	321	2687	15089
X	7065	L	60	-2	16	115	5995
X	7065	L	60	-2	9	75	11748
X	7065	L	60	-2	40	318	15485
X	7065	L	60	-2	1874	15813	28573
X	7065	L	60	-2	381	3136	10272
X	7065	L	60	-2	44	342	10525
X	7065	L	60	-2	55	402	5186
X	7065	L	60	-2	275	2290	8518
X	7065	L	60	-2	65	479	7138
X	7065	L	60	-2	381	3218	25289
X	7065	L	60	-2	83	643	10514
X	7066	L	60	-5	5	37	12767
X	7067	L	60	1	175	1356	7255
X	7072	L	60	-14	417	3080	13227
X	7076	L	59	1	92	694	18890
X	7891	L	1	-4	159	1150	4732
X	7891	L	5	-4	1743	10916	14674
X	7891	L	1	-4	3100	19407	23205
X	8720	L	1	-9	614	4353	7047
X	9550	L	3	-4	1294	8116	9586
X	9550	L	4	-4	2689	19434	20709
X	9550	L	1	-4	1635	10351	12286
X	10378	L	0	-4	850	6063	6429
X	30288	L	0	-4	17	126	2245
X	31953	L	0	-10	873	5827	6241
X	51845	L	60	0	85	611	16027
X	51845	L	60	0	51	521	14902
X	51846	L	60	4	128	800	11483
X	51846	L	60	4	155	934	19685
X	51846	L	60	4	113	862	11244
X	51846	L	60	4	208	1308	33080
X	51846	L	60	4	190	1428	5930
X	51846	L	60	4	147	910	7052
X	51846	L	60	4	139	882	34117
X	51846	L	60	4	246	1538	14164
X	51846	L	60	4	187	1167	23722
X	51846	L	60	4	208	1305	6351
X	51846	L	60	4	61	383	25328
X	51846	L	60	4	114	700	14784
X	51846	L	60	4	188	1232	22247
X	51846	L	60	4	193	1187	29895
X	51846	L	60	4	100	696	7646
X	51846	L	60	4	191	1191	10918
X	51846	L	60	4	93	616	32868
X	51846	L	60	4	167	1064	10900
X	51846	L	60	4	243	1531	18687
X	51846	L	60	4	69	12475	23995
X	51846	L	60	4	97	637	21193
X	51846	L	60	4	165	1035	22294
X	51846	L	60	4	230	1430	28098
X	51846	L	60	4	171	1100	26203
X	51846	L	60	4	141	871	21946
X	51846	L	60	4	155	1002	12514
X	51846	L	60	4	85	692	7968
X	51846	L	60	4	154	1004	22020
X	51846	L	60	4	217	1383	7696
X	51846	L	60	4	221	1414	32882
X	51846	L	60	4	126	780	22435
X	51846	L	60	4	216	1421	10990
X	51846	L	60	4	75	485	13619
X	51846	L	60	4	92	614	6150
X	51846	L	60	4	77	555	16627
X	51846	L	60	4	132	811	27032
X	51846	L	60	4	102	691	29738
X	51846	L	60	4	161	991	26109
X	51846	L	60	4	194	1226	8105
X	51846	L	60	4	95	652	21681
X	51846	L	60	4	159	1143	7142
X	51846	L	60	4	211	1327	26686
X	51846	L	60	4	112	779	11042
X	51846	L	60	4	182	1212	17274
X	51846	L	60	4	125	798	13322
X	51846	L	60	4	80	595	9944
X	51846	L	60	4	86	587	15398
X	51846	L	60	4	158	984	16728
X	51846	L	60	4	139	925	15376
X	51846	L	60	4	43	269	27148
X	51846	L	60	4	65	487	16281
X	51846	L	60	4	140	942	31841
X	51846	L	60	4	149	931	15255
X	51846	L	60	-3	56	436	8175
X	51846	L	60	4	122	821	9430
X	51846	L	60	-3	81	649	5551
X	51846	L	60	4	87	627	17970
X	51846	L	60	4	164	1012	9594
X	51846	L	60	4	179	1150	30514
X	51846	L	60	4	202	1371	19408
X	51846	L	60	4	118	766	8576
X	51846	L	60	4	212	1374	11436
X	51846	L	60	4	90	595	28855
X	51846	L	60	4	166	1029	24005
X	51846	L	60	4	102	683	14074
X	51846	L	60	4	122	775	20639
X	51846	L	60	4	140	1034	16931
X	51846	L	60	4	111	685	21604
X	51846	L	60	4	83	694	27066
X	51846	L	60	4	141	907	20556
X	51846	L	60	4	98	655	13098
X	51846	L	60	4	194	1189	22329
X	51846	L	60	4	144	990	14271
X	51846	L	60	4	58	420	8224
X	51846	L	60	4	117	739	18506
X	51846	L	60	4	85	530	13465
X	51846	L	60	4	182	1112	29402
X	51846	L	60	4	90	631	13619
X	51846	L	60	4	226	1425	14433
X	51846	L	60	4	188	1137	35395
X	51846	L	60	4	163	1011	21688
X	51846	L	60	4	79	656	19171
X	51846	L	60	4	182	1247	5297
X	51846	L	60	4	160	1255	16246
X	51846	L	60	4	34	262	29631
X	51846	L	60	4	16	129	5906
X	51846	L	60	4	28	210	22813
X	51846	L	60	4	27	177	12210
X	51846	L	60	4	8	56	20357
X	51846	L	60	4	164	1291	7635
X	51846	L	60	4	24	187	7050
X	51846	L	60	4	4	25	29181
X	51846	L	60	4	10	70	17944
X	51846	L	60	4	14	99	27290
X	51846	L	60	4	11	85	30899
X	51846	L	60	4	7	64	25918
X	51846	L	60	4	26	202	26934
X	51846	L	60	4	10	82	16236
X	51846	L	60	4	11	85	24179
X	51846	L	60	4	7	72	21452
X	51846	L	60	4	8	56	32298
X	51846	L	60	4	14	95	25680
X	51846	L	60	4	21	157	20345
X	51846	L	60	4	63	596	12065
X	51846	L	60	4	4	25	20520
X	51846	L	60	4	3	19	3952
X	51846	L	60	4	11	71	12579
X	51846	L	60	4	4	24	24128
X	51846	L	60	4	29	246	14931
X	51846	L	60	4	126	1006	9509
X	51846	L	60	4	3	19	17930
X	51846	L	60	4	8	58	34030
X	51846	L	60	4	11	70	17239
X	51846	L	60	4	9	70	29612
X	51846	L	60	4	6	55	9342
X	51846	L	60	4	8	73	9504
X	51846	L	60	4	10	74	18689
X	51846	L	60	4	11	68	27810
X	51846	L	60	4	10	73	12926
X	51846	L	60	4	23	164	29562
X	51846	L	60	4	24	201	11229
X	51846	L	60	4	12	90	12094
X	51846	L	60	4	13	102	27217
X	51846	L	60	4	26	199	24020
X	51846	L	60	4	81	26927	60636
X	51846	L	60	4	10	68	26725
X	51846	L	60	4	32	239	14862
X	51846	L	60	4	84	7768	13839
X	51846	L	60	4	54	450	22634
X	51846	L	60	4	23	151	29954
X	51846	L	60	4	222	1634	4908
X	51846	L	60	4	127	1025	5410
X	51846	L	60	4	16	112	8020
X	51846	L	60	4	9	69	26724
X	51846	L	60	4	9	70	21661
X	51846	L	60	4	180	1284	10991
X	51846	L	60	4	32	229	12203
X	51846	L	60	4	6	44	21588
X	51846	L	60	4	87	772	14092
X	51846	L	60	-6	23	214	36850
X	51846	L	60	4	170	1321	19284
X	51846	L	60	4	12	104	20314
X	51846	L	60	4	19	138	8849
X	51846	L	60	4	12	78	12415
X	51846	L	60	4	21	175	13816
X	51846	L	60	4	3	23	23293
X	51846	L	60	4	11	78	25053
X	51846	L	60	4	20	153	24862
X	51846	L	60	4	5	48	15407
X	51846	L	60	4	111	987	14691
X	51846	L	60	4	117	926	11413
X	51846	L	60	4	165	1236	18572
X	51847	L	60	-3	8	72	31720
X	51847	L	60	-3	13	115	30149
X	51848	L	60	1	94	731	17078
X	51848	L	60	1	112	739	15650
X	51848	L	60	1	108	704	21808
X	51848	L	60	-6	7	65	28082
X	51848	L	60	-13	6	49	14737
X	51849	L	60	-7	13	122	17435
X	51850	L	60	-11	4	40	13433
X	51856	L	60	-3	56	464	6274
X	51863	L	60	-21	67	458	19135
X	51881	L	60	-22	53	353	22165
X	51891	L	60	1	74	535	18287
X	51915	L	60	-4	61	429	10112
X	2493885	R	60	3658	7	19961	39708
X	3765064	R	60	3324	3	18314	39305
X	11175686	R	60	-1	19	139	38832
X	11175686	R	60	-1	17	148	35506
X	11175686	R	60	-1	105	720	35558
X	11175686	R	60	-1	2	28	33500
X	11175686	R	60	-1	127	953	34318
X	11175686	R	60	-1	9	67	32711
X	11175686	R	60	-1	7	61	32304
X	11175686	R	60	-1	186	1162	32434
X	11175686	R	60	-1	13	100	30190
X	11175686	R	60	-1	15	130	29532
X	11175686	R	60	-1	127	890	29782
X	11175686	R	60	-1	105	729	29523
X	11175690	R	60	0	92	631	29290
X	11175686	R	60	-1	5	36	27557
X	11175686	R	60	-1	128	840	26752
X	11175686	R	60	-1	151	1157	26588
X	11175686	R	60	-1	7	53	24931
X	11175686	R	60	-1	7	52	24888
X	11175686	R	60	-1	192	1228	25638
X	11175686	R	60	-1	9	91	24329
X	11175686	R	60	-1	7	46	23680
X	11175686	R	60	-1	3	32	23391
X	11175686	R	60	-1	100	696	24000
X	11175686	R	60	-1	224	1390	24599
X	11175686	R	60	-1	10	92	23184
X	11175686	R	60	-1	119	858	23848
X	11175686	R	60	-1	256	1583	24597
X	11175686	R	60	-1	113	768	23669
X	11175686	R	60	-1	133	838	23712
X	11175686	R	60	-1	82	581	23298
X	11175686	R	60	-1	80	563	22816
X	11175686	R	60	4	3	39	22247
X	11175686	R	60	-1	7	68	21864
X	11175686	R	60	-1	4	29	21383
X	11175686	R	60	-1	10	63	20929
X	11175686	R	60	-1	11	89	20946
X	11175686	R	60	-1	12	98	20904
X	11175686	R	60	-1	2	19	20481
X	11175686	R	60	-1	5	39	20467
X	11175686	R	60	-1	124	946	21271
X	11175686	R	60	-1	3	22	20293
X	11175686	R	60	-1	104	703	21010
X	11175686	R	60	-1	3	29	20263
X	11175686	R	60	-1	3	26	20201
X	11175686	R	60	-1	8	57	20179
X	11175686	R	60	5	5	47	19523
X	11175670	R	60	-2	78	544	19872
X	11175686	R	60	-1	10	67	19430
X	11175686	R	60	-1	184	1173	20147
X	11175686	R	60	-1	5	40	18967
X	11175686	R	60	-1	150	939	19783
X	11175686	R	60	-1	108	728	19511
X	11175686	R	60	-1	194	1211	19939
X	11175686	R	60	-1	4	38	18497
X	11175686	R	60	-1	7	61	17908
X	11175686	R	60	-1	172	1096	19052
X	11175686	R	60	-1	10	71	18026
X	11175686	R	60	-1	3	39	17838
X	11175686	R	60	-1	9	67	17234
X	11175686	R	60	-1	16	111	17278
X	11175686	R	60	-1	8	67	16999
X	11175686	R	60	-1	13	105	16992
X	11175686	R	60	-1	206	1284	18107
X	11175686	R	60	-1	13	127	16934
X	11175686	R	60	-1	16	127	16879
X	11175686	R	60	-1	4	39	16769
X	11175686	R	60	-1	16	101	16787
X	11175686	R	60	-1	147	931	17470
X	11175686	R	60	2	122	18520	34952
X	11175686	R	60	-1	4	28	16404
X	11175686	R	60	-1	22	176	16494
X	11175686	R	60	-1	143	1239	17436
X	11175686	R	60	-1	222	1376	17495
X	11175686	R	60	-1	199	1279	17217
X	11175690	R	60	0	133	850	16740
X	11175686	R	60	-1	121	809	16585
X	11175614	R	60	-2	72	518	16009
X	11175686	R	60	-1	174	1135	16449
X	11175686	R	60	-1	212	1326	16506
X	11175686	R	60	-1	6	44	15266
X	11175686	R	60	-1	135	867	16067
X	11175686	R	60	-1	167	1036	16174
X	11175686	R	60	-1	85	619	15572
X	11175686	R	60	-1	211	1324	16233
X	11175686	R	60	-1	37	16437	31289
X	11175686	R	60	-1	5	33	14296
X	11175686	R	60	8	11	90	13950
X	11175686	R	60	-1	8	74	13954
X	11175686	R	60	-1	166	1146	14975
X	11175686	R	60	-1	6	40	13656
X	11175686	R	60	-1	5	45	13781
X	11175686	R	60	-1	3	25	13567
X	11175686	R	60	-1	6	42	13333
X	11175686	R	60	-1	9	71	13335
X	11175686	R	60	-1	120	779	13716
X	11175651	R	60	-3	81	531	13475
X	11175686	R	60	-1	9	63	13026
X	11175686	R	60	-1	130	878	13514
X	11175686	R	60	-1	95	640	13158
X	11175686	R	60	-1	6	44	12555
X	11175686	R	60	-1	221	1388	13537
X	11175686	R	60	-1	122	864	12991
X	11175686	R	60	-1	74	763	12784
X	11175686	R	60	9	7	61	12128
X	11175686	R	60	-1	3	34	12038
X	11175686	R	60	-1	10	67	11616
X	11175686	R	60	-1	18	151	11685
X	11175686	R	60	-1	93	747	12194
X	11175686	R	60	-1	136	979	12326
X	11175684	R	60	1	89	730	11969
X	11175686	R	60	-1	112	832	11941
X	11175686	R	60	-1	171	1403	12030
X	11175686	R	60	-1	15	121	10718
X	11175686	R	60	-1	8	67	10599
X	11175686	R	60	-1	193	1241	11580
X	11175686	R	60	-1	20	181	10055
X	11175686	R	60	-1	106	752	10295
X	11175686	R	60	-1	246	1629	11063
X	11175686	R	60	-1	159	1168	10239
X	11175686	R	60	-1	12	94	9051
X	11175686	R	60	-1	70	467	9224
X	11175686	R	60	-1	9	69	8296
X	11175686	R	60	-1	198	1614	9535
X	11175686	R	60	-1	151	947	8864
X	11175686	R	60	13	9	74	7933
X	11175686	R	60	-1	5	37	7919
X	11175686	R	60	-1	10	89	7871
X	11175686	R	60	-1	112	727	8298
X	11175686	R	60	-1	3	26	7318
X	11175686	R	60	5	25	204	7522
X	11175686	R	60	-1	203	1298	8447
X	11175686	R	60	-1	252	1613	8342
X	11175681	R	60	1	178	1217	7227
X	11175686	R	60	-1	238	1513	7516
X	11175686	R	60	-1	92	715	6490
X	11175686	R	60	-1	90	624	6391
X	11175686	R	60	-1	68	460	5836
X	11175686	R	60	-1	62	421	5772
X	11175686	R	60	-1	4	42	5027
X	11175686	R	60	-1	120	839	5803
X	11175686	R	60	-1	136	939	5892
X	11175686	R	60	-1	90	609	5517
X	11175686	R	60	-1	255	1674	5927
X	11175686	R	60	-1	329	2143	5366
X	11175686	R	60	-1	19	150	3002
X	11307400	R	60	1777	1607	12653	38905
X	11288575	R	2	0	410	2575	6153
