I	1	L	8	-198	5	357	12640
I	1	L	58	-198	18	3402	10948
I	1	L	24	-198	7	2664	8271
I	1	L	27	-198	5	1625	9680
I	240737	L	60	0	142	857	9714
I	240737	L	60	0	110	690	10910
I	240737	L	60	0	183	1150	10004
I	240737	L	60	0	144	890	9574
I	240737	L	60	0	104	699	14559
I	240737	L	60	0	206	1318	11882
I	240737	L	60	0	201	1212	11849
I	240737	L	60	0	115	695	15037
I	240737	L	60	0	96	581	15632
I	240737	L	60	0	175	1080	12727
I	240737	L	60	0	228	1405	11385
I	240737	L	60	0	176	1090	11251
I	240737	L	60	0	178	1103	15232
I	240737	L	60	0	152	928	8485
I	240737	L	60	0	206	1283	12880
I	240737	L	60	0	170	1032	5079
I	240737	L	60	0	150	902	12616
I	240737	L	60	0	119	814	11327
I	240737	L	60	0	142	862	10984
I	240737	L	60	0	165	1027	7720
I	240737	L	60	0	90	555	17385
I	240737	L	60	0	124	754	11994
I	240737	L	60	0	235	1461	18020
I	240737	L	60	0	163	992	9129
I	240737	L	60	0	126	770	9462
I	240737	L	60	0	206	1389	9373
I	240737	L	60	0	102	643	9141
I	240737	L	60	0	161	1012	9500
I	240737	L	60	0	192	1186	10308
I	240737	L	60	0	69	436	18344
I	240737	L	60	0	129	890	14919
I	240737	L	60	0	97	587	9239
I	388528	L	60	-4458	2	11553	23655
I	1333329	L	60	-1377	3	11232	27849
I	1575465	L	60	-2138	2	6980	16611
I	2774707	R	60	2187	2	17950	36279
I	4118066	R	60	-1	132	817	18577
I	4118066	R	60	-1	207	1382	19105
I	4118066	R	60	-1	132	841	18241
I	4118066	R	60	-1	178	1097	17306
I	4118066	R	60	-1	160	989	16194
I	4118066	R	60	-1	259	1675	16742
I	4118067	R	60	3	133	929	15844
I	4118066	R	60	-1	148	954	15517
I	4118053	R	60	4	168	1183	15245
I	4118066	R	60	-1	105	705	14597
I	4118066	R	60	-1	195	1280	15092
I	4118066	R	60	12	133	832	14233
I	4118066	R	60	-1	232	1405	14381
I	4118066	R	60	-1	163	1117	14058
I	4118066	R	60	-1	103	629	13000
I	4118066	R	60	-1	144	896	12936
I	4118066	R	60	-1	175	1077	12668
I	4118061	R	60	-1	169	1073	12469
I	4118066	R	60	-1	102	678	11973
I	4118066	R	60	-1	103	647	11706
I	4118066	R	60	-1	138	855	11670
I	4118066	R	60	-1	68	409	11215
I	4118066	R	60	-1	179	1104	11617
I	4118066	R	60	-1	130	802	11007
I	4118066	R	60	-1	175	1141	10996
I	4118066	R	60	-1	202	1254	10996
I	4118066	R	60	-1	147	926	10597
I	4118066	R	60	-1	219	1386	10987
I	4118066	R	60	-1	173	1172	10813
I	4118066	R	60	-1	174	1062	10516
I	4118066	R	60	-1	116	754	10152
I	4118066	R	60	-1	163	986	10261
I	4118061	R	60	-1	243	1537	10792
I	4118066	R	60	-1	160	998	10112
I	4118066	R	60	-1	163	1017	10028
I	4118066	R	60	-1	179	1085	10015
I	4118066	R	60	-1	137	851	9733
I	4118066	R	60	-1	114	688	9384
I	4118066	R	60	-1	123	756	9423
I	4118066	R	60	-1	177	1081	9430
I	4118066	R	60	-1	120	811	9116
I	4118066	R	60	-1	103	673	8921
I	4118066	R	60	-1	94	580	8662
I	4118066	R	60	-1	203	1259	8709
I	4118066	R	60	-1	175	1066	8182
I	4118066	R	60	-1	92	556	7496
I	4118066	R	60	-1	100	603	7512
I	4118066	R	60	-1	136	881	7527
I	4118066	R	60	-1	159	974	7294
I	4118066	R	60	-1	102	622	6691
I	4118066	R	60	-1	180	1147	7210
I	4118066	R	60	-1	127	771	5651
I	4118067	R	60	3	209	1377	6246
I	4136867	L	60	1	72	436	10812
I	4136867	L	60	1	124	814	9776
I	4136867	L	60	1	173	1148	12654
I	4136867	L	60	1	172	1186	13914
I	4136867	L	60	1	26	160	10852
I	4136867	L	60	1	47	296	10290
I	4136867	L	60	1	133	807	11056
I	4136867	L	60	1	112	717	14201
I	4136867	L	60	1	111	687	8440
I	4136867	L	60	1	112	688	11615
I	4136867	L	60	1	170	1044	10387
I	4136867	L	60	1	112	688	12878
I	4136867	L	60	-4	124	766	10999
I	4136867	L	60	1	235	1434	9377
I	4136867	L	60	1	67	424	10645
I	4136867	L	60	1	201	1236	13910
I	4136867	L	60	1	126	801	14477
I	4136867	L	60	1	165	1039	8162
I	4136867	L	60	1	167	1018	8951
I	4136867	L	60	1	159	978	13187
I	4136867	L	60	1	176	1058	13496
I	4136867	L	60	1	75	457	12353
I	4136867	L	60	1	136	832	11533
I	4136867	L	60	1	133	834	8113
I	4136867	L	60	1	169	1070	11436
I	4136867	L	60	1	101	610	9530
I	4136867	L	60	1	121	748	12913
I	4136867	L	60	1	78	490	8924
I	4136867	L	60	1	130	873	11627
I	4136867	L	60	1	110	677	11674
I	4136867	L	60	1	125	808	12365
I	4136867	L	60	1	91	550	16007
I	4136867	L	60	1	132	796	7522
I	4136867	L	60	1	154	976	12298
I	4136867	L	60	1	140	851	10214
I	4136867	L	60	1	168	1054	6636
I	4136867	L	60	1	162	1026	10012
I	4136867	L	60	1	140	848	11326
I	4136867	L	60	1	189	1189	11782
I	4136867	L	60	1	249	1582	11247
I	4136867	L	60	1	170	1043	14842
I	4136867	L	60	1	75	463	10227
I	4136867	L	60	1	138	843	10087
I	4136867	L	60	1	99	598	8619
I	4136867	L	60	1	139	863	7349
I	4136867	L	60	1	163	982	9073
I	4136867	L	60	1	145	884	9436
I	4136869	L	60	-2	135	833	13124
I	4299353	L	60	-7650	2	13898	28839
I	5465816	R	60	44	3	7569	16623
I	5950521	L	60	-182	2	436	3797
I	7030401	L	60	-2752	67	7746	18810
I	7289150	L	60	-1896	2	10419	22314
I	7320955	R	60	1017	3	8767	21530
I	7886722	L	60	-399	5	10766	22452
I	9472551	L	60	-617	2	10186	25274
I	9498151	R	60	8804	2	11138	29268
I	10375691	L	60	-2564	2	8907	18667
I	10619015	L	60	-6233	2	10053	21344
I	11141772	R	60	-1	139	921	19446
I	11141772	R	60	-1	151	921	16162
I	11141772	R	60	-1	101	615	15232
I	11141772	R	60	4	108	680	15096
I	11141772	R	60	-1	165	1030	15151
I	11141772	R	60	-1	114	704	14061
I	11141772	R	60	-1	212	1302	14125
I	11141772	R	60	-1	174	1097	13850
I	11141772	R	60	-1	79	510	11957
I	11141772	R	60	-1	119	738	11992
I	11141772	R	60	-1	161	1008	12260
I	11141772	R	60	-1	91	555	11756
I	11141772	R	60	-1	174	1068	11270
I	11141772	R	60	-1	123	784	10903
I	11141770	R	60	2	41	279	9915
I	11141772	R	60	-1	153	969	10558
I	11141772	R	60	-1	114	786	10175
I	11141772	R	60	-1	247	1518	10787
I	11141772	R	60	-1	111	681	9268
I	11141772	R	60	-1	78	472	8949
I	11141772	R	60	-1	123	747	9035
I	11141772	R	60	-1	92	555	7880
I	11141772	R	60	-1	49	297	6884
I	11141772	R	60	-1	117	706	7086
I	11141772	R	60	-1	154	1050	7332
I	11204694	R	60	708	3	9595	19200
I	11216169	L	1	-6	73	3557	8621
I	11216620	L	48	-1	68	2281	14350
I	11216626	L	15	-8	72	3477	17073
I	11217076	L	41	-1	71	2464	10804
I	11217090	L	1	-162	68	2446	10255
I	11217162	L	55	-88	71	3667	15729
I	11218073	L	28	-1067	70	2958	11014
I	11220205	L	30	-1	70	1914	9501
II	66942	L	60	1	90	561	11912
II	66942	L	60	1	98	607	14708
II	66942	L	60	1	170	1053	13704
II	66942	L	60	1	135	834	10650
II	66942	L	60	1	155	934	7100
II	66942	L	60	1	131	795	10119
II	66942	L	60	1	81	506	16013
II	66942	L	60	1	177	1085	10358
II	66942	L	60	1	106	663	10719
II	66942	L	60	1	141	983	9102
II	66942	L	60	1	122	749	15423
II	66942	L	60	1	172	1083	9895
II	66942	L	60	-4	129	985	13096
II	66942	L	60	1	134	906	14700
II	66942	L	60	1	176	1078	16356
II	66942	L	60	1	232	1453	15553
II	66942	L	60	1	188	1242	11596
II	66942	L	60	1	179	1132	14036
II	2110106	L	60	-83	2	3097	15920
II	5876120	R	60	1304	2	6929	18321
II	6413003	R	60	2	124	766	18431
II	6413004	R	60	0	112	682	18173
II	6413003	R	60	2	175	1154	18050
II	6413002	R	60	1	126	778	17432
II	6413004	R	60	0	223	1485	17898
II	6413004	R	60	0	110	698	16563
II	6413004	R	60	0	111	750	15040
II	6413004	R	60	0	200	1235	15537
II	6413004	R	60	0	131	818	14523
II	6413004	R	60	7	121	754	14201
II	6413004	R	60	0	135	881	14321
II	6412993	R	60	14	119	857	13185
II	6413004	R	60	0	230	1448	13696
II	6413004	R	60	0	80	500	12157
II	6413004	R	60	0	153	946	12295
II	6413004	R	60	0	152	993	12017
II	6413004	R	60	0	90	568	11222
II	6413004	R	60	0	66	403	10948
II	6413004	R	60	0	177	1089	11450
II	6413004	R	60	0	130	854	11143
II	6413004	R	60	0	170	1042	11237
II	6413004	R	60	0	141	855	10983
II	6413004	R	60	0	185	1197	11335
II	6413004	R	60	0	72	434	10043
II	6413004	R	60	0	203	1229	10602
II	6413004	R	60	0	75	455	9781
II	6413004	R	60	0	143	966	10302
II	6413002	R	60	1	176	1081	10254
II	6413004	R	60	0	104	629	9755
II	6413004	R	60	0	86	522	9323
II	6413004	R	60	0	70	440	8643
II	6413004	R	60	0	165	1012	9214
II	6413006	R	60	-1	218	1560	9726
II	6413004	R	60	2	140	946	8994
II	6413004	R	60	0	217	1337	9108
II	6413004	R	60	0	113	682	8254
II	6413004	R	60	0	221	1508	9087
II	6413004	R	60	0	160	984	8526
II	6413003	R	60	9	136	853	7818
II	6413004	R	60	0	189	1228	8243
II	6413004	R	60	8	156	1109	8020
II	6413004	R	60	0	194	1279	7866
II	6413004	R	60	0	106	691	7201
II	6413004	R	60	0	177	1079	7467
II	6413004	R	60	0	171	1038	6485
II	6413004	R	60	0	90	642	4504
II	6427035	L	60	1	39	238	9319
II	6427035	L	60	1	66	434	13081
II	6427035	L	60	1	120	735	14001
II	6427035	L	60	1	134	823	4611
II	6427035	L	60	1	74	448	15854
II	6427035	L	60	1	196	1199	14634
II	6427035	L	60	1	138	938	11915
II	6427035	L	60	-4	121	784	16640
II	6427035	L	60	1	133	822	7769
II	6427035	L	60	1	190	1178	9247
II	6427035	L	60	1	103	622	10763
II	6427035	L	60	1	45	274	9740
II	6427035	L	60	1	90	549	9008
II	6427035	L	60	1	67	406	16005
II	6427035	L	60	1	118	717	9156
II	6427035	L	60	1	162	990	16030
II	6427035	L	60	1	128	804	9075
II	6427035	L	60	1	142	861	9369
II	6427035	L	60	1	148	897	6858
II	6427035	L	60	1	152	948	16672
II	6427035	L	60	1	141	860	10030
II	6427035	L	60	1	61	370	14071
II	6427035	L	60	-4	110	681	11030
II	6427035	L	60	1	154	934	7634
II	6427035	L	60	1	146	923	8408
II	6427035	L	60	1	121	737	11016
II	6427035	L	60	1	211	1514	9083
II	6427035	L	60	1	70	424	9060
II	6427035	L	60	1	77	467	11785
II	6427035	L	60	1	136	830	9741
II	6427035	L	60	1	118	717	10454
II	6427035	L	60	1	158	995	12807
II	6427035	L	60	1	188	1245	20236
II	6427035	L	60	1	68	411	12752
II	6427035	L	60	1	157	964	15157
II	6427035	L	60	1	147	921	11005
II	6427035	L	60	1	150	904	6234
II	6427043	L	60	-8	47	301	8988
II	6427043	L	60	-8	85	528	5925
II	6427045	L	60	-5	178	1122	11244
II	6699016	R	60	6068	2	9603	21748
II	7730734	R	38	471	2	1857	12163
II	7824148	R	60	3350	2	9685	26800
II	8967224	L	60	-250	2	6157	23556
II	9533544	L	60	-4962	2	8639	17389
II	9778769	L	60	-159	2	3320	11914
II	9778769	L	60	-159	2	3840	13200
II	9898723	R	60	516	2	6499	16372
II	10473507	R	60	6	133	855	18594
II	10473507	R	60	-1	229	1516	17659
II	10473505	R	60	9	176	1109	15419
II	10473507	R	60	6	146	972	14418
II	10473507	R	60	-1	152	977	14382
II	10473507	R	60	-1	109	787	14124
II	10473507	R	60	-1	148	911	13748
II	10473507	R	60	-1	159	978	13766
II	10473507	R	60	-1	133	817	13234
II	10473503	R	60	4	249	1697	13863
II	10473507	R	60	-1	126	791	12686
II	10473507	R	60	-1	87	539	12193
II	10473507	R	60	-1	115	705	12323
II	10473499	R	60	23	114	817	12312
II	10473507	R	60	-1	68	413	11621
II	10473507	R	60	-1	111	712	11678
II	10473507	R	60	-1	127	778	11665
II	10473505	R	60	2	149	1021	11890
II	10473507	R	60	-1	181	1146	11784
II	10473507	R	60	-1	28	172	10766
II	10473507	R	60	-1	132	800	11015
II	10473507	R	60	-1	169	1104	11156
II	10473507	R	60	-1	158	982	10759
II	10473503	R	60	4	145	919	10694
II	10473507	R	60	-1	46	281	9961
II	10473507	R	60	-1	175	1075	10667
II	10473507	R	60	-1	146	900	10328
II	10473507	R	60	-1	129	781	10128
II	10473507	R	60	-1	210	1281	9790
II	10473507	R	60	-1	90	545	8995
II	10473507	R	60	-1	138	859	9127
II	10473507	R	60	-1	197	1251	9190
II	10473507	R	60	-1	174	1067	8978
II	10473507	R	60	-1	209	1342	9001
II	10473507	R	60	-1	174	1093	8543
II	10473507	R	60	-1	146	906	8059
II	10473503	R	60	4	161	1000	6104
II	10473507	R	60	-1	186	1150	5223
II	10659412	R	1	-2	1389	8573	16481
II	10659412	R	1	-2	1041	6504	13986
II	10659412	R	1	-2	177	1127	8584
II	10659412	R	1	-2	1017	6349	13017
II	10659412	R	1	-2	57	340	6188
II	10659412	R	27	-2	1056	6674	10444
II	10664373	R	60	3122	147	4017	12268
II	10659412	R	30	-2	1893	11643	14709
II	10659412	R	20	-2	1110	6761	9723
II	10659412	R	28	-2	2394	14925	16465
II	10659412	R	20	-2	1347	8213	9489
II	10659412	R	19	-2	2360	14432	15655
II	10659412	R	10	-2	1671	10565	10986
III	3	L	12	-246	15	3213	11426
III	91404	L	60	1	69	423	10501
III	91404	L	60	-9	154	1132	18804
III	91404	L	60	1	92	592	10361
III	91404	L	60	1	136	936	18043
III	91404	L	60	1	271	1782	11441
III	91404	L	60	1	102	661	12884
III	91404	L	60	1	215	1365	8949
III	91404	L	60	1	185	1220	12983
III	91404	L	60	1	107	643	11520
III	91404	L	60	1	59	372	10613
III	91404	L	60	1	153	1057	12303
III	91404	L	60	1	63	389	11647
III	91404	L	60	1	165	1086	12892
III	91404	L	60	1	121	784	8165
III	91404	L	60	1	122	741	10440
III	91404	L	60	1	89	545	12530
III	91404	L	60	-6	127	837	6141
III	91404	L	60	1	117	824	15264
III	91404	L	60	1	131	822	15870
III	91404	L	60	1	139	871	8804
III	91404	L	60	1	107	653	13602
III	91404	L	60	1	169	1057	12995
III	91404	L	60	1	91	566	13025
III	91404	L	60	1	115	694	4722
III	91404	L	60	1	138	866	12729
III	91404	L	60	1	206	1246	11610
III	91404	L	60	1	165	1041	13414
III	91404	L	60	1	176	1065	9402
III	91404	L	60	1	206	1320	13325
III	91404	L	60	1	104	632	8673
III	91404	L	60	1	218	1430	14488
III	91406	L	60	-2	242	1613	6769
III	91407	L	60	-1	143	888	14378
III	91413	L	60	-7	167	1146	15470
III	2289759	R	60	666	2	13214	26537
III	3063260	R	60	1006	2	2011	15400
III	3637148	L	60	-7189	2	14536	30490
III	4635267	R	60	0	123	766	19176
III	4635267	R	60	0	170	1057	18759
III	4635267	R	60	0	95	579	17160
III	4635267	R	60	0	55	342	15761
III	4635267	R	60	0	166	1049	15898
III	4635267	R	60	0	113	710	15004
III	4635267	R	60	0	103	636	14819
III	4635267	R	60	0	64	389	14547
III	4635267	R	60	0	201	1243	15112
III	4635267	R	60	0	136	826	14235
III	4635267	R	60	0	186	1136	14477
III	4635267	R	60	0	124	796	13927
III	4635267	R	60	0	107	657	13698
III	4635267	R	60	0	100	605	13299
III	4635267	R	60	0	162	1002	13643
III	4635267	R	60	0	136	851	13438
III	4635267	R	60	0	94	588	13141
III	4635267	R	60	0	74	449	12947
III	4635267	R	60	0	111	678	12515
III	4635267	R	60	0	148	996	12717
III	4635267	R	60	0	137	824	12501
III	4635267	R	60	0	192	1221	12884
III	4635267	R	60	0	142	867	12530
III	4635267	R	60	0	138	852	11883
III	4635267	R	60	1	175	1101	11807
III	4635267	R	60	0	219	1578	11881
III	4635267	R	60	0	114	748	11052
III	4635267	R	60	0	128	788	11044
III	4635265	R	60	6	77	511	10468
III	4635267	R	60	0	118	720	10263
III	4635267	R	60	0	64	418	9928
III	4635267	R	60	0	117	753	10192
III	4635267	R	60	0	86	541	9814
III	4635267	R	60	0	135	815	9937
III	4635267	R	60	0	131	792	9371
III	4635267	R	60	0	81	496	8802
III	4635267	R	60	0	172	1162	9476
III	4635267	R	60	0	76	461	8093
III	4635267	R	60	0	163	988	7053
III	4662007	L	60	1	58	352	11195
III	4662007	L	60	1	96	618	15491
III	4662007	L	60	1	63	408	14266
III	4662007	L	60	1	185	1131	8011
III	4662007	L	60	1	106	717	10959
III	4662007	L	60	1	76	556	10067
III	4662007	L	60	1	143	862	9916
III	4662007	L	60	1	109	681	16019
III	4662007	L	60	-6	186	1148	9685
III	4662007	L	60	1	73	447	11623
III	4662007	L	60	1	181	1226	8195
III	4662007	L	60	1	149	898	7910
III	4662007	L	60	1	165	994	16355
III	4662007	L	60	1	192	1195	11238
III	4662007	L	60	1	123	860	14348
III	4662007	L	60	1	137	831	12112
III	4662007	L	60	1	151	984	13492
III	4662007	L	60	1	180	1089	9441
III	4662007	L	60	1	141	854	7192
III	4662007	L	60	1	165	1015	10739
III	4662007	L	60	1	181	1101	11398
III	4662007	L	60	1	100	603	9483
III	4662007	L	60	1	163	999	11084
III	4662007	L	60	1	126	807	16755
III	4662007	L	60	1	88	532	18985
III	4662007	L	60	1	144	886	9736
III	4662007	L	60	1	98	623	17998
III	4662007	L	60	1	118	762	15913
III	4662007	L	60	1	153	927	10901
III	4662007	L	60	1	204	1259	15152
III	4662007	L	60	1	124	770	9019
III	4662007	L	60	1	47	286	12373
III	4662007	L	60	1	136	825	11242
III	4662007	L	60	1	145	909	18262
III	4662007	L	60	1	126	760	12424
III	4662007	L	60	1	111	705	12939
III	4662007	L	60	1	133	798	11584
III	4662009	L	60	-2	111	703	12696
III	4662012	L	60	1	172	1132	14356
III	4662013	L	60	-6	215	1535	15526
III	4662015	L	60	-2	153	959	20793
III	4895002	R	60	1438	2	10187	22188
III	8526125	R	60	5079	2	9003	22764
III	8713033	L	60	-4394	2	11964	25337
III	10758308	R	60	-1	57	350	16093
III	10758300	R	60	8	180	1127	16322
III	10758308	R	60	-1	198	1245	14533
III	10758308	R	60	-1	162	1039	13395
III	10758308	R	60	-1	174	1152	13075
III	10758308	R	60	-1	77	466	12259
III	10758308	R	60	-1	88	539	12338
III	10758308	R	60	-1	51	310	11885
III	10758308	R	60	-1	112	701	11597
III	10758308	R	60	-1	91	559	11441
III	10758308	R	60	-1	190	1267	11992
III	10758308	R	60	-1	126	771	10422
III	10758308	R	60	-1	139	848	10421
III	10758308	R	60	-1	120	724	10092
III	10758308	R	60	-1	145	910	8996
III	10758308	R	60	-1	189	1185	9010
III	10758308	R	60	-1	116	729	8123
III	10758308	R	60	-1	198	1208	7961
III	10758308	R	60	-1	220	1401	6984
III	10985433	R	1	11	1223	8774	12034
III	10992004	R	60	1272	68	1723	9766
III	10992004	R	60	1273	1197	9573	16655
III	10992004	R	60	1275	189	3423	9912
III	10992004	R	60	1272	1240	9868	13986
III	10990031	R	1	12	1231	8477	9658
IV	1	L	24	-1167	43	1449	11553
IV	19648	L	1	-5	1103	6691	11448
IV	19648	L	1	-6	1565	9880	15706
IV	49087	L	1	-7	1921	11810	13691
IV	49087	L	1	-7	1773	11028	13885
IV	49087	L	1	-7	968	5946	12821
IV	49087	L	1	-7	973	5911	9434
IV	233890	L	60	0	147	1001	10518
IV	233890	L	60	0	135	851	10686
IV	233890	L	60	0	152	1044	18786
IV	233890	L	60	0	107	664	18009
IV	233890	L	60	-3	143	958	5984
IV	233890	L	60	0	170	1042	17155
IV	233890	L	60	0	193	1221	12970
IV	233890	L	60	0	155	944	10502
IV	233890	L	60	0	164	1062	9851
IV	233890	L	60	0	123	755	12058
IV	233890	L	60	0	142	895	11564
IV	233890	L	60	0	129	798	11041
IV	233890	L	60	0	140	845	9268
IV	233890	L	60	0	129	784	8378
IV	233890	L	60	0	128	785	12681
IV	233890	L	60	0	182	1217	17738
IV	233890	L	60	0	189	1321	12540
IV	233890	L	60	0	114	694	11610
IV	233890	L	60	0	170	1040	18132
IV	233890	L	60	0	123	774	12208
IV	233890	L	60	0	111	681	13852
IV	233890	L	60	0	154	966	9608
IV	233890	L	60	0	102	617	10824
IV	233890	L	60	0	96	588	10070
IV	233890	L	60	0	79	476	9686
IV	233890	L	60	0	107	660	10766
IV	233890	L	60	0	236	1468	11447
IV	233890	L	60	0	143	906	13721
IV	233890	L	60	0	128	812	14934
IV	233890	L	60	0	134	911	8640
IV	233892	L	60	-6	63	389	10759
IV	233897	L	60	-8	128	804	10246
IV	233898	L	60	-9	148	957	11719
IV	236674	L	60	-3	19	122	17822
IV	846568	R	60	662	2	6708	18258
IV	846916	L	60	-1963	2	8302	18509
IV	1999819	L	60	-921	2	10078	22119
IV	2118295	R	60	2724	4	12760	26127
IV	4031982	R	60	682	2	8540	18217
IV	4562848	R	60	4419	5	11656	23625
IV	5184372	R	60	-1	198	1325	18154
IV	5184372	R	60	-1	134	826	17515
IV	5184372	R	60	-1	72	436	16648
IV	5184372	R	60	-1	119	741	16932
IV	5184372	R	60	-1	132	876	16371
IV	5184372	R	60	-1	107	651	15175
IV	5184372	R	60	-1	194	1254	15431
IV	5184372	R	60	-1	135	820	13995
IV	5184372	R	60	9	145	925	13852
IV	5184372	R	60	-1	166	1005	12935
IV	5184372	R	60	6	102	644	12515
IV	5184372	R	60	-1	119	751	12156
IV	5184372	R	60	-1	116	725	12012
IV	5184372	R	60	-1	111	685	11831
IV	5184372	R	60	-1	136	825	11893
IV	5184372	R	60	-1	81	519	11105
IV	5184372	R	60	-1	154	933	11240
IV	5184372	R	60	-1	181	1100	11279
IV	5184372	R	60	-1	147	904	11065
IV	5184372	R	60	-1	182	1147	11282
IV	5184372	R	60	-1	92	574	10692
IV	5184372	R	60	6	115	701	10666
IV	5184372	R	60	-1	112	687	10548
IV	5184372	R	60	-1	164	997	10808
IV	5184372	R	60	-1	174	1093	10732
IV	5184372	R	60	-1	134	833	10398
IV	5184363	R	60	7	147	987	10506
IV	5184372	R	60	-1	182	1171	10452
IV	5184372	R	60	-1	178	1078	10281
IV	5184372	R	60	-1	108	736	8518
IV	5184372	R	60	-1	193	1213	8712
IV	5184372	R	60	-1	37	226	7342
IV	5184372	R	60	-1	145	946	7769
IV	5184372	R	60	-1	122	741	6997
IV	5184372	R	60	-1	227	1457	7569
IV	5184373	L	60	1	122	801	12715
IV	5184373	L	60	1	131	796	9608
IV	5184373	L	60	1	138	916	13620
IV	5184373	L	60	1	125	791	9413
IV	5184373	L	60	1	19	118	6853
IV	5184373	L	60	1	81	486	12201
IV	5184373	L	60	1	100	630	21259
IV	5184373	L	60	1	138	837	6524
IV	5184373	L	60	1	136	952	16825
IV	5184373	L	60	1	86	520	9499
IV	5184373	L	60	1	134	815	11456
IV	5184373	L	60	1	175	1158	11380
IV	5184373	L	60	1	140	854	9717
IV	5184373	L	60	1	241	1561	9124
IV	5184373	L	60	1	146	908	13746
IV	5184373	L	60	1	136	841	14096
IV	5184373	L	60	1	180	1115	16897
IV	5184373	L	60	1	126	850	14793
IV	5184373	L	60	1	104	633	13287
IV	5184373	L	60	1	96	581	11082
IV	5184373	L	60	1	147	958	14190
IV	5184373	L	60	1	119	722	12478
IV	5184373	L	60	1	134	954	10998
IV	5184373	L	60	-4	96	682	8740
IV	5184373	L	60	1	130	855	9597
IV	5184373	L	60	1	164	1034	13412
IV	5184373	L	60	1	78	472	14627
IV	5184373	L	60	1	109	702	13228
IV	5184373	L	60	1	59	358	14296
IV	5184373	L	60	1	157	952	7237
IV	5184373	L	60	1	75	454	10516
IV	5184373	L	60	1	137	853	11747
IV	5184373	L	60	1	170	1039	10780
IV	5184373	L	60	1	134	808	6414
IV	5184373	L	60	1	105	739	19404
IV	5184373	L	60	1	124	753	12785
IV	5184373	L	60	1	102	629	10986
IV	5184373	L	60	1	159	980	12159
IV	5184373	L	60	1	204	1247	7877
IV	5184373	L	60	1	165	1021	12220
IV	5184373	L	60	1	213	1413	9465
IV	5184373	L	60	1	120	724	7616
IV	5184373	L	60	1	121	760	15510
IV	5184379	L	60	-6	184	1134	10227
IV	5184381	L	60	0	187	1190	7895
IV	5666635	L	60	-737	3	10848	23643
IV	6864523	L	60	-1950	3	4084	15285
IV	8070171	L	60	-780	2	10792	29381
IV	10849091	L	60	-8664	2	13228	29782
IV	11113822	R	60	3226	4	8347	20392
IV	12464840	R	60	1222	64	3072	16591
IV	12464840	R	60	1224	6	1304	15560
IV	12464840	R	60	1220	49	1829	18540
IV	12464840	R	60	1224	51	1891	18044
IV	12464840	R	60	1223	64	2230	17477
IV	12464840	R	60	1223	64	2800	15993
IV	12464840	R	60	1221	63	2678	16341
IV	12464840	R	60	1222	64	3768	17471
IV	12464840	R	60	1223	8	1327	17499
IV	12464840	R	60	1223	49	1834	15401
IV	12464840	R	60	1223	63	2142	17027
IV	12464840	R	60	1223	64	4129	17639
IV	12464840	R	60	1223	64	2871	17439
IV	12464840	R	60	1223	63	5028	17910
IV	12464840	R	60	1223	64	3394	16859
IV	12464840	R	60	1223	53	1887	16046
IV	12464840	R	60	1225	62	2001	16737
IV	12464840	R	60	1224	64	4460	17380
IV	12464840	R	60	1223	15	1414	15565
IV	12464840	R	60	1222	63	2125	16982
IV	12464840	R	60	1223	64	2457	15790
IV	12464840	R	60	1223	64	3157	17691
IV	12464840	R	60	1223	33	1644	16955
IV	12464840	R	60	1223	63	2040	20351
IV	12464840	R	60	1224	64	3825	17678
IV	12464840	R	60	1223	63	3901	17141
IV	12464840	R	60	1223	55	1918	15375
IV	12464840	R	60	1230	63	5633	18736
IV	12464840	R	60	1223	64	4320	18483
IV	12464840	R	60	1222	63	2395	15982
IV	12464840	R	60	1223	2	1249	16461
IV	12464840	R	60	1223	64	4884	18669
IV	12464840	R	60	1222	17	1430	14861
IV	12464840	R	60	1223	59	1951	16755
IV	12464840	R	60	1224	63	2782	15895
IV	12464840	R	60	1221	60	2494	16660
IV	12464835	R	60	1227	62	2460	16019
IV	12464840	R	60	1224	64	2789	16149
IV	12464840	R	60	1226	63	2023	16570
IV	12464840	R	60	1222	64	2904	15776
IV	12459188	R	60	-2	985	6123	13281
IV	12464840	R	60	1223	64	3077	18593
IV	12464835	R	60	1227	62	4899	19446
IV	12464840	R	60	1225	64	3329	16959
IV	12464840	R	60	1228	15	1434	16103
IV	12464840	R	60	1227	3	1268	14375
IV	12464840	R	60	1221	30	1602	16180
IV	12464840	R	60	1224	37	1684	18932
IV	12464840	R	60	1224	64	4144	18054
IV	12464840	R	60	1227	64	3011	16667
IV	12464167	R	60	-4	83	545	14735
IV	12464840	R	60	1240	7	1325	14512
IV	12459188	R	60	-2	1234	7540	15613
IV	12464840	R	60	1224	24	1524	14593
IV	12459183	R	60	2	1058	6578	14199
IV	12464840	R	60	1223	36	4068	18663
IV	12464840	R	60	1226	63	2091	17732
IV	12464840	R	60	1225	62	4279	17623
IV	12464840	R	60	1225	5	1283	17468
IV	12464840	R	60	1224	57	1941	15718
IV	12464840	R	60	1224	17	1437	18101
IV	12458483	R	60	-5	1265	7857	14542
IV	12464840	R	60	1221	37	1693	19530
IV	12464840	R	60	1223	17	1433	14990
IV	12464840	R	60	1220	9	1336	17418
IV	12464840	R	60	1223	7	1320	14104
IV	12464840	R	60	1222	63	2259	17604
IV	12464840	R	60	1225	64	2386	19644
IV	12464840	R	60	1225	64	2912	19336
IV	12464840	R	60	1222	51	1868	18613
IV	12464840	R	60	1223	11	1358	15659
IV	12464840	R	60	1223	48	1828	16057
IV	12464840	R	60	1226	66	6260	19923
IV	12464840	R	60	1250	58	4238	18279
IV	12459188	R	60	-2	1086	6819	14848
IV	12464840	R	60	1225	25	1542	14522
IV	12452084	L	60	-2156	2	3209	11280
IV	12464840	R	60	1223	64	3498	16791
IV	12464840	R	60	1225	64	3836	16876
IV	12464840	R	60	1229	62	2136	16635
IV	12464840	R	60	1224	61	2370	17701
IV	12464840	R	60	1225	3	1263	18283
IV	12464840	R	60	1222	62	2110	17461
IV	12464840	R	60	1223	64	2513	18379
IV	12464840	R	60	1223	63	2404	16812
IV	12464840	R	60	1223	64	4386	17225
IV	12464840	R	60	1224	63	3461	19445
IV	12464840	R	60	1223	39	1710	17837
IV	12464840	R	60	1223	45	1792	16394
IV	12464840	R	60	1222	64	2328	16961
IV	12464840	R	60	1223	23	1520	20542
IV	12464840	R	60	1223	64	2852	18911
IV	12464840	R	60	1224	64	3810	17451
IV	12464840	R	60	1225	65	5546	18613
IV	12464840	R	60	1225	25	1535	17240
IV	12464840	R	60	1223	55	1919	15699
IV	12464840	R	60	1223	63	2045	16832
IV	12464840	R	60	1222	62	2015	15059
IV	12464840	R	60	1224	64	2399	15353
IV	12464840	R	60	1223	17	1429	14495
IV	12464840	R	60	1223	63	2037	16132
IV	12464840	R	60	1223	62	2000	17270
IV	12464840	R	60	1223	9	1329	15917
IV	12464840	R	60	1223	57	1931	16653
IV	12464840	R	60	1222	64	4418	17886
IV	12464840	R	60	1224	62	3495	18305
IV	12464840	R	60	1223	150	2972	17729
IV	12464840	R	60	1223	64	3043	18006
IV	12464840	R	60	1223	31	1611	16476
IV	12459186	R	60	1	153	951	8913
IV	12464840	R	60	1222	63	5301	18047
IV	12464840	R	60	1219	59	2959	15685
IV	12464840	R	60	1223	64	3002	15706
IV	12464840	R	60	1222	64	4369	17054
IV	12464840	R	60	1224	64	3400	16039
IV	12464840	R	60	1223	64	2776	15406
IV	12464840	R	60	1223	64	4454	17090
IV	12464840	R	60	1224	63	3089	15730
IV	12464840	R	60	1224	88	2170	14799
IV	12464840	R	60	1222	64	3277	15891
IV	12464840	R	60	1224	39	1715	14315
IV	12464840	R	60	1219	50	5578	18081
IV	12464840	R	60	1223	36	3618	16209
IV	12464840	R	60	1232	54	1930	14542
IV	12464840	R	60	1223	64	2487	15015
IV	12464840	R	60	1223	29	1582	14103
IV	12464840	R	60	1224	64	4380	16888
IV	12464840	R	60	1225	64	5534	18037
IV	12464840	R	60	1223	64	2614	15095
IV	12464840	R	60	1228	64	4282	16474
IV	12464840	R	60	1223	19	1456	13930
IV	12464840	R	60	1224	64	3762	16228
IV	12464840	R	60	1223	64	2512	14958
IV	12464840	R	60	1220	64	2476	14913
IV	12459188	R	60	-2	1326	8158	14952
IV	12464840	R	60	1225	62	4329	16698
IV	12464840	R	60	1222	64	5263	17625
IV	12464840	R	60	1224	5	1291	13653
IV	12464840	R	60	1222	64	3124	15447
IV	12464840	R	60	1223	63	2007	14323
IV	12464840	R	60	1220	66	6358	18641
IV	12464840	R	60	1224	64	2433	14713
IV	12464840	R	60	1223	25	1544	13802
IV	12464840	R	60	1223	35	1666	13936
IV	12464840	R	60	1224	26	1554	13818
IV	12464840	R	60	1223	56	1927	14165
IV	12464840	R	60	1226	37	1689	13921
IV	12464840	R	60	1224	64	3363	15565
IV	12464840	R	60	1226	60	5349	17531
IV	12464840	R	60	1224	66	6167	18328
IV	12464840	R	60	1224	65	5871	18018
IV	12464840	R	60	1223	65	6063	18188
IV	12464840	R	60	1223	49	1831	13937
IV	12464840	R	60	1223	64	3561	15658
IV	12464840	R	60	1231	52	1950	14055
IV	12464840	R	60	1223	62	3698	15780
IV	12464840	R	60	1223	64	5128	17217
IV	12464840	R	60	1223	64	4115	16192
IV	12464840	R	60	1222	25	1533	13582
IV	12464840	R	60	1225	17	1432	13482
IV	12464840	R	60	1224	33	1644	13689
IV	12464840	R	60	1223	64	2432	14459
IV	12464840	R	60	1231	37	1733	13810
IV	12464840	R	60	1224	63	2565	14586
IV	12464840	R	60	1224	64	2745	14755
IV	12464840	R	60	1224	64	5043	17058
IV	12464840	R	60	1224	64	2488	14489
IV	12464840	R	60	1223	64	3086	15072
IV	12464840	R	60	1226	36	2915	14902
IV	12459188	R	60	-2	1091	6707	13017
IV	12464840	R	60	1224	63	3459	15422
IV	12464840	R	60	1225	60	4359	16326
IV	12459188	R	60	-2	929	6744	13167
IV	12464840	R	60	1223	64	3597	15513
IV	12464840	R	60	1223	53	1895	13825
IV	12464840	R	60	1223	21	1485	13404
IV	12464840	R	60	1223	64	3748	15668
IV	12464840	R	60	1224	64	2314	14222
IV	12464840	R	60	1225	64	3864	15781
IV	12464840	R	60	1226	64	3862	15763
IV	12464840	R	60	1221	26	1560	13399
IV	12464840	R	60	1223	64	5076	16934
IV	12464840	R	60	1223	64	2707	14543
IV	12464840	R	60	1224	63	3574	15400
IV	12464840	R	60	1223	64	4990	16810
IV	12464840	R	60	1225	55	1915	13732
IV	12464840	R	60	1224	63	2023	13819
IV	12464840	R	60	1223	64	4292	16066
IV	12464840	R	60	1229	63	3027	14858
IV	12464840	R	60	1221	65	5958	17734
IV	12464840	R	60	1223	64	3826	15591
IV	12464840	R	60	1223	39	1739	13494
IV	12464840	R	60	1219	64	5059	16800
IV	12464840	R	60	1223	64	4493	16224
IV	12464840	R	60	1223	54	1902	13625
IV	12464840	R	60	1224	64	5178	16891
IV	12464840	R	60	1228	61	2825	14533
IV	12464840	R	60	1224	49	1831	13521
IV	12464840	R	60	1222	7	1309	12985
IV	12464840	R	60	1223	64	2815	14474
IV	12464833	R	60	1230	50	3848	15518
IV	12464840	R	60	1223	64	2472	14119
IV	12464840	R	60	1223	2	1249	12893
IV	12464840	R	60	1222	64	2368	13990
IV	12464840	R	60	1223	64	2604	14219
IV	12464840	R	60	1226	63	3466	15074
IV	12464840	R	60	1223	64	4489	16069
IV	12464840	R	60	1224	61	3593	15184
IV	12464840	R	60	1223	47	1815	13354
IV	12464840	R	60	1222	64	4892	16435
IV	12464840	R	60	1222	13	1385	12920
IV	12464840	R	60	1225	55	1924	13463
IV	12464840	R	60	1224	63	3836	15366
IV	12464840	R	60	1223	39	1706	13225
IV	12464840	R	60	1223	25	1536	13050
IV	12464840	R	60	1223	64	3568	15073
IV	12464840	R	60	1223	63	2986	14485
IV	12464840	R	60	1223	59	1964	13458
IV	12464840	R	60	1222	63	3065	14514
IV	12464840	R	60	1224	64	3028	14507
IV	12464840	R	60	1224	64	2617	14055
IV	12464840	R	60	1220	59	2150	13507
IV	12464840	R	60	1223	19	1468	12876
IV	12464840	R	60	1224	64	3465	14868
IV	12464840	R	60	1228	60	3818	15237
IV	12464840	R	60	1224	47	1821	13191
IV	12464840	R	60	1223	64	2150	13509
IV	12464840	R	60	1225	63	2706	14057
IV	12459188	R	60	-2	1116	6801	12478
IV	12464840	R	60	1223	33	1630	8202
IV	12464840	R	60	1225	64	5335	16638
IV	12464840	R	60	1223	37	1687	12972
IV	12464840	R	60	1223	64	2989	14244
IV	12464840	R	60	1228	53	1945	13191
IV	12464840	R	60	1224	36	3588	14836
IV	12464840	R	60	1224	63	2168	13424
IV	12464840	R	60	1223	43	1781	12997
IV	12464840	R	60	1223	64	3573	14798
IV	12464840	R	60	1223	64	3458	14679
IV	12464840	R	60	1223	25	1546	12743
IV	12464840	R	60	1223	64	2624	13823
IV	12464840	R	60	1223	64	3245	14077
IV	12464840	R	60	1221	58	2301	13462
IV	12464840	R	60	1223	2	1251	12406
IV	12464840	R	60	1223	64	4849	15993
IV	12453697	L	60	-4300	4	10008	20969
IV	12464835	R	60	1227	32	1643	12795
IV	12464840	R	60	1223	6	1298	12437
IV	12464840	R	60	1228	64	3546	14703
IV	12464840	R	60	1223	64	2162	13286
IV	12464840	R	60	1227	62	2868	13989
IV	12464840	R	60	1223	63	2020	13126
IV	12464840	R	60	1222	64	3711	14816
IV	12464840	R	60	1222	64	2368	13461
IV	12464840	R	60	1223	27	1571	12672
IV	12464840	R	60	1224	64	4830	15916
IV	12464840	R	60	1225	64	2627	13705
IV	12459188	R	60	-2	1016	6245	11651
IV	12464840	R	60	1223	64	5082	16123
IV	12464840	R	60	1223	63	5177	16205
IV	12459188	R	60	-2	1053	6507	11887
IV	12464840	R	60	1224	52	1949	12967
IV	12464840	R	60	1223	64	3039	13688
IV	12464840	R	60	1223	64	3107	14090
IV	12464840	R	60	1223	5	1294	12278
IV	12464840	R	60	1222	63	2366	12995
IV	12458233	R	60	-5	334	2098	6452
IV	12464840	R	60	1223	64	2715	13625
IV	12464840	R	60	1225	8	1326	12238
IV	12464840	R	60	1224	64	3144	14042
IV	12464840	R	60	1226	63	4406	15299
IV	12464840	R	60	1223	53	1882	12758
IV	12464840	R	60	1224	64	4917	15786
IV	12464840	R	60	1223	64	2619	13489
IV	12464840	R	60	1223	64	3411	14272
IV	12464840	R	60	1223	41	1745	12599
IV	12464840	R	60	1224	64	6048	16882
IV	12464840	R	60	1221	64	3351	14166
IV	12464840	R	60	1224	63	2896	13706
IV	12464840	R	60	1223	64	4716	15506
IV	12464840	R	60	1223	64	4743	15518
IV	12464840	R	60	1224	64	2758	13530
IV	12464840	R	60	1223	63	2138	12899
IV	12464840	R	60	1219	62	1995	12734
IV	12464840	R	60	1224	33	1644	12390
IV	12464840	R	60	1227	64	3757	14507
IV	12464840	R	60	1223	18	1449	12191
IV	12464840	R	60	1223	36	2045	12788
IV	12464840	R	60	1223	64	2616	13356
IV	12459188	R	60	-2	1041	6369	11452
IV	12464840	R	60	1223	64	3686	14392
IV	12464840	R	60	1223	64	2554	13260
IV	12464840	R	60	1223	64	2170	12848
IV	12464840	R	60	1226	63	3708	14393
IV	12464840	R	60	1226	64	4646	15308
IV	12464840	R	60	1225	34	1809	12450
IV	12464840	R	60	1221	64	2230	12525
IV	12464840	R	60	1223	64	3311	14418
IV	12464840	R	60	1223	64	4012	14644
IV	12464840	R	60	1222	64	2627	13250
IV	12464840	R	60	1222	64	3371	13985
IV	12464840	R	60	1224	64	3589	14189
IV	12459186	R	60	1	1075	6889	11831
IV	12464840	R	60	1222	56	5935	16516
IV	12464840	R	60	1223	48	1825	12410
IV	12464840	R	60	1222	43	1760	12342
IV	12464840	R	60	1223	36	4335	14902
IV	12464840	R	60	1223	64	3538	14103
IV	12464840	R	60	1223	64	4879	15427
IV	12464836	R	60	1231	63	3831	14392
IV	12464840	R	60	1225	59	2025	12602
IV	12464840	R	60	1226	145	2948	13538
IV	12464840	R	60	1223	64	2857	13043
IV	12464840	R	60	1223	64	2224	12755
IV	12458534	R	60	1	1216	7424	11635
IV	12464840	R	60	1222	64	4125	14663
IV	12464840	R	60	1223	55	1907	12411
IV	12464840	R	60	1222	36	4764	15264
IV	12464840	R	60	1223	64	3141	13630
IV	12464840	R	60	1226	60	4781	15264
IV	12464840	R	60	1223	64	3330	13791
IV	12464840	R	60	1222	64	5438	15888
IV	12464840	R	60	1227	41	1739	12225
IV	12464826	R	60	1239	62	5079	15158
IV	12464840	R	60	1225	33	1640	12056
IV	12464840	R	60	1224	64	3377	13790
IV	12464840	R	60	1222	63	4402	14804
IV	12464840	R	60	1223	64	4088	14495
IV	12464840	R	60	1225	64	4712	15152
IV	12459188	R	60	-2	1052	6387	11135
IV	12464840	R	60	1226	64	5440	15841
IV	12464840	R	60	1223	64	3560	13957
IV	12464840	R	60	1223	5	1283	11672
IV	12464840	R	60	1224	64	4863	15239
IV	12464840	R	60	1224	64	2804	13170
IV	12464840	R	60	1224	7	1322	11689
IV	12464840	R	60	1223	64	3086	13445
IV	12459188	R	60	-2	1133	6859	11562
IV	12464840	R	60	1223	64	3067	13415
IV	12464840	R	60	1225	64	3515	13864
IV	12464840	R	60	1220	62	2223	12546
IV	12464840	R	60	1223	52	1876	12170
IV	12464840	R	60	1223	64	4898	15186
IV	12464840	R	60	1223	64	4402	14657
IV	12464840	R	60	1223	64	3310	13564
IV	12464840	R	60	1224	64	3177	13427
IV	12464840	R	60	1225	64	3676	13909
IV	12464840	R	60	1223	63	4510	14722
IV	12459188	R	60	-2	1111	6755	11332
IV	12464840	R	60	1224	64	3357	13579
IV	12464840	R	60	1222	44	1782	11634
IV	12464840	R	60	1224	64	4667	14845
IV	12459188	R	60	-2	1159	7121	11645
IV	12464840	R	60	1222	35	1666	11825
IV	12464840	R	60	1223	64	2448	12597
IV	12464840	R	60	1223	64	4950	15085
IV	12464840	R	60	1223	64	3318	13448
IV	12464840	R	60	1223	64	3642	13764
IV	12464840	R	60	1221	43	1834	11929
IV	12464840	R	60	1222	57	2069	12216
IV	12464840	R	60	1225	64	3381	13489
IV	12464840	R	60	1223	64	2731	12838
IV	12464840	R	60	1223	46	1820	11929
IV	12464832	R	60	1255	59	5055	14900
IV	12464840	R	60	1223	55	1919	12024
IV	12464840	R	60	1223	56	1928	12024
IV	12464840	R	60	1223	64	3680	13777
IV	12464840	R	60	1223	58	1950	12041
IV	12464840	R	60	1223	64	4097	14189
IV	12464840	R	60	1223	63	2086	12156
IV	12464840	R	60	1224	64	3948	14022
IV	12464840	R	60	1223	64	4055	14096
IV	12464840	R	60	1222	64	2185	12221
IV	12464840	R	60	1222	60	2965	12979
IV	12464840	R	60	1226	4	1279	11276
IV	12464840	R	60	1222	59	2317	12325
IV	12464840	R	60	1223	64	2574	12558
IV	12464840	R	60	1225	13	1387	11380
IV	12464840	R	60	1223	36	1861	11840
IV	12464840	R	60	1223	14	1403	11366
IV	12464840	R	60	1223	23	1506	11459
IV	12464840	R	60	1223	12	1377	11327
IV	12464840	R	60	1223	64	4370	14312
IV	12464840	R	60	1223	41	1729	11324
IV	12464840	R	60	1223	64	2714	12650
IV	12464840	R	60	1224	13	1394	11333
IV	12464840	R	60	1223	64	3412	13339
IV	12464840	R	60	1223	64	5169	15096
IV	12464840	R	60	1218	62	4696	14608
IV	12464840	R	60	1223	17	1431	11348
IV	12464840	R	60	1224	64	2388	12297
IV	12464840	R	60	1223	63	3366	13276
IV	12464840	R	60	1223	63	2015	11912
IV	12464840	R	60	1223	64	3343	13237
IV	12464840	R	60	1224	60	4798	14696
IV	12459188	R	60	-2	1108	6933	11139
IV	12464840	R	60	1227	16	1436	11280
IV	12464840	R	60	1231	62	2881	12781
IV	12464840	R	60	1227	64	4900	14743
IV	12464840	R	60	1223	9	1344	11175
IV	12464840	R	60	1224	3	1258	11076
IV	12464840	R	60	1223	64	3334	13148
IV	12464840	R	60	1221	64	5072	14892
IV	12464840	R	60	1228	76	1987	11829
IV	12464840	R	60	1223	64	4339	14142
IV	12464840	R	60	1223	64	2327	12129
IV	12464840	R	60	1223	64	3939	13736
IV	12464840	R	60	1223	64	2959	12759
IV	12464840	R	60	1232	64	4666	14495
IV	12464840	R	60	1223	63	3495	13284
IV	12464840	R	60	1223	64	4153	13941
IV	12464840	R	60	1223	63	3059	12839
IV	12464840	R	60	1223	64	2501	12277
IV	12464840	R	60	1223	7	1312	11083
IV	12464840	R	60	1223	38	1702	11468
IV	12464840	R	60	1223	63	2039	11439
IV	12464840	R	60	1223	63	2542	12297
IV	12464840	R	60	1223	64	3847	13591
IV	12464840	R	60	1224	64	2199	11939
IV	12464840	R	60	1223	57	1934	11666
IV	12464840	R	60	1223	64	3318	12697
IV	12464840	R	60	1223	62	2740	12456
IV	12459188	R	60	-2	1049	6415	10485
IV	12464840	R	60	1224	36	2691	12397
IV	12464840	R	60	1223	64	2520	12214
IV	12464840	R	60	1223	64	2981	12669
IV	12464840	R	60	1224	11	1358	11023
IV	12464840	R	60	1226	64	2389	12076
IV	12464840	R	60	1224	53	1887	11543
IV	12464840	R	60	1223	64	3285	12927
IV	12464840	R	60	1223	17	1448	11086
IV	12464840	R	60	1223	64	4699	14342
IV	12464840	R	60	1223	64	4694	14305
IV	12464840	R	60	1223	64	4401	14016
IV	12464840	R	60	1223	64	3932	13549
IV	12464840	R	60	1226	61	3998	13635
IV	12464840	R	60	1224	64	4918	14536
IV	12464840	R	60	1222	63	2818	12418
IV	12464840	R	60	1230	41	1760	11388
IV	12464840	R	60	1223	40	1723	11307
IV	12464840	R	60	1225	35	3217	12813
IV	12464840	R	60	1222	36	2506	12082
IV	12464840	R	60	1223	50	1852	11420
IV	12464840	R	60	1224	64	3926	13477
IV	12464840	R	60	1223	64	2947	12498
IV	12464840	R	60	1223	64	2729	12285
IV	12464840	R	60	1223	64	4041	13577
IV	12464840	R	60	1220	2	1249	10765
IV	12464840	R	60	1223	60	3979	13471
IV	12464840	R	60	1224	64	4098	13589
IV	12464840	R	60	1223	63	2010	11490
IV	12464840	R	60	1224	64	2286	11766
IV	12464840	R	60	1222	64	2370	11825
IV	12464840	R	60	1223	15	1407	10859
IV	12464840	R	60	1223	53	1894	11333
IV	12464840	R	60	1220	25	1526	10958
IV	12464840	R	60	1223	51	1858	11282
IV	12464840	R	60	1222	45	1780	11201
IV	12464840	R	60	1224	21	1485	10895
IV	12464840	R	60	1224	61	2000	17936
IV	12464840	R	60	1225	64	2183	11607
IV	12464840	R	60	1223	64	4592	13993
IV	12464840	R	60	1223	64	2798	12182
IV	12464840	R	60	1225	51	1857	11236
IV	12464840	R	60	1223	40	1726	11099
IV	12464840	R	60	1223	64	2167	11537
IV	12459188	R	60	-2	939	5768	9476
IV	12464840	R	60	1223	64	4377	13745
IV	12464840	R	60	1223	36	3376	12732
IV	12464840	R	60	1223	64	3822	13177
IV	12464840	R	60	1224	64	3942	13299
IV	12464840	R	60	1223	64	3091	12437
IV	12464840	R	60	1223	64	3041	12389
IV	12464840	R	60	1223	64	2811	12158
IV	12464840	R	60	1223	64	3082	12424
IV	12464840	R	60	1222	64	4584	13917
IV	12464840	R	60	1223	64	4068	13400
IV	12464840	R	60	1223	5	1289	10537
IV	12464840	R	60	1224	64	4540	13847
IV	12464840	R	60	1223	64	3091	12391
IV	12464840	R	60	1224	64	4371	13665
IV	12464840	R	60	1223	64	4082	13381
IV	12464840	R	60	1223	25	1543	10838
IV	12464840	R	60	1223	64	2626	11909
IV	12464840	R	60	1223	64	4448	13722
IV	12459188	R	60	-2	1038	6709	10351
IV	12464840	R	60	1223	63	2049	11317
IV	12464840	R	60	1223	64	2554	11822
IV	12464840	R	60	1229	64	2182	11464
IV	12464840	R	60	1223	61	2140	11391
IV	12464840	R	60	1223	64	3578	12813
IV	12464840	R	60	1224	51	1869	11097
IV	12464840	R	60	1222	63	3760	12978
IV	12464840	R	60	1223	64	3185	12408
IV	12464840	R	60	1223	63	2054	11271
IV	12464840	R	60	1223	39	1713	10913
IV	12464840	R	60	1223	64	3514	12711
IV	12464840	R	60	1223	64	3996	13200
IV	12464840	R	60	1223	35	1657	10851
IV	12464840	R	60	1223	64	4221	13391
IV	12464840	R	60	1225	33	1648	10830
IV	12464840	R	60	1223	29	1590	10750
IV	12459188	R	60	-2	986	6188	9688
IV	12459188	R	60	-2	1292	7974	11467
IV	12464840	R	60	1223	57	1980	11131
IV	12459188	R	60	-2	463	2849	6337
IV	12464840	R	60	1228	16	1472	10620
IV	12464840	R	60	1232	9	1381	10544
IV	12464840	R	60	1223	64	3828	12947
IV	12464840	R	60	1222	64	4433	13533
IV	12464840	R	60	1223	64	2532	11646
IV	12464840	R	60	1232	11	1375	10552
IV	12464840	R	60	1230	8	1348	10466
IV	12464840	R	60	1223	64	3753	12859
IV	12464840	R	60	1223	17	1445	10536
IV	12464840	R	60	1223	64	2344	11432
IV	12464840	R	60	1223	64	2326	11411
IV	12464840	R	60	1223	64	3792	12867
IV	12464840	R	60	1223	64	3455	12515
IV	12464840	R	60	1222	64	2458	11509
IV	12464840	R	60	1222	64	3079	12135
IV	12464840	R	60	1226	63	2800	11861
IV	12464840	R	60	1223	63	2838	11883
IV	12459188	R	60	-2	1183	7166	10551
IV	12464840	R	60	1222	64	2604	11638
IV	12464840	R	60	1224	2	1250	10285
IV	12464840	R	60	1223	59	1958	10990
IV	12459188	R	60	-2	1040	6352	9726
IV	12464836	R	60	1232	64	3931	12957
IV	12464840	R	60	1223	11	1358	10373
IV	12464840	R	60	1223	43	1769	10778
IV	12464840	R	60	1223	64	3599	12612
IV	12464840	R	60	1223	23	1506	10517
IV	12464840	R	60	1223	64	4033	13036
IV	12464840	R	60	1224	149	2983	11973
IV	12464840	R	60	1224	16	1425	10402
IV	12464840	R	60	1223	64	2674	11653
IV	12464840	R	60	1223	64	2964	11927
IV	12464840	R	60	1223	64	4187	13144
IV	12464840	R	60	1223	64	2369	11322
IV	12464840	R	60	1227	30	1601	10578
IV	12464840	R	60	1228	3	1276	10220
IV	12464840	R	60	1223	64	3618	12523
IV	12464840	R	60	1223	62	3173	12051
IV	12464840	R	60	1223	63	3692	12575
IV	12464840	R	60	1223	57	1946	10802
IV	12464840	R	60	1225	64	2488	11342
IV	12464840	R	60	1223	64	3342	12196
IV	12464840	R	60	1223	64	3859	12705
IV	12464840	R	60	1222	1111	8902	17726
IV	12459188	R	60	-2	1294	8111	11279
IV	12464840	R	60	1253	49	4010	12896
IV	12464840	R	60	1223	64	2815	11279
IV	12464840	R	60	1225	63	3622	12435
IV	12459188	R	60	-2	1286	7952	11105
IV	12464840	R	60	1223	59	1961	10763
IV	12464840	R	60	1224	58	1964	10763
IV	12464840	R	60	1223	31	1618	10411
IV	12464840	R	60	1227	64	2655	11492
IV	12459188	R	60	-2	1260	7756	10886
IV	12456063	L	60	-2345	3	4090	9601
IV	12464840	R	60	1222	15	1404	10174
IV	12464840	R	60	1223	64	2633	11405
IV	12464840	R	60	1223	64	3603	12370
IV	12464840	R	60	1223	5	1281	10046
IV	12464840	R	60	1221	64	3428	12203
IV	12464840	R	60	1223	64	2592	11347
IV	12464840	R	60	1223	64	2415	11169
IV	12464840	R	60	1223	2	1250	10003
IV	12464840	R	60	1225	4	1277	10023
IV	12464840	R	60	1225	63	3121	11843
IV	12464840	R	60	1222	56	1925	10645
IV	12459188	R	60	-2	1131	6865	9921
IV	12464840	R	60	1223	35	1666	10367
IV	12464840	R	60	1225	64	2336	11036
IV	12464840	R	60	1224	64	3849	12549
IV	12464840	R	60	1224	64	3969	12666
IV	12464840	R	60	1223	126	2789	11480
IV	12464840	R	60	1223	64	2467	11154
IV	12464840	R	60	1231	11	1370	10092
IV	12464840	R	60	1224	27	1581	10268
IV	12464840	R	60	1223	64	2579	11270
IV	12464840	R	60	1223	64	2855	11529
IV	12464840	R	60	1223	11	1369	10036
IV	12464840	R	60	1223	64	3148	11803
IV	12464840	R	60	1225	64	3223	11908
IV	12464840	R	60	1223	64	3333	11931
IV	12464840	R	60	1225	62	2703	11338
IV	12464840	R	60	1223	11	1357	9948
IV	12464840	R	60	1227	26	1557	10188
IV	12464840	R	60	1223	64	2985	11555
IV	12464840	R	60	1223	64	2903	11468
IV	12464840	R	60	1223	64	2160	10723
IV	12464840	R	60	1223	64	3431	11981
IV	12464840	R	60	1223	64	2448	10987
IV	12464840	R	60	1223	64	3021	11564
IV	12464840	R	60	1223	9	1339	9866
IV	12464840	R	60	1227	62	3270	11830
IV	12464840	R	60	1223	37	1694	10208
IV	12464840	R	60	1224	64	3232	11735
IV	12464840	R	60	1223	60	1977	10481
IV	12464840	R	60	1224	64	3285	11787
IV	12464840	R	60	1223	64	2608	11101
IV	12464840	R	60	1223	64	3466	11955
IV	12464840	R	60	1223	64	2154	10638
IV	12464840	R	60	1227	31	1616	10102
IV	12464840	R	60	1223	51	1861	10328
IV	12464840	R	60	1223	64	2486	10955
IV	12464840	R	60	1223	37	1685	10133
IV	12464840	R	60	1230	61	2286	10773
IV	12464840	R	60	1223	64	2472	10915
IV	12464840	R	60	1223	64	3126	11551
IV	12464840	R	60	1223	102	4175	12600
IV	12464840	R	60	1226	64	3162	11593
IV	12464840	R	60	1223	63	2284	10698
IV	12464840	R	60	1225	64	3146	11561
IV	12464840	R	60	1222	64	2920	11320
IV	12464840	R	60	1223	64	2959	11358
IV	12464840	R	60	1223	64	3132	11526
IV	12464840	R	60	1224	33	1647	10029
IV	12464840	R	60	1223	64	2540	10916
IV	12464840	R	60	1223	8	1328	9700
IV	12464840	R	60	1223	64	2196	10563
IV	12464840	R	60	1224	64	2311	10688
IV	12464840	R	60	1223	42	1752	10122
IV	12464840	R	60	1223	63	2095	10457
IV	12464840	R	60	1222	64	2318	10663
IV	12464840	R	60	1223	64	2305	10639
IV	12464840	R	60	1223	1154	9097	17435
IV	12464840	R	60	1224	63	2623	10943
IV	12464840	R	60	1223	18	1450	9762
IV	12464840	R	60	1223	64	2633	10915
IV	12464840	R	60	1223	59	1962	10226
IV	12464840	R	60	1223	64	2729	10991
IV	12459188	R	60	-2	1027	6290	8888
IV	12464840	R	60	1223	52	1878	10092
IV	12464840	R	60	1224	60	2421	10647
IV	12464840	R	60	1223	64	2632	10837
IV	12464840	R	60	1223	64	2216	10420
IV	12464840	R	60	1223	64	2889	11083
IV	12464840	R	60	1222	63	2893	11055
IV	12464840	R	60	1223	64	2421	10583
IV	12464840	R	60	1223	9	1333	9494
IV	12464840	R	60	1223	23	1513	9673
IV	12464840	R	60	1223	64	2268	10428
IV	12464840	R	60	1219	61	2922	11081
IV	12464840	R	60	1224	63	2081	10236
IV	12459188	R	60	-2	1090	6721	9214
IV	12464840	R	60	1225	63	2531	10668
IV	12464840	R	60	1235	25	1579	9746
IV	12464840	R	60	1223	63	2102	10228
IV	12464840	R	60	1222	64	3364	11456
IV	12464840	R	60	1225	39	1710	9798
IV	12464840	R	60	1221	11	1359	9446
IV	12464840	R	60	1223	64	2252	10318
IV	12464840	R	60	1223	44	1774	9838
IV	12464840	R	60	1224	3	1269	9309
IV	12464840	R	60	1223	63	2055	10095
IV	12464840	R	60	1223	15	1415	9445
IV	12464840	R	60	1224	64	2560	10568
IV	12464840	R	60	1220	64	2199	10175
IV	12464840	R	60	1223	60	1973	9923
IV	12464840	R	60	1228	52	1882	9833
IV	12464840	R	60	1224	43	1760	9679
IV	12464840	R	60	1231	31	1680	9627
IV	12464840	R	60	1226	60	1980	9904
IV	12464840	R	60	1224	33	1634	9586
IV	12464840	R	60	1224	64	3225	11136
IV	12464840	R	60	1224	1241	9655	17559
IV	12464840	R	60	1223	64	2458	10326
IV	12464840	R	60	1223	29	1587	9462
IV	12464840	R	60	1223	64	2843	10684
IV	12464840	R	60	1233	58	2868	10743
IV	12464840	R	60	1223	49	1832	9663
IV	12464840	R	60	1223	52	1879	9702
IV	12464840	R	60	1224	54	1901	9717
IV	12464840	R	60	1223	15	1422	9238
IV	12464840	R	60	1223	62	2555	10383
IV	12464840	R	60	1223	7	1314	9127
IV	12464840	R	60	1223	64	2527	10326
IV	12464840	R	60	1223	64	2160	9959
IV	12464840	R	60	1228	63	2490	10320
IV	12464840	R	60	1223	64	2633	10421
IV	12464840	R	60	1223	64	2303	10084
IV	12464840	R	60	1223	64	2960	10736
IV	12464840	R	60	1227	62	2426	10205
IV	12464840	R	60	1223	64	2961	10731
IV	12459186	R	60	-4	1547	9760	11861
IV	12464840	R	60	1226	65	3045	10789
IV	12464840	R	60	1223	64	2929	10651
IV	12464840	R	60	1221	63	2820	10551
IV	12464840	R	60	1223	64	2375	10091
IV	12464840	R	60	1222	15	1421	9129
IV	12464840	R	60	1223	64	2478	10183
IV	12464840	R	60	1224	61	1998	9704
IV	12464840	R	60	1223	21	1491	9191
IV	12459188	R	60	-2	1179	7381	9418
IV	12464840	R	60	1223	64	2186	9871
IV	12464840	R	60	1217	62	2389	10046
IV	12464840	R	60	1223	64	2835	10515
IV	12464840	R	60	1223	64	2277	9953
IV	12464840	R	60	1223	64	2671	10335
IV	12464840	R	60	1223	47	1806	9451
IV	12459188	R	60	-2	1365	8245	10233
IV	12464840	R	60	1223	20	1474	9110
IV	12464840	R	60	1226	62	2112	9718
IV	12459188	R	60	-2	1227	7583	9539
IV	12464840	R	60	1221	41	1737	9334
IV	12464840	R	60	1230	64	2667	10289
IV	12464840	R	60	1223	64	2347	9599
IV	12464840	R	60	1222	64	2174	9773
IV	12464840	R	60	1223	36	2260	9861
IV	12464840	R	60	1223	63	2095	9675
IV	12464840	R	60	1223	64	2286	9865
IV	12464840	R	55	1224	1354	9756	17311
IV	12464840	R	60	1225	27	1571	9121
IV	12464840	R	60	1222	64	2214	9746
IV	12464840	R	60	1223	23	1513	9046
IV	12459188	R	60	-2	1240	7530	9398
IV	12464840	R	60	1223	53	1880	9393
IV	12464840	R	60	1224	23	1509	8998
IV	12464840	R	60	1223	50	1856	9345
IV	12464840	R	60	1223	64	2438	9926
IV	12464840	R	60	1223	64	2765	10230
IV	12464840	R	60	1223	64	2664	10126
IV	12464840	R	60	1224	11	1367	8820
IV	12464840	R	60	1223	23	1522	8983
IV	12464840	R	60	1223	51	1866	9312
IV	12464840	R	60	1223	36	2135	9577
IV	12464840	R	60	1223	36	2648	10071
IV	12464840	R	60	1223	64	2595	10017
IV	12464840	R	60	1223	63	2135	9551
IV	12464840	R	60	1223	62	2002	9418
IV	12464840	R	60	1223	61	1988	9388
IV	12464840	R	60	1224	1187	9343	16736
IV	12459188	R	60	-2	1179	7179	8920
IV	12464840	R	60	1233	45	1814	9225
IV	12459188	R	60	-2	1188	7353	9062
IV	12464840	R	60	1224	53	1883	9204
IV	12464840	R	60	1223	64	2228	9531
IV	12464840	R	60	1226	62	2467	9716
IV	12464840	R	60	1223	55	1910	9156
IV	12464840	R	60	1223	64	2321	9571
IV	12464840	R	60	1223	64	2470	9707
IV	12464840	R	60	1224	40	1728	8967
IV	12464840	R	60	1224	20	1474	8686
IV	12464840	R	60	1223	64	2471	9654
IV	12464840	R	60	1223	41	1730	8901
IV	12464840	R	60	1223	38	1702	8858
IV	12459184	R	60	1	1262	7717	9208
IV	12464840	R	60	1223	3	1259	8384
IV	12464840	R	60	1223	11	1371	8491
IV	12464840	R	60	1223	31	1609	8695
IV	12464840	R	60	1223	4	1277	8356
IV	12464840	R	60	1223	13	1390	8455
IV	12464840	R	60	1224	41	1740	8781
IV	12464840	R	60	1223	39	1708	8715
IV	12464840	R	60	1223	29	1586	8588
IV	12464840	R	60	1223	9	1336	8331
IV	12464840	R	60	1223	64	2176	9161
IV	12464840	R	60	1223	36	1964	8947
IV	12464840	R	60	1225	61	2177	9130
IV	12464840	R	60	1232	5	1297	8284
IV	12464840	R	60	1223	54	1902	8835
IV	12464840	R	60	1223	57	1946	8804
IV	12464840	R	60	1223	63	2030	8918
IV	12464840	R	60	1223	49	1846	8691
IV	12464840	R	60	1224	63	2116	8951
IV	12459188	R	60	-2	1300	7882	9038
IV	12464840	R	60	1223	49	1862	8656
IV	12464840	R	60	1223	63	2084	8868
IV	12459188	R	60	-2	990	6008	7112
IV	12464840	R	60	1223	45	1780	8537
IV	12464840	R	60	1223	26	1550	8300
IV	12464840	R	60	1223	26	1568	8313
IV	12464840	R	60	1222	34	1667	8337
IV	12464840	R	60	1222	44	1785	8410
IV	12464840	R	60	1224	51	1893	8360
IV	12464840	R	60	1224	40	1726	8144
IV	12464840	R	60	1223	35	1669	8033
IV	12464840	R	60	1224	29	1597	7934
IV	12459188	R	60	-2	1056	6439	7111
IV	12459188	R	60	-2	1311	7914	8542
IV	12464840	R	0	1232	14	1420	7488
V	161662	L	60	1	248	1548	8745
V	161662	L	60	1	152	950	14001
V	161662	L	60	-6	158	1061	9354
V	161662	L	60	1	141	860	9656
V	161662	L	60	1	98	597	8510
V	161662	L	60	1	166	1005	8546
V	161662	L	60	1	118	712	11197
V	161662	L	60	1	114	730	11555
V	161662	L	60	1	156	947	11494
V	161662	L	60	1	160	987	12344
V	161662	L	60	1	130	884	12002
V	342632	R	60	2115	2	9531	19733
V	955100	R	60	5992	2	8596	19242
V	1851465	R	60	773	2	8953	19708
V	2119327	R	60	2310	2	7050	15304
V	3069712	R	0	485	2	5610	12025
V	3384013	R	60	866	2	2778	18207
V	3435226	L	60	-245	2	8742	18818
V	3871979	R	60	8231	2	9752	20464
V	4045746	L	60	-4473	2	7459	22815
V	5810267	L	60	-1010	3	6314	14093
V	6252485	R	60	5398	2	12937	27089
V	6451708	R	60	0	131	822	18484
V	6451704	R	60	5	202	1314	18895
V	6451708	R	60	0	77	477	17275
V	6451708	R	60	0	187	1173	14731
V	6451708	R	60	0	99	684	14149
V	6451704	R	60	8	94	671	14087
V	6451708	R	60	0	249	1848	14514
V	6451708	R	60	0	148	901	13559
V	6451708	R	60	0	152	933	13204
V	6451708	R	60	0	180	1107	12931
V	6451708	R	60	0	108	690	11959
V	6451708	R	60	0	128	844	11574
V	6451708	R	60	0	161	990	11555
V	6451708	R	60	0	165	1042	11600
V	6451708	R	60	0	274	1727	11852
V	6451708	R	60	0	186	1198	11173
V	6451708	R	60	0	103	690	10372
V	6451708	R	60	0	65	395	9874
V	6451708	R	60	0	123	761	10238
V	6451708	R	60	7	162	1035	10418
V	6451708	R	60	0	76	466	9601
V	6451708	R	60	0	206	1379	10422
V	6451708	R	60	0	172	1047	9694
V	6451708	R	60	0	157	951	9475
V	6451708	R	60	0	67	485	8892
V	6451708	R	60	0	72	441	8606
V	6451708	R	60	0	169	1040	8558
V	6451708	R	60	0	224	1372	8863
V	6451708	R	60	9	200	1336	8347
V	6451708	R	60	0	178	1096	7561
V	6451708	R	60	0	108	653	6968
V	6471566	L	60	1	70	446	16918
V	6471566	L	60	1	80	486	15447
V	6471566	L	60	1	167	1102	14088
V	6471566	L	60	1	110	665	8349
V	6471566	L	60	1	122	790	14431
V	6471566	L	60	1	125	822	15692
V	6471566	L	60	1	206	1313	11793
V	6471566	L	60	1	166	1042	11338
V	6471566	L	60	1	113	687	6269
V	6471566	L	60	1	94	568	12672
V	6471566	L	60	1	197	1204	11644
V	6471566	L	60	1	86	535	12301
V	6471566	L	60	1	131	790	9066
V	6471566	L	60	1	140	862	10359
V	6471566	L	60	1	104	643	14646
V	6471566	L	60	1	81	495	12080
V	6471566	L	60	1	121	763	15933
V	6471566	L	60	1	117	737	17393
V	6471566	L	60	1	84	531	10834
V	6471566	L	60	1	148	899	13548
V	6471566	L	60	1	209	1274	13033
V	6471566	L	60	1	79	478	9055
V	6471566	L	60	1	106	664	16577
V	6471566	L	60	1	92	566	10978
V	6471566	L	60	-6	133	872	7540
V	6471566	L	60	1	124	763	12044
V	6471566	L	60	1	146	892	11406
V	6471566	L	60	1	174	1053	15175
V	6471566	L	60	1	153	924	8817
V	6471566	L	60	1	138	855	13238
V	6471566	L	60	1	173	1138	15056
V	6471566	L	60	1	155	945	10601
V	6471566	L	60	1	153	1065	12046
V	6471566	L	60	1	110	693	14831
V	6471566	L	60	1	141	884	5856
V	6471568	L	60	-2	111	692	14848
V	6471569	L	60	-1	117	752	8825
V	6471574	L	60	-8	130	833	15475
V	6472452	L	60	-658	33	866	16603
V	6678446	R	60	256	3	7392	20605
V	7707120	R	60	1009	5	4287	15224
V	7908939	L	60	1	2	1742	4945
V	8288080	R	60	4970	23	6551	14446
V	9008839	L	60	-4241	4	13059	26256
V	9746480	L	60	-1229	2	9726	24488
V	10356614	L	60	-12	2	56	10348
V	10578340	L	60	-459	4	12118	25992
V	10733120	R	60	2969	2	10711	23540
V	11191265	R	60	0	102	622	16212
V	11191265	R	60	0	144	898	15895
V	11191265	R	60	0	138	878	15776
V	11191265	R	60	0	158	981	15300
V	11191265	R	60	0	125	775	14843
V	11191265	R	60	0	113	737	13390
V	11191265	R	60	0	113	741	13167
V	11191265	R	60	0	145	879	12812
V	11191262	R	60	-2	274	1792	13578
V	11191265	R	60	0	96	592	12096
V	11191265	R	60	0	135	840	12021
V	11191265	R	60	0	157	986	11995
V	11191265	R	60	0	137	867	11685
V	11191265	R	60	0	44	281	10764
V	11191265	R	60	0	100	605	10740
V	11191265	R	60	6	119	731	9952
V	11191265	R	60	0	122	743	9451
V	11191265	R	60	0	180	1105	9713
V	11191265	R	60	0	142	922	8990
V	11191265	R	60	0	97	598	8200
V	11191265	R	60	0	114	690	8060
V	11191265	R	60	0	151	922	7440
V	11191265	R	60	0	208	1271	7753
V	11191263	R	60	3	99	644	6903
V	11191265	R	60	0	163	1032	6447
V	11200485	L	1	-1389	4	7281	15151
X	31051	R	9	-2	1407	8553	15950
X	31051	R	14	-2	1611	9929	14026
X	31051	R	14	-2	1615	9826	13344
X	31051	R	15	-2	1621	10077	12549
X	31051	R	16	-2	1569	9498	11753
X	31051	R	20	-2	1646	10085	11819
X	31051	R	1	-2	1196	7402	8155
X	32423	R	1	-2	1592	9623	10286
X	44875	L	60	1	207	1387	17427
X	44875	L	60	1	71	436	8419
X	44875	L	60	1	143	888	12259
X	44875	L	60	1	195	1344	12842
X	44875	L	60	1	102	643	19580
X	44875	L	60	1	152	955	18267
X	44875	L	60	1	180	1225	11735
X	44875	L	60	1	159	979	13471
X	44875	L	60	-4	84	657	11153
X	44875	L	60	1	110	674	9134
X	44875	L	60	1	142	887	16043
X	44875	L	60	1	119	751	13276
X	44875	L	60	1	90	544	11701
X	44875	L	60	-6	137	838	8949
X	44875	L	60	-6	139	854	8908
X	44875	L	60	1	142	865	6563
X	44875	L	60	1	158	969	13275
X	44875	L	60	1	195	1187	14120
X	44875	L	60	1	198	1205	8179
X	44875	L	60	1	146	923	12547
X	44875	L	60	1	205	1265	9694
X	44875	L	60	1	103	632	13999
X	44875	L	60	1	150	930	13888
X	44875	L	60	1	162	991	15507
X	44875	L	60	1	124	781	13391
X	44875	L	60	1	246	1641	12134
X	44875	L	60	1	105	639	12876
X	44875	L	60	1	117	713	13597
X	44875	L	60	1	124	753	5970
X	44875	L	60	1	120	734	9661
X	44875	L	60	1	121	730	6495
X	44875	L	60	1	188	1190	13369
X	44875	L	60	-4	129	819	15386
X	44875	L	60	1	201	1307	17000
X	44875	L	60	1	235	1414	10854
X	44877	L	60	-2	123	797	13471
X	44877	L	60	-7	157	966	11651
X	44877	L	60	-2	194	1225	11890
X	44877	L	60	-2	182	1155	12474
X	44878	L	60	-6	131	852	10831
X	154080	L	60	-6572	2	8438	17701
X	421045	R	60	1210	2	8387	19699
X	708661	L	60	-8	2	6738	15622
X	772868	R	60	1826	3	11889	27114
X	1815470	R	60	3836	2	10051	22274
X	1819466	R	60	5688	2	8811	19096
X	2452966	R	60	1231	3	9148	20592
X	2787190	R	60	759	2	9360	20938
X	2820820	L	60	-2691	4	7884	22254
X	3691053	R	60	6084	2	9242	21833
X	3801810	R	60	-1	120	735	16169
X	3801810	R	60	-1	72	448	15472
X	3801810	R	60	-1	42	333	23056
X	3801810	R	60	-1	123	742	14986
X	3801810	R	60	-1	152	935	15132
X	3801810	R	60	-1	105	681	14469
X	3801810	R	60	-1	123	755	14485
X	3801810	R	60	-1	122	745	14341
X	3801810	R	60	-1	144	886	14185
X	3801810	R	60	-1	73	458	13018
X	3801810	R	60	-1	143	866	12932
X	3801810	R	60	-1	119	750	12684
X	3801810	R	60	-1	124	768	12499
X	3801810	R	60	-1	148	983	12608
X	3801810	R	60	-1	191	1215	12579
X	3801810	R	60	-1	136	820	11619
X	3801810	R	60	-1	103	631	11187
X	3801810	R	60	-1	121	745	11203
X	3801810	R	60	-1	164	1013	11407
X	3801810	R	60	-1	133	816	11209
X	3801810	R	60	-1	59	358	9847
X	3801810	R	60	-1	92	556	9676
X	3801810	R	60	-1	107	654	9399
X	3801810	R	60	-1	90	544	8618
X	3798602	R	60	4392	2	7880	13057
X	3801810	R	60	-1	140	924	8753
X	3801810	R	60	-1	110	669	6732
X	3823170	R	60	0	92	562	13886
X	3823170	R	60	0	172	1114	14574
X	3823170	R	60	0	139	843	13002
X	3823170	R	60	0	124	749	12469
X	3823170	R	60	0	248	1529	12959
X	3823170	R	60	0	160	1057	12174
X	3823170	R	60	0	114	691	11341
X	3823170	R	60	0	57	346	10851
X	3823170	R	60	0	123	769	10891
X	3823170	R	60	0	207	1263	11297
X	3823170	R	60	0	152	994	10968
X	3823170	R	60	0	53	333	10268
X	3823168	R	60	1	142	892	9981
X	3823170	R	60	0	144	905	9014
X	3823170	R	60	0	157	948	8931
X	3823168	R	60	1	85	521	7543
X	3823170	R	60	0	120	725	6735
X	3833514	R	53	4073	3	4751	13013
X	3852350	L	60	1	203	1242	9057
X	3852350	L	60	1	129	813	17805
X	3852350	L	60	1	220	1474	14895
X	3852350	L	60	1	225	1388	13090
X	3852350	L	60	1	193	1185	8219
X	3852350	L	60	1	135	833	16037
X	3852350	L	60	1	143	886	10957
X	3852350	L	60	1	139	845	10677
X	3852350	L	60	1	122	820	10767
X	3852350	L	60	1	144	868	7904
X	3852350	L	60	1	81	509	15278
X	3852350	L	60	1	147	900	10627
X	3852350	L	60	1	146	885	15635
X	3852350	L	60	1	163	1011	11606
X	3852350	L	60	1	172	1041	9293
X	3852363	L	60	-2	60	419	8608
X	3889442	L	60	-2	171	1051	15674
X	3889445	L	60	1	81	502	15893
X	3889445	L	60	1	58	362	10422
X	3889445	L	60	1	81	549	12040
X	3889445	L	60	1	134	808	5737
X	3889445	L	60	1	182	1164	15906
X	3889445	L	60	1	131	800	7583
X	3889445	L	60	1	135	860	8153
X	3889445	L	60	1	153	937	11739
X	3889445	L	60	1	136	836	11340
X	3889445	L	60	1	121	742	10780
X	3889445	L	60	1	194	1259	9790
X	3889445	L	60	1	104	632	15164
X	3889445	L	60	1	125	807	12617
X	3889445	L	60	1	144	868	9091
X	3889445	L	60	1	181	1096	9722
X	3889445	L	60	1	190	1144	10085
X	3889445	L	60	1	103	638	15756
X	3889445	L	60	1	146	897	19695
X	3889445	L	60	1	100	605	15697
X	3889445	L	60	1	201	1398	13168
X	3889478	L	60	-38	105	915	12317
X	5805366	R	60	47	2	468	4671
X	6684095	R	60	-1	102	637	22637
X	6684099	R	60	-6	33	209	17039
X	6684097	R	60	1	106	671	16621
X	6684099	R	60	-6	186	1198	15436
X	6684099	R	60	-6	139	845	14454
X	6684099	R	60	-6	157	966	14295
X	6684099	R	60	-6	160	992	14087
X	6684099	R	60	-6	124	753	13468
X	6684099	R	60	-6	163	998	13053
X	6684099	R	60	-6	156	940	12860
X	6684099	R	60	-6	6	30	10804
X	6684099	R	60	-6	165	1078	11684
X	6684099	R	60	-6	98	606	10558
X	6684099	R	60	-6	140	887	10480
X	6684099	R	60	-6	298	1846	10691
X	6684099	R	60	-6	155	953	9218
X	6684099	R	60	-6	154	957	8986
X	6684099	R	60	-6	199	1355	8602
X	6684099	R	60	-6	98	597	7472
X	6684099	R	60	-6	133	795	7509
X	6684099	R	60	-6	108	653	6996
X	6684099	R	60	-6	233	1430	7323
X	6684099	R	60	-6	143	947	6578
X	6684099	R	60	-6	175	1070	6017
X	6684101	L	60	1	148	943	10572
X	6684101	L	60	1	221	1449	12101
X	6684101	L	60	1	177	1161	13304
X	6684101	L	60	-3	185	1141	7860
X	6684101	L	60	1	229	1428	8664
X	6684101	L	60	1	179	1112	17853
X	6684101	L	60	1	205	1272	16747
X	6684101	L	60	1	115	694	6054
X	6684101	L	60	1	221	1488	17017
X	6684101	L	60	1	34	211	10334
X	6684101	L	60	1	123	752	13616
X	6684101	L	60	1	206	1356	15597
X	6684101	L	60	1	149	913	12567
X	6684101	L	60	1	134	845	10011
X	6684101	L	60	1	169	1052	13103
X	6684101	L	60	1	201	1269	14148
X	6684101	L	60	1	227	1400	12739
X	6684101	L	60	1	135	843	10671
X	6684101	L	60	1	97	593	12908
X	6684101	L	60	1	150	954	10471
X	6684101	L	60	1	185	1144	11337
X	6684104	L	60	-13	121	829	10782
X	6684104	L	60	-1	161	1077	8898
X	7157633	L	60	-5921	3	9462	21567
X	8314219	L	60	-2279	2	8151	18942
X	8891742	R	60	368	4	11247	24994
X	8913556	R	60	23	3	9561	27774
X	9176770	L	60	-1253	2	10784	24567
X	9594824	R	60	1092	4	10037	24093
X	9692201	L	60	-1773	3	9585	19793
X	9823409	L	60	-12009	2	13230	26990
X	10240776	R	60	3417	2	12496	29112
X	11855188	R	60	932	4	8647	18252
X	12455891	L	60	1	9	54	10266
X	12455891	L	60	1	1140	6968	14819
X	12498072	L	60	-2717	3	13555	28527
X	12574656	R	60	0	23	143	16625
X	12574656	R	60	0	152	933	17145
X	12574652	R	60	1	270	1883	17621
X	12574654	R	60	8	207	1433	15774
X	12574656	R	60	0	28	202	14322
X	12574656	R	60	7	88	583	14020
X	12574656	R	60	0	139	959	14304
X	12574655	R	60	2	218	1434	14721
X	12574656	R	60	0	134	829	13680
X	12574656	R	60	10	158	1000	13795
X	12574656	R	60	0	145	897	13337
X	12574656	R	60	0	158	953	12582
X	12574656	R	60	0	191	1190	12242
X	12574656	R	60	0	154	949	11958
X	12574656	R	60	0	160	988	11468
X	12574656	R	60	0	124	887	11382
X	12574656	R	60	0	138	839	11223
X	12574656	R	60	0	178	1097	11403
X	12574656	R	60	0	219	1420	11650
X	12574656	R	60	0	89	539	10697
X	12574656	R	60	0	102	621	10705
X	12574653	R	60	9	93	585	10597
X	12574656	R	60	0	173	1075	11061
X	12574656	R	60	0	163	1029	10805
X	12574656	R	60	0	123	783	10500
X	12574656	R	60	0	125	760	10073
X	12574654	R	60	1	110	736	9988
X	12574656	R	60	35	4	70	9304
X	12574656	R	60	0	126	761	9924
X	12574656	R	60	0	150	930	9994
X	12574656	R	60	0	131	801	9805
X	12574656	R	60	0	166	1038	9944
X	12574656	R	60	0	192	1188	10027
X	12574656	R	60	0	127	780	9612
X	12574656	R	60	0	138	893	9255
X	12574656	R	60	0	138	837	9082
X	12574656	R	60	0	140	899	9025
X	12574656	R	60	0	127	767	8827
X	12574656	R	60	0	137	828	8453
X	12574656	R	60	0	189	1142	7839
X	12574656	R	60	0	118	762	7246
X	12574656	R	60	0	44	266	6702
X	12574656	R	60	0	188	1165	7387
X	12574656	R	60	0	72	451	6604
X	12574656	R	60	0	133	829	6976
X	12574656	R	60	0	154	992	6932
X	12574656	R	60	0	170	1185	7128
X	12574656	R	60	0	176	1086	7014
X	12574652	R	60	1	197	1251	6786
X	12574656	R	60	0	92	556	4779
X	12620458	L	29	-52	20	4377	12662
X	12620458	L	1	-52	4	640	14666
X	12620458	L	3	-52	25	5057	18970
X	12620458	L	1	-52	20	4134	16219
X	12620458	L	1	-52	7	1353	14157
X	12620492	L	1	-86	12	3055	14848
X	12620492	L	8	-86	4	671	9812
X	12620492	L	1	-87	2	298	14610
X	12620492	L	1	-86	3	3176	14447
X	12620492	L	10	-86	9	1710	15457
X	12620492	L	2	-86	10	1886	15200
X	12620629	L	1	-32	9	1941	8791
X	12621067	L	1	-128	12	2241	11562
X	12621640	L	1	-128	11	2266	11312
X	12622019	L	1	-125	7	1301	11877
X	12622041	L	1	-131	6	1213	9356
X	12622216	L	1	-149	4	742	8097
X	12622216	L	1	-147	4	875	12635
X	12622216	L	1	-147	6	1273	9566
X	12622596	L	25	-145	3	761	13377
X	12622770	L	1	-128	16	3053	12536
X	12622781	L	1	-139	2	480	9344
X	12624051	L	13	-127	15	3080	12377
X	12627805	L	21	-7	6	1208	9386
X	12627805	L	28	-182	4	787	14051
X	12629011	L	45	-131	7	1293	10353
X	12630109	L	1	-964	7	2212	15336
X	12643021	R	1	182	11	2280	9817
X	12643021	R	1	181	5	1293	8888
X	12638498	L	44	-127	4	975	11822
X	12638498	L	27	-127	3	573	7488
X	12638498	L	30	-127	3	536	11332
X	12654392	R	1	163	14	2903	11437
X	12641763	L	1	-155	4	1035	12908
X	12644443	L	32	-155	4	1047	11647
X	12656411	L	16	-164	7	1358	9318
X	12673214	R	9	181	4	906	12487
X	12673214	R	60	181	17	6454	17429
X	12673214	R	40	181	5	2063	12586
X	12673214	R	40	181	12	4439	13418
X	12673214	R	33	181	6	2165	10375
X	12673214	R	23	181	17	5696	13567
X	12685045	R	1	149	6	2135	4792
X	12710001	R	4	163	5	1064	11879
X	12699316	L	14	-966	7	3644	13088
X	12744131	L	60	-1386	2	7871	23326
X	12760603	R	1	999	2	4235	9675
I_unloc_1	1	L	11	-650	2	1123	8126
I_unloc_1	9763	L	1	-157	2	654	10069
I_unloc_1	17402	R	1	-3	2654	16265	18796
I_unloc_1	98647	R	7	28	2	360	9809
I_unloc_1	101126	R	1	-3	9	53	10041
I_unloc_1	107530	R	1	-3	1986	12229	13785
I_unloc_1	152765	R	1	-3	968	6022	11575
I_unloc_1	162560	R	1	-3	97	579	12767
I_unloc_1	175366	R	1	-2	1070	6647	11134
I_unloc_1	175368	R	1	-3	2131	13635	17096
I_unloc_1	181874	R	13	39	5	1331	10360
I_unloc_1	181874	R	9	39	3	628	7971
II_unloc_1	17322	L	1	2	1505	9862	14940
II_unloc_1	18952	L	1	-26	1278	7828	12547
II_unloc_1	19649	L	1	2	1647	10455	15734
II_unloc_1	21442	L	1	2	1932	12003	13579
II_unloc_1	38537	R	19	571	56	14901	29676
II_unloc_1	23960	L	1	2	1750	10677	13929
II_unloc_1	23960	L	1	2	1664	10205	14064
II_unloc_1	23960	L	1	2	1970	12274	14972
II_unloc_2	1	L	14	-154	18	4333	15529
II_unloc_2	1	L	19	-155	13	3219	13052
II_unloc_2	1	L	18	-305	4	1065	16800
II_unloc_2	1	L	21	-306	10	2232	8580
II_unloc_2	1	L	18	-307	14	3014	9976
II_unloc_2	1	L	16	-306	18	3847	10911
II_unloc_2	1	L	20	-306	9	1992	12741
II_unloc_2	1	L	24	-154	9	2307	13936
II_unloc_2	1	L	19	-306	13	2698	11756
II_unloc_2	7918	L	60	-57	3	617	16214
II_unloc_2	10200	L	1	-125	6	1309	9520
II_unloc_2	11387	L	60	-53	6	1493	15542
II_unloc_2	11784	L	60	-260	9	2207	11221
II_unloc_2	16001	L	60	-128	3	756	8826
II_unloc_3	4556	R	1	-2	1645	10176	14390
II_unloc_4	1	L	1	-8	5	1153	11997
II_unloc_4	1	L	8	-8	10	2625	13357
II_unloc_4	1	L	8	-8	7	1799	8868
II_unloc_4	1	L	2	-8	5	1435	8045
II_unloc_4	1	L	8	-8	7	1933	10627
II_unloc_4	2768	L	1	2	995	6108	12048
II_unloc_4	4561	L	1	2	1686	10316	14132
III_unloc_1	1	L	60	-787	24	1102	16035
III_unloc_1	1	L	60	-1166	1178	8707	10454
III_unloc_1	1	L	60	-1167	2400	16412	17161
III_unloc_1	1	L	60	-1168	1605	11416	13293
III_unloc_1	1	L	60	-788	1088	7670	10891
III_unloc_1	1	L	60	-789	1063	7457	10301
III_unloc_1	1	L	60	-1167	16	1483	8112
III_unloc_1	1	L	60	-788	2175	14446	15226
III_unloc_1	21615	R	60	1325	5	3758	14866
III_unloc_1	18846	L	60	-735	1160	8248	14866
III_unloc_1	18846	L	60	-729	1206	8096	10893
III_unloc_1	21615	R	60	1303	5	3878	15327
III_unloc_1	18846	L	60	-727	1216	8620	15327
III_unloc_1	18846	L	0	-729	1168	8078	9004
III_unloc_1	21615	R	60	1306	5	3814	7881
III_unloc_1	18846	L	60	-728	72	1236	7881
III_unloc_1	18846	L	60	-728	1167	7939	10784
III_unloc_1	18846	L	0	-729	1501	9890	10517
III_unloc_1	18846	L	60	-728	65	1175	6139
III_unloc_1	18846	L	60	-731	1303	9602	15325
III_unloc_1	18846	L	60	-730	1036	7543	12661
III_unloc_1	18846	L	60	-729	984	6759	8714
III_unloc_1	18846	L	60	-729	727	5303	8998
III_unloc_1	36256	L	0	-729	1242	8308	8737
V_unloc_1	112264	R	1	10	29	189	8125
V_unloc_1	112264	R	26	10	1786	11282	16739
V_unloc_1	112264	R	51	10	1847	11414	16527
V_unloc_1	112264	R	6	10	1829	11624	15025
V_unloc_1	118788	R	1	10	1488	9272	16426
V_unloc_1	116195	R	1	10	1022	6256	9032
V_unloc_1	116195	R	0	16	1529	9752	11699
V_unloc_1	116195	R	0	10	1436	8719	10126
V_unloc_1	116195	R	0	10	1973	12363	13363
