line	motif	seq	start	end	strand	seqLen	querybp	mRatio	m	mm	i	d
1	TTAGGC	ptg000001l	25381	27112	+	27112	1743	98.2%	1718	6	7	19
5	TTAGGC	ptg000002l	13133	25130	+	25130	11998	100.0%	11997	0	0	1
9	TTAGGC	ptg000002l	12590	12682	+	25130	95	96.8%	92	0	0	3
13	TTAGGC	ptg000002l	12321	12355	+	25130	34	100.0%	34	0	0	0
17	TTAGGC	ptg000002l	12505	12532	+	25130	27	100.0%	27	0	0	0
21	TTAGGC	ptg000003l	28487	29556	+	29556	1071	99.7%	1068	1	0	2
25	TTAGGC	ptg000004l	0	1462	-	22062	1464	99.7%	1461	0	1	3
29	TTAGGC	ptg000005l	24915	26637	+	26637	1724	99.7%	1720	0	2	4
33	TTAGGC	ptg000006l	11453	24969	+	24969	13517	100.0%	13516	0	0	1
37	TTAGGC	ptg000007l	26113	27237	+	27237	1124	100.0%	1124	0	0	0
41	TTAGGC	ptg000008l	0	22273	-	22400	22275	100.0%	22273	0	0	2
45	TTAGGC	ptg000009l	24176	25351	+	25351	1173	99.8%	1173	0	2	0
49	TTAGGC	ptg000010l	0	11949	-	23855	11952	100.0%	11949	0	0	3
53	TTAGGC	ptg000010l	13503	13531	-	23855	28	100.0%	28	0	0	0
57	TTAGGC	ptg000011l	26088	27385	+	27385	1301	99.7%	1297	0	0	4
61	TTAGGC	ptg000012l	23125	24372	+	24384	1247	100.0%	1247	0	0	0
65	TTAGGC	ptg000013l	6373	19809	+	19809	13437	100.0%	13436	0	0	1
69	TTAGGC	ptg000014l	23587	27495	+	44096	3909	100.0%	3908	0	0	1
73	TTAGGC	ptg000014l	27742	44096	+	44096	16356	100.0%	16354	0	0	2
77	TTAGGC	ptg000015l	10859	25197	+	25197	14339	100.0%	14338	0	0	1
81	TTAGGC	ptg000016l	0	10559	-	10770	10560	100.0%	10559	0	0	1
85	TTAGGC	ptg000017l	21091	23119	+	23119	2037	98.5%	2017	1	10	19
89	TTAGGC	ptg000018l	0	7700	-	20228	7701	99.9%	7697	1	2	3
93	TTAGGC	ptg000019l	29173	30519	+	30519	1347	99.9%	1345	1	0	1
97	TTAGGC	ptg000020l	0	8248	-	20040	8254	99.9%	8247	1	0	6
101	TTAGGC	ptg000021l	12305	22211	+	22211	9906	100.0%	9906	0	0	0
105	TTAGGC	ptg000022l	11375	25665	+	25665	14292	100.0%	14290	0	0	2
109	TTAGGC	ptg000022l	10247	10280	-	25665	34	97.1%	33	0	0	1
113	TTAGGC	ptg000023l	0	1522	-	37245	1525	98.6%	1510	6	6	9
117	TTAGGC	ptg000024l	757	10499	+	10499	9747	99.8%	9736	1	5	10
121	TTAGGC	ptg000024l	0	615	-	10499	618	96.5%	604	3	8	11
