"sample","fastq_1","fastq_2","accession","run_accession","experiment_accession","sample_accession","secondary_sample_accession","study_accession","secondary_study_accession","parent_study","submission_accession","run_alias","experiment_alias","sample_alias","study_alias","library_layout","library_selection","library_source","library_strategy","library_name","instrument_model","instrument_platform","base_count","read_count","tax_id","scientific_name","sample_title","experiment_title","study_title","description","sample_description","fastq_md5","fastq_bytes","fastq_ftp","fastq_galaxy","fastq_aspera"
"SRX17661462","./fastq/SRX17661462_SRR21661757_1.fastq.gz","./fastq/SRX17661462_SRR21661757_2.fastq.gz","SAMN30952861","SRR21661757","SRX17661462","SAMN30952861","SRS15193587","PRJNA882848","SRP398487","PRJNA882836;PRJNA884467","SRA1502963","GSM6595805_r1","GSM6595805_r1","GSM6595805","GSE213885","PAIRED","cDNA","TRANSCRIPTOMIC","RNA-Seq","GSM6595805","Illumina NovaSeq 6000","ILLUMINA","11045154720","36573360","141969","Oscheius tipulae","2 cell, embryo, biol rep 1","Illumina NovaSeq 6000 sequencing; GSM6595805: 2 cell, embryo, biol rep 1; Oscheius tipulae; RNA-Seq","The Nematode Oscheius tipulae as A Genetic Model for Programmed DNA Elimination [RNA-seq]","Illumina NovaSeq 6000 sequencing; GSM6595805: 2 cell, embryo, biol rep 1; Oscheius tipulae; RNA-Seq","2 cell, embryo, biol rep 1","070eb5c0440c5dbe155bee8f86cbe60e;7eff237b206ae6ea4cc8ea6494c092d3","2326748857;2420540444","ftp.sra.ebi.ac.uk/vol1/fastq/SRR216/057/SRR21661757/SRR21661757_1.fastq.gz;ftp.sra.ebi.ac.uk/vol1/fastq/SRR216/057/SRR21661757/SRR21661757_2.fastq.gz","ftp.sra.ebi.ac.uk/vol1/fastq/SRR216/057/SRR21661757/SRR21661757_1.fastq.gz;ftp.sra.ebi.ac.uk/vol1/fastq/SRR216/057/SRR21661757/SRR21661757_2.fastq.gz","fasp.sra.ebi.ac.uk:/vol1/fastq/SRR216/057/SRR21661757/SRR21661757_1.fastq.gz;fasp.sra.ebi.ac.uk:/vol1/fastq/SRR216/057/SRR21661757/SRR21661757_2.fastq.gz"
"SRX17661463","./fastq/SRX17661463_SRR21661756_1.fastq.gz","./fastq/SRX17661463_SRR21661756_2.fastq.gz","SAMN30952860","SRR21661756","SRX17661463","SAMN30952860","SRS15193588","PRJNA882848","SRP398487","PRJNA882836;PRJNA884467","SRA1502963","GSM6595806_r1","GSM6595806_r1","GSM6595806","GSE213885","PAIRED","cDNA","TRANSCRIPTOMIC","RNA-Seq","GSM6595806","Illumina NovaSeq 6000","ILLUMINA","15133796216","50111908","141969","Oscheius tipulae","2-4 cell, embryo, biol rep 1","Illumina NovaSeq 6000 sequencing; GSM6595806: 2-4 cell, embryo, biol rep 1; Oscheius tipulae; RNA-Seq","The Nematode Oscheius tipulae as A Genetic Model for Programmed DNA Elimination [RNA-seq]","Illumina NovaSeq 6000 sequencing; GSM6595806: 2-4 cell, embryo, biol rep 1; Oscheius tipulae; RNA-Seq","2-4 cell, embryo, biol rep 1","dcfcf0643907bfe75993dd832a293477;cb4bac7316af7253b9d9876926e1447f","2875637289;2815171242","ftp.sra.ebi.ac.uk/vol1/fastq/SRR216/056/SRR21661756/SRR21661756_1.fastq.gz;ftp.sra.ebi.ac.uk/vol1/fastq/SRR216/056/SRR21661756/SRR21661756_2.fastq.gz","ftp.sra.ebi.ac.uk/vol1/fastq/SRR216/056/SRR21661756/SRR21661756_1.fastq.gz;ftp.sra.ebi.ac.uk/vol1/fastq/SRR216/056/SRR21661756/SRR21661756_2.fastq.gz","fasp.sra.ebi.ac.uk:/vol1/fastq/SRR216/056/SRR21661756/SRR21661756_1.fastq.gz;fasp.sra.ebi.ac.uk:/vol1/fastq/SRR216/056/SRR21661756/SRR21661756_2.fastq.gz"
"SRX17661464","./fastq/SRX17661464_SRR21661755_1.fastq.gz","./fastq/SRX17661464_SRR21661755_2.fastq.gz","SAMN30952859","SRR21661755","SRX17661464","SAMN30952859","SRS15193589","PRJNA882848","SRP398487","PRJNA882836;PRJNA884467","SRA1502963","GSM6595807_r1","GSM6595807_r1","GSM6595807","GSE213885","PAIRED","cDNA","TRANSCRIPTOMIC","RNA-Seq","GSM6595807","Illumina NovaSeq 6000","ILLUMINA","7521867190","24906845","141969","Oscheius tipulae","2-4 cell, embryo, biol rep 2","Illumina NovaSeq 6000 sequencing; GSM6595807: 2-4 cell, embryo, biol rep 2; Oscheius tipulae; RNA-Seq","The Nematode Oscheius tipulae as A Genetic Model for Programmed DNA Elimination [RNA-seq]","Illumina NovaSeq 6000 sequencing; GSM6595807: 2-4 cell, embryo, biol rep 2; Oscheius tipulae; RNA-Seq","2-4 cell, embryo, biol rep 2","2f59946452b05c990cf97831fa1eca0d;45d2bfc3bac6609b56a419c0760948c9","1256441481;1189587195","ftp.sra.ebi.ac.uk/vol1/fastq/SRR216/055/SRR21661755/SRR21661755_1.fastq.gz;ftp.sra.ebi.ac.uk/vol1/fastq/SRR216/055/SRR21661755/SRR21661755_2.fastq.gz","ftp.sra.ebi.ac.uk/vol1/fastq/SRR216/055/SRR21661755/SRR21661755_1.fastq.gz;ftp.sra.ebi.ac.uk/vol1/fastq/SRR216/055/SRR21661755/SRR21661755_2.fastq.gz","fasp.sra.ebi.ac.uk:/vol1/fastq/SRR216/055/SRR21661755/SRR21661755_1.fastq.gz;fasp.sra.ebi.ac.uk:/vol1/fastq/SRR216/055/SRR21661755/SRR21661755_2.fastq.gz"
"SRX17661465","./fastq/SRX17661465_SRR21661754_1.fastq.gz","./fastq/SRX17661465_SRR21661754_2.fastq.gz","SAMN30952858","SRR21661754","SRX17661465","SAMN30952858","SRS15193590","PRJNA882848","SRP398487","PRJNA882836;PRJNA884467","SRA1502963","GSM6595808_r1","GSM6595808_r1","GSM6595808","GSE213885","PAIRED","cDNA","TRANSCRIPTOMIC","RNA-Seq","GSM6595808","Illumina NovaSeq 6000","ILLUMINA","11303322138","37428219","141969","Oscheius tipulae","2-4 cell, embryo, biol rep 3","Illumina NovaSeq 6000 sequencing; GSM6595808: 2-4 cell, embryo, biol rep 3; Oscheius tipulae; RNA-Seq","The Nematode Oscheius tipulae as A Genetic Model for Programmed DNA Elimination [RNA-seq]","Illumina NovaSeq 6000 sequencing; GSM6595808: 2-4 cell, embryo, biol rep 3; Oscheius tipulae; RNA-Seq","2-4 cell, embryo, biol rep 3","6d29f0ceca513d2e14ee3c7b57018a67;93eb4a2ac8d0c1cfe43f9588441eb7d1","2308704784;2356309191","ftp.sra.ebi.ac.uk/vol1/fastq/SRR216/054/SRR21661754/SRR21661754_1.fastq.gz;ftp.sra.ebi.ac.uk/vol1/fastq/SRR216/054/SRR21661754/SRR21661754_2.fastq.gz","ftp.sra.ebi.ac.uk/vol1/fastq/SRR216/054/SRR21661754/SRR21661754_1.fastq.gz;ftp.sra.ebi.ac.uk/vol1/fastq/SRR216/054/SRR21661754/SRR21661754_2.fastq.gz","fasp.sra.ebi.ac.uk:/vol1/fastq/SRR216/054/SRR21661754/SRR21661754_1.fastq.gz;fasp.sra.ebi.ac.uk:/vol1/fastq/SRR216/054/SRR21661754/SRR21661754_2.fastq.gz"
"SRX17661466","./fastq/SRX17661466_SRR21661753_1.fastq.gz","./fastq/SRX17661466_SRR21661753_2.fastq.gz","SAMN30952857","SRR21661753","SRX17661466","SAMN30952857","SRS15193591","PRJNA882848","SRP398487","PRJNA882836;PRJNA884467","SRA1502963","GSM6595809_r1","GSM6595809_r1","GSM6595809","GSE213885","PAIRED","cDNA","TRANSCRIPTOMIC","RNA-Seq","GSM6595809","Illumina NovaSeq 6000","ILLUMINA","14280751614","47287257","141969","Oscheius tipulae","4-8 cell, embryo, biol rep 1","Illumina NovaSeq 6000 sequencing; GSM6595809: 4-8 cell, embryo, biol rep 1; Oscheius tipulae; RNA-Seq","The Nematode Oscheius tipulae as A Genetic Model for Programmed DNA Elimination [RNA-seq]","Illumina NovaSeq 6000 sequencing; GSM6595809: 4-8 cell, embryo, biol rep 1; Oscheius tipulae; RNA-Seq","4-8 cell, embryo, biol rep 1","4adac570729c55337b9b8ab3a0ef6ec5;39bb6826529ea4e46710a364c925c889","2749853481;2713576675","ftp.sra.ebi.ac.uk/vol1/fastq/SRR216/053/SRR21661753/SRR21661753_1.fastq.gz;ftp.sra.ebi.ac.uk/vol1/fastq/SRR216/053/SRR21661753/SRR21661753_2.fastq.gz","ftp.sra.ebi.ac.uk/vol1/fastq/SRR216/053/SRR21661753/SRR21661753_1.fastq.gz;ftp.sra.ebi.ac.uk/vol1/fastq/SRR216/053/SRR21661753/SRR21661753_2.fastq.gz","fasp.sra.ebi.ac.uk:/vol1/fastq/SRR216/053/SRR21661753/SRR21661753_1.fastq.gz;fasp.sra.ebi.ac.uk:/vol1/fastq/SRR216/053/SRR21661753/SRR21661753_2.fastq.gz"
"SRX17661467","./fastq/SRX17661467_SRR21661752_1.fastq.gz","./fastq/SRX17661467_SRR21661752_2.fastq.gz","SAMN30952856","SRR21661752","SRX17661467","SAMN30952856","SRS15193592","PRJNA882848","SRP398487","PRJNA882836;PRJNA884467","SRA1502963","GSM6595810_r1","GSM6595810_r1","GSM6595810","GSE213885","PAIRED","cDNA","TRANSCRIPTOMIC","RNA-Seq","GSM6595810","Illumina NovaSeq 6000","ILLUMINA","6484873482","21473091","141969","Oscheius tipulae","4-8 cell, embryo, biol rep 2","Illumina NovaSeq 6000 sequencing; GSM6595810: 4-8 cell, embryo, biol rep 2; Oscheius tipulae; RNA-Seq","The Nematode Oscheius tipulae as A Genetic Model for Programmed DNA Elimination [RNA-seq]","Illumina NovaSeq 6000 sequencing; GSM6595810: 4-8 cell, embryo, biol rep 2; Oscheius tipulae; RNA-Seq","4-8 cell, embryo, biol rep 2","85dc02f12ae407a1b40379c4bd33b9a3;518bbeb78cc88be2091385739847a2fc","1113453173;1018386106","ftp.sra.ebi.ac.uk/vol1/fastq/SRR216/052/SRR21661752/SRR21661752_1.fastq.gz;ftp.sra.ebi.ac.uk/vol1/fastq/SRR216/052/SRR21661752/SRR21661752_2.fastq.gz","ftp.sra.ebi.ac.uk/vol1/fastq/SRR216/052/SRR21661752/SRR21661752_1.fastq.gz;ftp.sra.ebi.ac.uk/vol1/fastq/SRR216/052/SRR21661752/SRR21661752_2.fastq.gz","fasp.sra.ebi.ac.uk:/vol1/fastq/SRR216/052/SRR21661752/SRR21661752_1.fastq.gz;fasp.sra.ebi.ac.uk:/vol1/fastq/SRR216/052/SRR21661752/SRR21661752_2.fastq.gz"
"SRX17661468","./fastq/SRX17661468_SRR21661751_1.fastq.gz","./fastq/SRX17661468_SRR21661751_2.fastq.gz","SAMN30952855","SRR21661751","SRX17661468","SAMN30952855","SRS15193593","PRJNA882848","SRP398487","PRJNA882836;PRJNA884467","SRA1502963","GSM6595811_r1","GSM6595811_r1","GSM6595811","GSE213885","PAIRED","cDNA","TRANSCRIPTOMIC","RNA-Seq","GSM6595811","Illumina NovaSeq 6000","ILLUMINA","12521564770","41462135","141969","Oscheius tipulae","4-8 cell, embryo, biol rep 3","Illumina NovaSeq 6000 sequencing; GSM6595811: 4-8 cell, embryo, biol rep 3; Oscheius tipulae; RNA-Seq","The Nematode Oscheius tipulae as A Genetic Model for Programmed DNA Elimination [RNA-seq]","Illumina NovaSeq 6000 sequencing; GSM6595811: 4-8 cell, embryo, biol rep 3; Oscheius tipulae; RNA-Seq","4-8 cell, embryo, biol rep 3","84b951fc81833550dbe159f63435a72d;ec6e881d6f8f6c0dd3edc11e144626a0","2584483604;2684785150","ftp.sra.ebi.ac.uk/vol1/fastq/SRR216/051/SRR21661751/SRR21661751_1.fastq.gz;ftp.sra.ebi.ac.uk/vol1/fastq/SRR216/051/SRR21661751/SRR21661751_2.fastq.gz","ftp.sra.ebi.ac.uk/vol1/fastq/SRR216/051/SRR21661751/SRR21661751_1.fastq.gz;ftp.sra.ebi.ac.uk/vol1/fastq/SRR216/051/SRR21661751/SRR21661751_2.fastq.gz","fasp.sra.ebi.ac.uk:/vol1/fastq/SRR216/051/SRR21661751/SRR21661751_1.fastq.gz;fasp.sra.ebi.ac.uk:/vol1/fastq/SRR216/051/SRR21661751/SRR21661751_2.fastq.gz"
"SRX17661469","./fastq/SRX17661469_SRR21661750_1.fastq.gz","./fastq/SRX17661469_SRR21661750_2.fastq.gz","SAMN30952854","SRR21661750","SRX17661469","SAMN30952854","SRS15193594","PRJNA882848","SRP398487","PRJNA882836;PRJNA884467","SRA1502963","GSM6595812_r1","GSM6595812_r1","GSM6595812","GSE213885","PAIRED","cDNA","TRANSCRIPTOMIC","RNA-Seq","GSM6595812","Illumina NovaSeq 6000","ILLUMINA","17186437366","56908733","141969","Oscheius tipulae","8-16 cell, embryo, biol rep 1","Illumina NovaSeq 6000 sequencing; GSM6595812: 8-16 cell, embryo, biol rep 1; Oscheius tipulae; RNA-Seq","The Nematode Oscheius tipulae as A Genetic Model for Programmed DNA Elimination [RNA-seq]","Illumina NovaSeq 6000 sequencing; GSM6595812: 8-16 cell, embryo, biol rep 1; Oscheius tipulae; RNA-Seq","8-16 cell, embryo, biol rep 1","a7d8b171ef48ffa150fed58a23282e35;ce87952a68df2ea9f5078e626081bb21","3252044323;3181894500","ftp.sra.ebi.ac.uk/vol1/fastq/SRR216/050/SRR21661750/SRR21661750_1.fastq.gz;ftp.sra.ebi.ac.uk/vol1/fastq/SRR216/050/SRR21661750/SRR21661750_2.fastq.gz","ftp.sra.ebi.ac.uk/vol1/fastq/SRR216/050/SRR21661750/SRR21661750_1.fastq.gz;ftp.sra.ebi.ac.uk/vol1/fastq/SRR216/050/SRR21661750/SRR21661750_2.fastq.gz","fasp.sra.ebi.ac.uk:/vol1/fastq/SRR216/050/SRR21661750/SRR21661750_1.fastq.gz;fasp.sra.ebi.ac.uk:/vol1/fastq/SRR216/050/SRR21661750/SRR21661750_2.fastq.gz"
"SRX17661470","./fastq/SRX17661470_SRR21661749_1.fastq.gz","./fastq/SRX17661470_SRR21661749_2.fastq.gz","SAMN30952853","SRR21661749","SRX17661470","SAMN30952853","SRS15193595","PRJNA882848","SRP398487","PRJNA882836;PRJNA884467","SRA1502963","GSM6595813_r1","GSM6595813_r1","GSM6595813","GSE213885","PAIRED","cDNA","TRANSCRIPTOMIC","RNA-Seq","GSM6595813","Illumina NovaSeq 6000","ILLUMINA","27617129598","91447449","141969","Oscheius tipulae","8-16 cell, embryo, biol rep 2","Illumina NovaSeq 6000 sequencing; GSM6595813: 8-16 cell, embryo, biol rep 2; Oscheius tipulae; RNA-Seq","The Nematode Oscheius tipulae as A Genetic Model for Programmed DNA Elimination [RNA-seq]","Illumina NovaSeq 6000 sequencing; GSM6595813: 8-16 cell, embryo, biol rep 2; Oscheius tipulae; RNA-Seq","8-16 cell, embryo, biol rep 2","6a72c8c6c2438ca917bca3f58e2ec82f;f5c6b8cce5052a13f3ee6cec9a49c4e6","5426682995;5367410492","ftp.sra.ebi.ac.uk/vol1/fastq/SRR216/049/SRR21661749/SRR21661749_1.fastq.gz;ftp.sra.ebi.ac.uk/vol1/fastq/SRR216/049/SRR21661749/SRR21661749_2.fastq.gz","ftp.sra.ebi.ac.uk/vol1/fastq/SRR216/049/SRR21661749/SRR21661749_1.fastq.gz;ftp.sra.ebi.ac.uk/vol1/fastq/SRR216/049/SRR21661749/SRR21661749_2.fastq.gz","fasp.sra.ebi.ac.uk:/vol1/fastq/SRR216/049/SRR21661749/SRR21661749_1.fastq.gz;fasp.sra.ebi.ac.uk:/vol1/fastq/SRR216/049/SRR21661749/SRR21661749_2.fastq.gz"
"SRX17661471","./fastq/SRX17661471_SRR21661748_1.fastq.gz","./fastq/SRX17661471_SRR21661748_2.fastq.gz","SAMN30952844","SRR21661748","SRX17661471","SAMN30952844","SRS15193596","PRJNA882848","SRP398487","PRJNA882836;PRJNA884467","SRA1502963","GSM6595822_r1","GSM6595822_r1","GSM6595822","GSE213885","PAIRED","cDNA","TRANSCRIPTOMIC","RNA-Seq","GSM6595822","Illumina NovaSeq 6000","ILLUMINA","9008178914","29828407","141969","Oscheius tipulae","64-128 cell, embryo, biol rep 2","Illumina NovaSeq 6000 sequencing; GSM6595822: 64-128 cell, embryo, biol rep 2; Oscheius tipulae; RNA-Seq","The Nematode Oscheius tipulae as A Genetic Model for Programmed DNA Elimination [RNA-seq]","Illumina NovaSeq 6000 sequencing; GSM6595822: 64-128 cell, embryo, biol rep 2; Oscheius tipulae; RNA-Seq","64-128 cell, embryo, biol rep 2","53496d58ead9090d728b84f8edf48da2;a9104a7d8a572958889cdc66fcb76960","1861951435;1904258061","ftp.sra.ebi.ac.uk/vol1/fastq/SRR216/048/SRR21661748/SRR21661748_1.fastq.gz;ftp.sra.ebi.ac.uk/vol1/fastq/SRR216/048/SRR21661748/SRR21661748_2.fastq.gz","ftp.sra.ebi.ac.uk/vol1/fastq/SRR216/048/SRR21661748/SRR21661748_1.fastq.gz;ftp.sra.ebi.ac.uk/vol1/fastq/SRR216/048/SRR21661748/SRR21661748_2.fastq.gz","fasp.sra.ebi.ac.uk:/vol1/fastq/SRR216/048/SRR21661748/SRR21661748_1.fastq.gz;fasp.sra.ebi.ac.uk:/vol1/fastq/SRR216/048/SRR21661748/SRR21661748_2.fastq.gz"
"SRX17661472","./fastq/SRX17661472_SRR21661747_1.fastq.gz","./fastq/SRX17661472_SRR21661747_2.fastq.gz","SAMN30952843","SRR21661747","SRX17661472","SAMN30952843","SRS15193597","PRJNA882848","SRP398487","PRJNA882836;PRJNA884467","SRA1502963","GSM6595823_r1","GSM6595823_r1","GSM6595823","GSE213885","PAIRED","cDNA","TRANSCRIPTOMIC","RNA-Seq","GSM6595823","Illumina NovaSeq 6000","ILLUMINA","8159758536","27019068","141969","Oscheius tipulae","100-150 cell, embryo, biol rep 1","Illumina NovaSeq 6000 sequencing; GSM6595823: 100-150 cell, embryo, biol rep 1; Oscheius tipulae; RNA-Seq","The Nematode Oscheius tipulae as A Genetic Model for Programmed DNA Elimination [RNA-seq]","Illumina NovaSeq 6000 sequencing; GSM6595823: 100-150 cell, embryo, biol rep 1; Oscheius tipulae; RNA-Seq","100-150 cell, embryo, biol rep 1","affb94ae8b973a329fbe4860facb1b8c;067b19b5d387a1e5733fc80d072626db","1673159923;1663104799","ftp.sra.ebi.ac.uk/vol1/fastq/SRR216/047/SRR21661747/SRR21661747_1.fastq.gz;ftp.sra.ebi.ac.uk/vol1/fastq/SRR216/047/SRR21661747/SRR21661747_2.fastq.gz","ftp.sra.ebi.ac.uk/vol1/fastq/SRR216/047/SRR21661747/SRR21661747_1.fastq.gz;ftp.sra.ebi.ac.uk/vol1/fastq/SRR216/047/SRR21661747/SRR21661747_2.fastq.gz","fasp.sra.ebi.ac.uk:/vol1/fastq/SRR216/047/SRR21661747/SRR21661747_1.fastq.gz;fasp.sra.ebi.ac.uk:/vol1/fastq/SRR216/047/SRR21661747/SRR21661747_2.fastq.gz"
"SRX17661473","./fastq/SRX17661473_SRR21661746_1.fastq.gz","./fastq/SRX17661473_SRR21661746_2.fastq.gz","SAMN30952842","SRR21661746","SRX17661473","SAMN30952842","SRS15193598","PRJNA882848","SRP398487","PRJNA882836;PRJNA884467","SRA1502963","GSM6595824_r1","GSM6595824_r1","GSM6595824","GSE213885","PAIRED","cDNA","TRANSCRIPTOMIC","RNA-Seq","GSM6595824","Illumina NovaSeq 6000","ILLUMINA","16892595896","55935748","141969","Oscheius tipulae","150-200 cell, embryo, biol rep 1","Illumina NovaSeq 6000 sequencing; GSM6595824: 150-200 cell, embryo, biol rep 1; Oscheius tipulae; RNA-Seq","The Nematode Oscheius tipulae as A Genetic Model for Programmed DNA Elimination [RNA-seq]","Illumina NovaSeq 6000 sequencing; GSM6595824: 150-200 cell, embryo, biol rep 1; Oscheius tipulae; RNA-Seq","150-200 cell, embryo, biol rep 1","f442dc1deb07324c4a017ad35a9fa520;b0907c5b6e2d2a3cd7f3b9872593895a","3427071496;3465921639","ftp.sra.ebi.ac.uk/vol1/fastq/SRR216/046/SRR21661746/SRR21661746_1.fastq.gz;ftp.sra.ebi.ac.uk/vol1/fastq/SRR216/046/SRR21661746/SRR21661746_2.fastq.gz","ftp.sra.ebi.ac.uk/vol1/fastq/SRR216/046/SRR21661746/SRR21661746_1.fastq.gz;ftp.sra.ebi.ac.uk/vol1/fastq/SRR216/046/SRR21661746/SRR21661746_2.fastq.gz","fasp.sra.ebi.ac.uk:/vol1/fastq/SRR216/046/SRR21661746/SRR21661746_1.fastq.gz;fasp.sra.ebi.ac.uk:/vol1/fastq/SRR216/046/SRR21661746/SRR21661746_2.fastq.gz"
"SRX17661474","./fastq/SRX17661474_SRR21661745_1.fastq.gz","./fastq/SRX17661474_SRR21661745_2.fastq.gz","SAMN30952841","SRR21661745","SRX17661474","SAMN30952841","SRS15193599","PRJNA882848","SRP398487","PRJNA882836;PRJNA884467","SRA1502963","GSM6595825_r1","GSM6595825_r1","GSM6595825","GSE213885","PAIRED","cDNA","TRANSCRIPTOMIC","RNA-Seq","GSM6595825","Illumina NovaSeq 6000","ILLUMINA","16129843556","53410078","141969","Oscheius tipulae","L1 Larvae, whole worm, biol rep 1","Illumina NovaSeq 6000 sequencing; GSM6595825: L1 Larvae, whole worm, biol rep 1; Oscheius tipulae; RNA-Seq","The Nematode Oscheius tipulae as A Genetic Model for Programmed DNA Elimination [RNA-seq]","Illumina NovaSeq 6000 sequencing; GSM6595825: L1 Larvae, whole worm, biol rep 1; Oscheius tipulae; RNA-Seq","L1 Larvae, whole worm, biol rep 1","5330f9183cbca0a0668b0f1baac1fc79;cecc71e3bb00e7751b3a429bf90eeb94","2831442377;2730393566","ftp.sra.ebi.ac.uk/vol1/fastq/SRR216/045/SRR21661745/SRR21661745_1.fastq.gz;ftp.sra.ebi.ac.uk/vol1/fastq/SRR216/045/SRR21661745/SRR21661745_2.fastq.gz","ftp.sra.ebi.ac.uk/vol1/fastq/SRR216/045/SRR21661745/SRR21661745_1.fastq.gz;ftp.sra.ebi.ac.uk/vol1/fastq/SRR216/045/SRR21661745/SRR21661745_2.fastq.gz","fasp.sra.ebi.ac.uk:/vol1/fastq/SRR216/045/SRR21661745/SRR21661745_1.fastq.gz;fasp.sra.ebi.ac.uk:/vol1/fastq/SRR216/045/SRR21661745/SRR21661745_2.fastq.gz"
"SRX17661475","./fastq/SRX17661475_SRR21661744_1.fastq.gz","./fastq/SRX17661475_SRR21661744_2.fastq.gz","SAMN30952840","SRR21661744","SRX17661475","SAMN30952840","SRS15193600","PRJNA882848","SRP398487","PRJNA882836;PRJNA884467","SRA1502963","GSM6595826_r1","GSM6595826_r1","GSM6595826","GSE213885","PAIRED","cDNA","TRANSCRIPTOMIC","RNA-Seq","GSM6595826","Illumina NovaSeq 6000","ILLUMINA","26455939598","87602449","141969","Oscheius tipulae","L1 Larvae, whole worm, biol rep 2","Illumina NovaSeq 6000 sequencing; GSM6595826: L1 Larvae, whole worm, biol rep 2; Oscheius tipulae; RNA-Seq","The Nematode Oscheius tipulae as A Genetic Model for Programmed DNA Elimination [RNA-seq]","Illumina NovaSeq 6000 sequencing; GSM6595826: L1 Larvae, whole worm, biol rep 2; Oscheius tipulae; RNA-Seq","L1 Larvae, whole worm, biol rep 2","eb4aa706731d9eeedaa83eeb08ace944;d558baa1cc8238a69ded2399f128680d","5130547275;5049473212","ftp.sra.ebi.ac.uk/vol1/fastq/SRR216/044/SRR21661744/SRR21661744_1.fastq.gz;ftp.sra.ebi.ac.uk/vol1/fastq/SRR216/044/SRR21661744/SRR21661744_2.fastq.gz","ftp.sra.ebi.ac.uk/vol1/fastq/SRR216/044/SRR21661744/SRR21661744_1.fastq.gz;ftp.sra.ebi.ac.uk/vol1/fastq/SRR216/044/SRR21661744/SRR21661744_2.fastq.gz","fasp.sra.ebi.ac.uk:/vol1/fastq/SRR216/044/SRR21661744/SRR21661744_1.fastq.gz;fasp.sra.ebi.ac.uk:/vol1/fastq/SRR216/044/SRR21661744/SRR21661744_2.fastq.gz"
"SRX17661476","./fastq/SRX17661476_SRR21661743_1.fastq.gz","./fastq/SRX17661476_SRR21661743_2.fastq.gz","SAMN30952839","SRR21661743","SRX17661476","SAMN30952839","SRS15193601","PRJNA882848","SRP398487","PRJNA882836;PRJNA884467","SRA1502963","GSM6595827_r1","GSM6595827_r1","GSM6595827","GSE213885","PAIRED","cDNA","TRANSCRIPTOMIC","RNA-Seq","GSM6595827","Illumina NovaSeq 6000","ILLUMINA","16370016908","54205354","141969","Oscheius tipulae","L1 Larvae, whole worm, biol rep 3","Illumina NovaSeq 6000 sequencing; GSM6595827: L1 Larvae, whole worm, biol rep 3; Oscheius tipulae; RNA-Seq","The Nematode Oscheius tipulae as A Genetic Model for Programmed DNA Elimination [RNA-seq]","Illumina NovaSeq 6000 sequencing; GSM6595827: L1 Larvae, whole worm, biol rep 3; Oscheius tipulae; RNA-Seq","L1 Larvae, whole worm, biol rep 3","fa2dc4ffb806677f53ad7136a155f05a;8f51775a3ee1215be6676116623a02b3","3061318077;3115811772","ftp.sra.ebi.ac.uk/vol1/fastq/SRR216/043/SRR21661743/SRR21661743_1.fastq.gz;ftp.sra.ebi.ac.uk/vol1/fastq/SRR216/043/SRR21661743/SRR21661743_2.fastq.gz","ftp.sra.ebi.ac.uk/vol1/fastq/SRR216/043/SRR21661743/SRR21661743_1.fastq.gz;ftp.sra.ebi.ac.uk/vol1/fastq/SRR216/043/SRR21661743/SRR21661743_2.fastq.gz","fasp.sra.ebi.ac.uk:/vol1/fastq/SRR216/043/SRR21661743/SRR21661743_1.fastq.gz;fasp.sra.ebi.ac.uk:/vol1/fastq/SRR216/043/SRR21661743/SRR21661743_2.fastq.gz"
"SRX17661477","./fastq/SRX17661477_SRR21661742_1.fastq.gz","./fastq/SRX17661477_SRR21661742_2.fastq.gz","SAMN30952838","SRR21661742","SRX17661477","SAMN30952838","SRS15193602","PRJNA882848","SRP398487","PRJNA882836;PRJNA884467","SRA1502963","GSM6595828_r1","GSM6595828_r1","GSM6595828","GSE213885","PAIRED","cDNA","TRANSCRIPTOMIC","RNA-Seq","GSM6595828","Illumina NovaSeq 6000","ILLUMINA","21456592942","71048321","141969","Oscheius tipulae","L2 Larvae, whole worm, biol rep 2","Illumina NovaSeq 6000 sequencing; GSM6595828: L2 Larvae, whole worm, biol rep 2; Oscheius tipulae; RNA-Seq","The Nematode Oscheius tipulae as A Genetic Model for Programmed DNA Elimination [RNA-seq]","Illumina NovaSeq 6000 sequencing; GSM6595828: L2 Larvae, whole worm, biol rep 2; Oscheius tipulae; RNA-Seq","L2 Larvae, whole worm, biol rep 2","ad7c2ac0bf9df1496b7ef7e855534e4c;8eedf16c06e05a0cdd912ff4900427b6","3606928130;3636257362","ftp.sra.ebi.ac.uk/vol1/fastq/SRR216/042/SRR21661742/SRR21661742_1.fastq.gz;ftp.sra.ebi.ac.uk/vol1/fastq/SRR216/042/SRR21661742/SRR21661742_2.fastq.gz","ftp.sra.ebi.ac.uk/vol1/fastq/SRR216/042/SRR21661742/SRR21661742_1.fastq.gz;ftp.sra.ebi.ac.uk/vol1/fastq/SRR216/042/SRR21661742/SRR21661742_2.fastq.gz","fasp.sra.ebi.ac.uk:/vol1/fastq/SRR216/042/SRR21661742/SRR21661742_1.fastq.gz;fasp.sra.ebi.ac.uk:/vol1/fastq/SRR216/042/SRR21661742/SRR21661742_2.fastq.gz"
"SRX17661478","./fastq/SRX17661478_SRR21661741_1.fastq.gz","./fastq/SRX17661478_SRR21661741_2.fastq.gz","SAMN30952837","SRR21661741","SRX17661478","SAMN30952837","SRS15193603","PRJNA882848","SRP398487","PRJNA882836;PRJNA884467","SRA1502963","GSM6595829_r1","GSM6595829_r1","GSM6595829","GSE213885","PAIRED","cDNA","TRANSCRIPTOMIC","RNA-Seq","GSM6595829","Illumina NovaSeq 6000","ILLUMINA","2475508496","8197048","141969","Oscheius tipulae","L2 Larvae, whole worm, biol rep 3","Illumina NovaSeq 6000 sequencing; GSM6595829: L2 Larvae, whole worm, biol rep 3; Oscheius tipulae; RNA-Seq","The Nematode Oscheius tipulae as A Genetic Model for Programmed DNA Elimination [RNA-seq]","Illumina NovaSeq 6000 sequencing; GSM6595829: L2 Larvae, whole worm, biol rep 3; Oscheius tipulae; RNA-Seq","L2 Larvae, whole worm, biol rep 3","567725f0340b249d6b408d7b7a3d8b9e;5d69896100c4c26da79b7b5cec279bfd","449743196;440412507","ftp.sra.ebi.ac.uk/vol1/fastq/SRR216/041/SRR21661741/SRR21661741_1.fastq.gz;ftp.sra.ebi.ac.uk/vol1/fastq/SRR216/041/SRR21661741/SRR21661741_2.fastq.gz","ftp.sra.ebi.ac.uk/vol1/fastq/SRR216/041/SRR21661741/SRR21661741_1.fastq.gz;ftp.sra.ebi.ac.uk/vol1/fastq/SRR216/041/SRR21661741/SRR21661741_2.fastq.gz","fasp.sra.ebi.ac.uk:/vol1/fastq/SRR216/041/SRR21661741/SRR21661741_1.fastq.gz;fasp.sra.ebi.ac.uk:/vol1/fastq/SRR216/041/SRR21661741/SRR21661741_2.fastq.gz"
"SRX17661479","./fastq/SRX17661479_SRR21661740_1.fastq.gz","./fastq/SRX17661479_SRR21661740_2.fastq.gz","SAMN30952828","SRR21661740","SRX17661479","SAMN30952828","SRS15193604","PRJNA882848","SRP398487","PRJNA882836;PRJNA884467","SRA1502963","GSM6595838_r1","GSM6595838_r1","GSM6595838","GSE213885","PAIRED","cDNA","TRANSCRIPTOMIC","RNA-Seq","GSM6595838","Illumina NovaSeq 6000","ILLUMINA","3800435044","12584222","141969","Oscheius tipulae","Male Adult, whole worm, biol rep 1","Illumina NovaSeq 6000 sequencing; GSM6595838: Male Adult, whole worm, biol rep 1; Oscheius tipulae; RNA-Seq","The Nematode Oscheius tipulae as A Genetic Model for Programmed DNA Elimination [RNA-seq]","Illumina NovaSeq 6000 sequencing; GSM6595838: Male Adult, whole worm, biol rep 1; Oscheius tipulae; RNA-Seq","Male Adult, whole worm, biol rep 1","a7293be39bfdc6d51246838ae6489f69;aba1bec0e1f38d7cfe990b59868d70bf","753081189;737547825","ftp.sra.ebi.ac.uk/vol1/fastq/SRR216/040/SRR21661740/SRR21661740_1.fastq.gz;ftp.sra.ebi.ac.uk/vol1/fastq/SRR216/040/SRR21661740/SRR21661740_2.fastq.gz","ftp.sra.ebi.ac.uk/vol1/fastq/SRR216/040/SRR21661740/SRR21661740_1.fastq.gz;ftp.sra.ebi.ac.uk/vol1/fastq/SRR216/040/SRR21661740/SRR21661740_2.fastq.gz","fasp.sra.ebi.ac.uk:/vol1/fastq/SRR216/040/SRR21661740/SRR21661740_1.fastq.gz;fasp.sra.ebi.ac.uk:/vol1/fastq/SRR216/040/SRR21661740/SRR21661740_2.fastq.gz"
"SRX17661480","./fastq/SRX17661480_SRR21661739_1.fastq.gz","./fastq/SRX17661480_SRR21661739_2.fastq.gz","SAMN30952827","SRR21661739","SRX17661480","SAMN30952827","SRS15193605","PRJNA882848","SRP398487","PRJNA882836;PRJNA884467","SRA1502963","GSM6595839_r1","GSM6595839_r1","GSM6595839","GSE213885","PAIRED","cDNA","TRANSCRIPTOMIC","RNA-Seq","GSM6595839","Illumina NovaSeq 6000","ILLUMINA","12564102980","41602990","141969","Oscheius tipulae","Male Adult, whole worm, biol rep 2","Illumina NovaSeq 6000 sequencing; GSM6595839: Male Adult, whole worm, biol rep 2; Oscheius tipulae; RNA-Seq","The Nematode Oscheius tipulae as A Genetic Model for Programmed DNA Elimination [RNA-seq]","Illumina NovaSeq 6000 sequencing; GSM6595839: Male Adult, whole worm, biol rep 2; Oscheius tipulae; RNA-Seq","Male Adult, whole worm, biol rep 2","9fff2945a48c0dfee71f13525196d052;df3b6fa900daf2798239e5d18bcd115f","2421135373;2451108465","ftp.sra.ebi.ac.uk/vol1/fastq/SRR216/039/SRR21661739/SRR21661739_1.fastq.gz;ftp.sra.ebi.ac.uk/vol1/fastq/SRR216/039/SRR21661739/SRR21661739_2.fastq.gz","ftp.sra.ebi.ac.uk/vol1/fastq/SRR216/039/SRR21661739/SRR21661739_1.fastq.gz;ftp.sra.ebi.ac.uk/vol1/fastq/SRR216/039/SRR21661739/SRR21661739_2.fastq.gz","fasp.sra.ebi.ac.uk:/vol1/fastq/SRR216/039/SRR21661739/SRR21661739_1.fastq.gz;fasp.sra.ebi.ac.uk:/vol1/fastq/SRR216/039/SRR21661739/SRR21661739_2.fastq.gz"
"SRX17661481","./fastq/SRX17661481_SRR21661738_1.fastq.gz","./fastq/SRX17661481_SRR21661738_2.fastq.gz","SAMN30952826","SRR21661738","SRX17661481","SAMN30952826","SRS15193606","PRJNA882848","SRP398487","PRJNA882836;PRJNA884467","SRA1502963","GSM6595840_r1","GSM6595840_r1","GSM6595840","GSE213885","PAIRED","cDNA","TRANSCRIPTOMIC","RNA-Seq","GSM6595840","Illumina NovaSeq 6000","ILLUMINA","16956220048","56146424","141969","Oscheius tipulae","Dauer, whole worm, biol rep 1","Illumina NovaSeq 6000 sequencing; GSM6595840: Dauer, whole worm, biol rep 1; Oscheius tipulae; RNA-Seq","The Nematode Oscheius tipulae as A Genetic Model for Programmed DNA Elimination [RNA-seq]","Illumina NovaSeq 6000 sequencing; GSM6595840: Dauer, whole worm, biol rep 1; Oscheius tipulae; RNA-Seq","Dauer, whole worm, biol rep 1","1d751a2bd56fe3f6f3266a67d3ebcb9c;add0b174420810441b18a0745c4d548b","3321036556;3379112117","ftp.sra.ebi.ac.uk/vol1/fastq/SRR216/038/SRR21661738/SRR21661738_1.fastq.gz;ftp.sra.ebi.ac.uk/vol1/fastq/SRR216/038/SRR21661738/SRR21661738_2.fastq.gz","ftp.sra.ebi.ac.uk/vol1/fastq/SRR216/038/SRR21661738/SRR21661738_1.fastq.gz;ftp.sra.ebi.ac.uk/vol1/fastq/SRR216/038/SRR21661738/SRR21661738_2.fastq.gz","fasp.sra.ebi.ac.uk:/vol1/fastq/SRR216/038/SRR21661738/SRR21661738_1.fastq.gz;fasp.sra.ebi.ac.uk:/vol1/fastq/SRR216/038/SRR21661738/SRR21661738_2.fastq.gz"
"SRX17661482","./fastq/SRX17661482_SRR21661737_1.fastq.gz","./fastq/SRX17661482_SRR21661737_2.fastq.gz","SAMN30952825","SRR21661737","SRX17661482","SAMN30952825","SRS15193607","PRJNA882848","SRP398487","PRJNA882836;PRJNA884467","SRA1502963","GSM6595841_r1","GSM6595841_r1","GSM6595841","GSE213885","PAIRED","cDNA","TRANSCRIPTOMIC","RNA-Seq","GSM6595841","Illumina NovaSeq 6000","ILLUMINA","2717382108","8997954","141969","Oscheius tipulae","Dauer, whole worm, biol rep 2","Illumina NovaSeq 6000 sequencing; GSM6595841: Dauer, whole worm, biol rep 2; Oscheius tipulae; RNA-Seq","The Nematode Oscheius tipulae as A Genetic Model for Programmed DNA Elimination [RNA-seq]","Illumina NovaSeq 6000 sequencing; GSM6595841: Dauer, whole worm, biol rep 2; Oscheius tipulae; RNA-Seq","Dauer, whole worm, biol rep 2","377373b17a9cbbe82328356b802acd1d;1f63878f70d5842a4ef631df79da3ad8","466516641;442872562","ftp.sra.ebi.ac.uk/vol1/fastq/SRR216/037/SRR21661737/SRR21661737_1.fastq.gz;ftp.sra.ebi.ac.uk/vol1/fastq/SRR216/037/SRR21661737/SRR21661737_2.fastq.gz","ftp.sra.ebi.ac.uk/vol1/fastq/SRR216/037/SRR21661737/SRR21661737_1.fastq.gz;ftp.sra.ebi.ac.uk/vol1/fastq/SRR216/037/SRR21661737/SRR21661737_2.fastq.gz","fasp.sra.ebi.ac.uk:/vol1/fastq/SRR216/037/SRR21661737/SRR21661737_1.fastq.gz;fasp.sra.ebi.ac.uk:/vol1/fastq/SRR216/037/SRR21661737/SRR21661737_2.fastq.gz"
"SRX17661483","./fastq/SRX17661483_SRR21661736_1.fastq.gz","./fastq/SRX17661483_SRR21661736_2.fastq.gz","SAMN30952824","SRR21661736","SRX17661483","SAMN30952824","SRS15193608","PRJNA882848","SRP398487","PRJNA882836;PRJNA884467","SRA1502963","GSM6595842_r1","GSM6595842_r1","GSM6595842","GSE213885","PAIRED","cDNA","TRANSCRIPTOMIC","RNA-Seq","GSM6595842","Illumina NovaSeq 6000","ILLUMINA","23210540086","76856093","141969","Oscheius tipulae","Post-dauer L3, whole worm, biol rep 1","Illumina NovaSeq 6000 sequencing; GSM6595842: Post-dauer L3, whole worm, biol rep 1; Oscheius tipulae; RNA-Seq","The Nematode Oscheius tipulae as A Genetic Model for Programmed DNA Elimination [RNA-seq]","Illumina NovaSeq 6000 sequencing; GSM6595842: Post-dauer L3, whole worm, biol rep 1; Oscheius tipulae; RNA-Seq","Post-dauer L3, whole worm, biol rep 1","2d2a57de476c1a78187ec4e47eff98fc;6d0b6778781b8bda28cf5dc716d967f5","4340392250;4222734232","ftp.sra.ebi.ac.uk/vol1/fastq/SRR216/036/SRR21661736/SRR21661736_1.fastq.gz;ftp.sra.ebi.ac.uk/vol1/fastq/SRR216/036/SRR21661736/SRR21661736_2.fastq.gz","ftp.sra.ebi.ac.uk/vol1/fastq/SRR216/036/SRR21661736/SRR21661736_1.fastq.gz;ftp.sra.ebi.ac.uk/vol1/fastq/SRR216/036/SRR21661736/SRR21661736_2.fastq.gz","fasp.sra.ebi.ac.uk:/vol1/fastq/SRR216/036/SRR21661736/SRR21661736_1.fastq.gz;fasp.sra.ebi.ac.uk:/vol1/fastq/SRR216/036/SRR21661736/SRR21661736_2.fastq.gz"
"SRX17661484","./fastq/SRX17661484_SRR21661735_1.fastq.gz","./fastq/SRX17661484_SRR21661735_2.fastq.gz","SAMN30952823","SRR21661735","SRX17661484","SAMN30952823","SRS15193609","PRJNA882848","SRP398487","PRJNA882836;PRJNA884467","SRA1502963","GSM6595843_r1","GSM6595843_r1","GSM6595843","GSE213885","PAIRED","cDNA","TRANSCRIPTOMIC","RNA-Seq","GSM6595843","Illumina NovaSeq 6000","ILLUMINA","2692889002","8916851","141969","Oscheius tipulae","Post-dauer L3, whole worm, biol rep 2","Illumina NovaSeq 6000 sequencing; GSM6595843: Post-dauer L3, whole worm, biol rep 2; Oscheius tipulae; RNA-Seq","The Nematode Oscheius tipulae as A Genetic Model for Programmed DNA Elimination [RNA-seq]","Illumina NovaSeq 6000 sequencing; GSM6595843: Post-dauer L3, whole worm, biol rep 2; Oscheius tipulae; RNA-Seq","Post-dauer L3, whole worm, biol rep 2","8dad2b4e1b83ecbf99836abad80d05c6;5aa291765faa30b28a5ce502d01f3338","553128214;553270121","ftp.sra.ebi.ac.uk/vol1/fastq/SRR216/035/SRR21661735/SRR21661735_1.fastq.gz;ftp.sra.ebi.ac.uk/vol1/fastq/SRR216/035/SRR21661735/SRR21661735_2.fastq.gz","ftp.sra.ebi.ac.uk/vol1/fastq/SRR216/035/SRR21661735/SRR21661735_1.fastq.gz;ftp.sra.ebi.ac.uk/vol1/fastq/SRR216/035/SRR21661735/SRR21661735_2.fastq.gz","fasp.sra.ebi.ac.uk:/vol1/fastq/SRR216/035/SRR21661735/SRR21661735_1.fastq.gz;fasp.sra.ebi.ac.uk:/vol1/fastq/SRR216/035/SRR21661735/SRR21661735_2.fastq.gz"
"SRX17661485","./fastq/SRX17661485_SRR21661734_1.fastq.gz","./fastq/SRX17661485_SRR21661734_2.fastq.gz","SAMN30952822","SRR21661734","SRX17661485","SAMN30952822","SRS15193610","PRJNA882848","SRP398487","PRJNA882836;PRJNA884467","SRA1502963","GSM6595844_r1","GSM6595844_r1","GSM6595844","GSE213885","PAIRED","cDNA","TRANSCRIPTOMIC","RNA-Seq","GSM6595844","Illumina NovaSeq 6000","ILLUMINA","17066922678","56512989","141969","Oscheius tipulae","Post-dauer L4, whole worm, biol rep 1","Illumina NovaSeq 6000 sequencing; GSM6595844: Post-dauer L4, whole worm, biol rep 1; Oscheius tipulae; RNA-Seq","The Nematode Oscheius tipulae as A Genetic Model for Programmed DNA Elimination [RNA-seq]","Illumina NovaSeq 6000 sequencing; GSM6595844: Post-dauer L4, whole worm, biol rep 1; Oscheius tipulae; RNA-Seq","Post-dauer L4, whole worm, biol rep 1","4f494036f71052ab56545302e10561d4;472b55e018b8047ce9cea77d09e926f4","3458435561;3542005804","ftp.sra.ebi.ac.uk/vol1/fastq/SRR216/034/SRR21661734/SRR21661734_1.fastq.gz;ftp.sra.ebi.ac.uk/vol1/fastq/SRR216/034/SRR21661734/SRR21661734_2.fastq.gz","ftp.sra.ebi.ac.uk/vol1/fastq/SRR216/034/SRR21661734/SRR21661734_1.fastq.gz;ftp.sra.ebi.ac.uk/vol1/fastq/SRR216/034/SRR21661734/SRR21661734_2.fastq.gz","fasp.sra.ebi.ac.uk:/vol1/fastq/SRR216/034/SRR21661734/SRR21661734_1.fastq.gz;fasp.sra.ebi.ac.uk:/vol1/fastq/SRR216/034/SRR21661734/SRR21661734_2.fastq.gz"
"SRX17661486","./fastq/SRX17661486_SRR21661733_1.fastq.gz","./fastq/SRX17661486_SRR21661733_2.fastq.gz","SAMN30952821","SRR21661733","SRX17661486","SAMN30952821","SRS15193611","PRJNA882848","SRP398487","PRJNA882836;PRJNA884467","SRA1502963","GSM6595845_r1","GSM6595845_r1","GSM6595845","GSE213885","PAIRED","cDNA","TRANSCRIPTOMIC","RNA-Seq","GSM6595845","Illumina NovaSeq 6000","ILLUMINA","2108210358","6980829","141969","Oscheius tipulae","Post-dauer L4, whole worm, biol rep 2","Illumina NovaSeq 6000 sequencing; GSM6595845: Post-dauer L4, whole worm, biol rep 2; Oscheius tipulae; RNA-Seq","The Nematode Oscheius tipulae as A Genetic Model for Programmed DNA Elimination [RNA-seq]","Illumina NovaSeq 6000 sequencing; GSM6595845: Post-dauer L4, whole worm, biol rep 2; Oscheius tipulae; RNA-Seq","Post-dauer L4, whole worm, biol rep 2","2c796af5651e17e7bbde0466ca843829;c5a82b7dd160cdb2a5e90b603aec8d66","444068125;442047258","ftp.sra.ebi.ac.uk/vol1/fastq/SRR216/033/SRR21661733/SRR21661733_1.fastq.gz;ftp.sra.ebi.ac.uk/vol1/fastq/SRR216/033/SRR21661733/SRR21661733_2.fastq.gz","ftp.sra.ebi.ac.uk/vol1/fastq/SRR216/033/SRR21661733/SRR21661733_1.fastq.gz;ftp.sra.ebi.ac.uk/vol1/fastq/SRR216/033/SRR21661733/SRR21661733_2.fastq.gz","fasp.sra.ebi.ac.uk:/vol1/fastq/SRR216/033/SRR21661733/SRR21661733_1.fastq.gz;fasp.sra.ebi.ac.uk:/vol1/fastq/SRR216/033/SRR21661733/SRR21661733_2.fastq.gz"
"SRX17661487","./fastq/SRX17661487_SRR21661732_1.fastq.gz","./fastq/SRX17661487_SRR21661732_2.fastq.gz","SAMN30952852","SRR21661732","SRX17661487","SAMN30952852","SRS15193612","PRJNA882848","SRP398487","PRJNA882836;PRJNA884467","SRA1502963","GSM6595814_r1","GSM6595814_r1","GSM6595814","GSE213885","PAIRED","cDNA","TRANSCRIPTOMIC","RNA-Seq","GSM6595814","Illumina NovaSeq 6000","ILLUMINA","15359248276","50858438","141969","Oscheius tipulae","8-16 cell, embryo, biol rep 3","Illumina NovaSeq 6000 sequencing; GSM6595814: 8-16 cell, embryo, biol rep 3; Oscheius tipulae; RNA-Seq","The Nematode Oscheius tipulae as A Genetic Model for Programmed DNA Elimination [RNA-seq]","Illumina NovaSeq 6000 sequencing; GSM6595814: 8-16 cell, embryo, biol rep 3; Oscheius tipulae; RNA-Seq","8-16 cell, embryo, biol rep 3","72bf8f9f8ef4b9a7022970fd426aecdf;350f34985f50fb31eb740916d36cf6db","2649769966;2698760776","ftp.sra.ebi.ac.uk/vol1/fastq/SRR216/032/SRR21661732/SRR21661732_1.fastq.gz;ftp.sra.ebi.ac.uk/vol1/fastq/SRR216/032/SRR21661732/SRR21661732_2.fastq.gz","ftp.sra.ebi.ac.uk/vol1/fastq/SRR216/032/SRR21661732/SRR21661732_1.fastq.gz;ftp.sra.ebi.ac.uk/vol1/fastq/SRR216/032/SRR21661732/SRR21661732_2.fastq.gz","fasp.sra.ebi.ac.uk:/vol1/fastq/SRR216/032/SRR21661732/SRR21661732_1.fastq.gz;fasp.sra.ebi.ac.uk:/vol1/fastq/SRR216/032/SRR21661732/SRR21661732_2.fastq.gz"
"SRX17661488","./fastq/SRX17661488_SRR21661731_1.fastq.gz","./fastq/SRX17661488_SRR21661731_2.fastq.gz","SAMN30952851","SRR21661731","SRX17661488","SAMN30952851","SRS15193613","PRJNA882848","SRP398487","PRJNA882836;PRJNA884467","SRA1502963","GSM6595815_r1","GSM6595815_r1","GSM6595815","GSE213885","PAIRED","cDNA","TRANSCRIPTOMIC","RNA-Seq","GSM6595815","Illumina NovaSeq 6000","ILLUMINA","17208206130","56980815","141969","Oscheius tipulae","16-32 cell, embryo, biol rep 1","Illumina NovaSeq 6000 sequencing; GSM6595815: 16-32 cell, embryo, biol rep 1; Oscheius tipulae; RNA-Seq","The Nematode Oscheius tipulae as A Genetic Model for Programmed DNA Elimination [RNA-seq]","Illumina NovaSeq 6000 sequencing; GSM6595815: 16-32 cell, embryo, biol rep 1; Oscheius tipulae; RNA-Seq","16-32 cell, embryo, biol rep 1","d22d9ee52d4f97a964d963b0f8174ad3;6dbcfa18123a35e0cc9169ebc23a6456","3274660297;3245417006","ftp.sra.ebi.ac.uk/vol1/fastq/SRR216/031/SRR21661731/SRR21661731_1.fastq.gz;ftp.sra.ebi.ac.uk/vol1/fastq/SRR216/031/SRR21661731/SRR21661731_2.fastq.gz","ftp.sra.ebi.ac.uk/vol1/fastq/SRR216/031/SRR21661731/SRR21661731_1.fastq.gz;ftp.sra.ebi.ac.uk/vol1/fastq/SRR216/031/SRR21661731/SRR21661731_2.fastq.gz","fasp.sra.ebi.ac.uk:/vol1/fastq/SRR216/031/SRR21661731/SRR21661731_1.fastq.gz;fasp.sra.ebi.ac.uk:/vol1/fastq/SRR216/031/SRR21661731/SRR21661731_2.fastq.gz"
"SRX17661489","./fastq/SRX17661489_SRR21661730_1.fastq.gz","./fastq/SRX17661489_SRR21661730_2.fastq.gz","SAMN30952850","SRR21661730","SRX17661489","SAMN30952850","SRS15193614","PRJNA882848","SRP398487","PRJNA882836;PRJNA884467","SRA1502963","GSM6595816_r1","GSM6595816_r1","GSM6595816","GSE213885","PAIRED","cDNA","TRANSCRIPTOMIC","RNA-Seq","GSM6595816","Illumina NovaSeq 6000","ILLUMINA","5742829886","19015993","141969","Oscheius tipulae","16-32 cell, embryo, biol rep 2","Illumina NovaSeq 6000 sequencing; GSM6595816: 16-32 cell, embryo, biol rep 2; Oscheius tipulae; RNA-Seq","The Nematode Oscheius tipulae as A Genetic Model for Programmed DNA Elimination [RNA-seq]","Illumina NovaSeq 6000 sequencing; GSM6595816: 16-32 cell, embryo, biol rep 2; Oscheius tipulae; RNA-Seq","16-32 cell, embryo, biol rep 2","effa573cee2e76e258fc8e2ef10ce226;8900dde7c80e2a2555b6173da16665ff","945369744;899688374","ftp.sra.ebi.ac.uk/vol1/fastq/SRR216/030/SRR21661730/SRR21661730_1.fastq.gz;ftp.sra.ebi.ac.uk/vol1/fastq/SRR216/030/SRR21661730/SRR21661730_2.fastq.gz","ftp.sra.ebi.ac.uk/vol1/fastq/SRR216/030/SRR21661730/SRR21661730_1.fastq.gz;ftp.sra.ebi.ac.uk/vol1/fastq/SRR216/030/SRR21661730/SRR21661730_2.fastq.gz","fasp.sra.ebi.ac.uk:/vol1/fastq/SRR216/030/SRR21661730/SRR21661730_1.fastq.gz;fasp.sra.ebi.ac.uk:/vol1/fastq/SRR216/030/SRR21661730/SRR21661730_2.fastq.gz"
"SRX17661490","./fastq/SRX17661490_SRR21661729_1.fastq.gz","./fastq/SRX17661490_SRR21661729_2.fastq.gz","SAMN30952849","SRR21661729","SRX17661490","SAMN30952849","SRS15193615","PRJNA882848","SRP398487","PRJNA882836;PRJNA884467","SRA1502963","GSM6595817_r1","GSM6595817_r1","GSM6595817","GSE213885","PAIRED","cDNA","TRANSCRIPTOMIC","RNA-Seq","GSM6595817","Illumina NovaSeq 6000","ILLUMINA","5541413704","18349052","141969","Oscheius tipulae","16-32 cell, embryo, biol rep 3","Illumina NovaSeq 6000 sequencing; GSM6595817: 16-32 cell, embryo, biol rep 3; Oscheius tipulae; RNA-Seq","The Nematode Oscheius tipulae as A Genetic Model for Programmed DNA Elimination [RNA-seq]","Illumina NovaSeq 6000 sequencing; GSM6595817: 16-32 cell, embryo, biol rep 3; Oscheius tipulae; RNA-Seq","16-32 cell, embryo, biol rep 3","1a6f33548b171d233010761cf73152d6;c8706471708138204ccdc6bc3a9e5c06","1025524425;1015090437","ftp.sra.ebi.ac.uk/vol1/fastq/SRR216/029/SRR21661729/SRR21661729_1.fastq.gz;ftp.sra.ebi.ac.uk/vol1/fastq/SRR216/029/SRR21661729/SRR21661729_2.fastq.gz","ftp.sra.ebi.ac.uk/vol1/fastq/SRR216/029/SRR21661729/SRR21661729_1.fastq.gz;ftp.sra.ebi.ac.uk/vol1/fastq/SRR216/029/SRR21661729/SRR21661729_2.fastq.gz","fasp.sra.ebi.ac.uk:/vol1/fastq/SRR216/029/SRR21661729/SRR21661729_1.fastq.gz;fasp.sra.ebi.ac.uk:/vol1/fastq/SRR216/029/SRR21661729/SRR21661729_2.fastq.gz"
"SRX17661491","./fastq/SRX17661491_SRR21661728_1.fastq.gz","./fastq/SRX17661491_SRR21661728_2.fastq.gz","SAMN30952848","SRR21661728","SRX17661491","SAMN30952848","SRS15193616","PRJNA882848","SRP398487","PRJNA882836;PRJNA884467","SRA1502963","GSM6595818_r1","GSM6595818_r1","GSM6595818","GSE213885","PAIRED","cDNA","TRANSCRIPTOMIC","RNA-Seq","GSM6595818","Illumina NovaSeq 6000","ILLUMINA","19644122124","65046762","141969","Oscheius tipulae","32-64 cell, embryo, biol rep 1","Illumina NovaSeq 6000 sequencing; GSM6595818: 32-64 cell, embryo, biol rep 1; Oscheius tipulae; RNA-Seq","The Nematode Oscheius tipulae as A Genetic Model for Programmed DNA Elimination [RNA-seq]","Illumina NovaSeq 6000 sequencing; GSM6595818: 32-64 cell, embryo, biol rep 1; Oscheius tipulae; RNA-Seq","32-64 cell, embryo, biol rep 1","71b059e35dcfc22dd9011b1a6d730273;720f9a9f71cf36710a34714c6466fe02","3553908483;3488629027","ftp.sra.ebi.ac.uk/vol1/fastq/SRR216/028/SRR21661728/SRR21661728_1.fastq.gz;ftp.sra.ebi.ac.uk/vol1/fastq/SRR216/028/SRR21661728/SRR21661728_2.fastq.gz","ftp.sra.ebi.ac.uk/vol1/fastq/SRR216/028/SRR21661728/SRR21661728_1.fastq.gz;ftp.sra.ebi.ac.uk/vol1/fastq/SRR216/028/SRR21661728/SRR21661728_2.fastq.gz","fasp.sra.ebi.ac.uk:/vol1/fastq/SRR216/028/SRR21661728/SRR21661728_1.fastq.gz;fasp.sra.ebi.ac.uk:/vol1/fastq/SRR216/028/SRR21661728/SRR21661728_2.fastq.gz"
"SRX17661492","./fastq/SRX17661492_SRR21661727_1.fastq.gz","./fastq/SRX17661492_SRR21661727_2.fastq.gz","SAMN30952847","SRR21661727","SRX17661492","SAMN30952847","SRS15193617","PRJNA882848","SRP398487","PRJNA882836;PRJNA884467","SRA1502963","GSM6595819_r1","GSM6595819_r1","GSM6595819","GSE213885","PAIRED","cDNA","TRANSCRIPTOMIC","RNA-Seq","GSM6595819","Illumina NovaSeq 6000","ILLUMINA","6259094960","20725480","141969","Oscheius tipulae","32-64 cell, embryo, biol rep 2","Illumina NovaSeq 6000 sequencing; GSM6595819: 32-64 cell, embryo, biol rep 2; Oscheius tipulae; RNA-Seq","The Nematode Oscheius tipulae as A Genetic Model for Programmed DNA Elimination [RNA-seq]","Illumina NovaSeq 6000 sequencing; GSM6595819: 32-64 cell, embryo, biol rep 2; Oscheius tipulae; RNA-Seq","32-64 cell, embryo, biol rep 2","de6cdce88201d44e239bf7f308171c16;baf3753ae42e0d03f9d2261c64a5b8d0","1067062810;1008813321","ftp.sra.ebi.ac.uk/vol1/fastq/SRR216/027/SRR21661727/SRR21661727_1.fastq.gz;ftp.sra.ebi.ac.uk/vol1/fastq/SRR216/027/SRR21661727/SRR21661727_2.fastq.gz","ftp.sra.ebi.ac.uk/vol1/fastq/SRR216/027/SRR21661727/SRR21661727_1.fastq.gz;ftp.sra.ebi.ac.uk/vol1/fastq/SRR216/027/SRR21661727/SRR21661727_2.fastq.gz","fasp.sra.ebi.ac.uk:/vol1/fastq/SRR216/027/SRR21661727/SRR21661727_1.fastq.gz;fasp.sra.ebi.ac.uk:/vol1/fastq/SRR216/027/SRR21661727/SRR21661727_2.fastq.gz"
"SRX17661493","./fastq/SRX17661493_SRR21661726_1.fastq.gz","./fastq/SRX17661493_SRR21661726_2.fastq.gz","SAMN30952846","SRR21661726","SRX17661493","SAMN30952846","SRS15193618","PRJNA882848","SRP398487","PRJNA882836;PRJNA884467","SRA1502963","GSM6595820_r1","GSM6595820_r1","GSM6595820","GSE213885","PAIRED","cDNA","TRANSCRIPTOMIC","RNA-Seq","GSM6595820","Illumina NovaSeq 6000","ILLUMINA","9800436956","32451778","141969","Oscheius tipulae","32-64 cell, embryo, biol rep 3","Illumina NovaSeq 6000 sequencing; GSM6595820: 32-64 cell, embryo, biol rep 3; Oscheius tipulae; RNA-Seq","The Nematode Oscheius tipulae as A Genetic Model for Programmed DNA Elimination [RNA-seq]","Illumina NovaSeq 6000 sequencing; GSM6595820: 32-64 cell, embryo, biol rep 3; Oscheius tipulae; RNA-Seq","32-64 cell, embryo, biol rep 3","7c40155c9446b5cbb2c4fe3efdf07cbe;7c23cad2cae29f38fe34b1750e9d3536","2030220146;2073245459","ftp.sra.ebi.ac.uk/vol1/fastq/SRR216/026/SRR21661726/SRR21661726_1.fastq.gz;ftp.sra.ebi.ac.uk/vol1/fastq/SRR216/026/SRR21661726/SRR21661726_2.fastq.gz","ftp.sra.ebi.ac.uk/vol1/fastq/SRR216/026/SRR21661726/SRR21661726_1.fastq.gz;ftp.sra.ebi.ac.uk/vol1/fastq/SRR216/026/SRR21661726/SRR21661726_2.fastq.gz","fasp.sra.ebi.ac.uk:/vol1/fastq/SRR216/026/SRR21661726/SRR21661726_1.fastq.gz;fasp.sra.ebi.ac.uk:/vol1/fastq/SRR216/026/SRR21661726/SRR21661726_2.fastq.gz"
"SRX17661494","./fastq/SRX17661494_SRR21661725_1.fastq.gz","./fastq/SRX17661494_SRR21661725_2.fastq.gz","SAMN30952845","SRR21661725","SRX17661494","SAMN30952845","SRS15193619","PRJNA882848","SRP398487","PRJNA882836;PRJNA884467","SRA1502963","GSM6595821_r1","GSM6595821_r1","GSM6595821","GSE213885","PAIRED","cDNA","TRANSCRIPTOMIC","RNA-Seq","GSM6595821","Illumina NovaSeq 6000","ILLUMINA","7417529210","24561355","141969","Oscheius tipulae","64-128 cell, embryo, biol rep 1","Illumina NovaSeq 6000 sequencing; GSM6595821: 64-128 cell, embryo, biol rep 1; Oscheius tipulae; RNA-Seq","The Nematode Oscheius tipulae as A Genetic Model for Programmed DNA Elimination [RNA-seq]","Illumina NovaSeq 6000 sequencing; GSM6595821: 64-128 cell, embryo, biol rep 1; Oscheius tipulae; RNA-Seq","64-128 cell, embryo, biol rep 1","9b251a49997c7043a04578e3407fb442;96cde854899f26210225d556179cbc62","1261916150;1199966742","ftp.sra.ebi.ac.uk/vol1/fastq/SRR216/025/SRR21661725/SRR21661725_1.fastq.gz;ftp.sra.ebi.ac.uk/vol1/fastq/SRR216/025/SRR21661725/SRR21661725_2.fastq.gz","ftp.sra.ebi.ac.uk/vol1/fastq/SRR216/025/SRR21661725/SRR21661725_1.fastq.gz;ftp.sra.ebi.ac.uk/vol1/fastq/SRR216/025/SRR21661725/SRR21661725_2.fastq.gz","fasp.sra.ebi.ac.uk:/vol1/fastq/SRR216/025/SRR21661725/SRR21661725_1.fastq.gz;fasp.sra.ebi.ac.uk:/vol1/fastq/SRR216/025/SRR21661725/SRR21661725_2.fastq.gz"
"SRX17661495","./fastq/SRX17661495_SRR21661724_1.fastq.gz","./fastq/SRX17661495_SRR21661724_2.fastq.gz","SAMN30952820","SRR21661724","SRX17661495","SAMN30952820","SRS15193620","PRJNA882848","SRP398487","PRJNA882836;PRJNA884467","SRA1502963","GSM6595846_r1","GSM6595846_r1","GSM6595846","GSE213885","PAIRED","cDNA","TRANSCRIPTOMIC","RNA-Seq","GSM6595846","Illumina NovaSeq 6000","ILLUMINA","18569673470","61488985","141969","Oscheius tipulae","Post-dauer young adult, whole worm, biol rep 1","Illumina NovaSeq 6000 sequencing; GSM6595846: Post-dauer young adult, whole worm, biol rep 1; Oscheius tipulae; RNA-Seq","The Nematode Oscheius tipulae as A Genetic Model for Programmed DNA Elimination [RNA-seq]","Illumina NovaSeq 6000 sequencing; GSM6595846: Post-dauer young adult, whole worm, biol rep 1; Oscheius tipulae; RNA-Seq","Post-dauer young adult, whole worm, biol rep 1","d374cda1945194202f988b2391306a25;ced7a04853a074bbefa2c29bc8d6ded1","3291893916;3308233326","ftp.sra.ebi.ac.uk/vol1/fastq/SRR216/024/SRR21661724/SRR21661724_1.fastq.gz;ftp.sra.ebi.ac.uk/vol1/fastq/SRR216/024/SRR21661724/SRR21661724_2.fastq.gz","ftp.sra.ebi.ac.uk/vol1/fastq/SRR216/024/SRR21661724/SRR21661724_1.fastq.gz;ftp.sra.ebi.ac.uk/vol1/fastq/SRR216/024/SRR21661724/SRR21661724_2.fastq.gz","fasp.sra.ebi.ac.uk:/vol1/fastq/SRR216/024/SRR21661724/SRR21661724_1.fastq.gz;fasp.sra.ebi.ac.uk:/vol1/fastq/SRR216/024/SRR21661724/SRR21661724_2.fastq.gz"
"SRX17661496","./fastq/SRX17661496_SRR21661723_1.fastq.gz","./fastq/SRX17661496_SRR21661723_2.fastq.gz","SAMN30952819","SRR21661723","SRX17661496","SAMN30952819","SRS15193621","PRJNA882848","SRP398487","PRJNA882836;PRJNA884467","SRA1502963","GSM6595847_r1","GSM6595847_r1","GSM6595847","GSE213885","PAIRED","cDNA","TRANSCRIPTOMIC","RNA-Seq","GSM6595847","Illumina NovaSeq 6000","ILLUMINA","2048699748","6783774","141969","Oscheius tipulae","Post-dauer young adult, whole worm, biol rep 2","Illumina NovaSeq 6000 sequencing; GSM6595847: Post-dauer young adult, whole worm, biol rep 2; Oscheius tipulae; RNA-Seq","The Nematode Oscheius tipulae as A Genetic Model for Programmed DNA Elimination [RNA-seq]","Illumina NovaSeq 6000 sequencing; GSM6595847: Post-dauer young adult, whole worm, biol rep 2; Oscheius tipulae; RNA-Seq","Post-dauer young adult, whole worm, biol rep 2","3e8238732ee20667c8be565bb05b19f8;27ace6b144e80defd55f182b5c14b752","425611016;421106554","ftp.sra.ebi.ac.uk/vol1/fastq/SRR216/023/SRR21661723/SRR21661723_1.fastq.gz;ftp.sra.ebi.ac.uk/vol1/fastq/SRR216/023/SRR21661723/SRR21661723_2.fastq.gz","ftp.sra.ebi.ac.uk/vol1/fastq/SRR216/023/SRR21661723/SRR21661723_1.fastq.gz;ftp.sra.ebi.ac.uk/vol1/fastq/SRR216/023/SRR21661723/SRR21661723_2.fastq.gz","fasp.sra.ebi.ac.uk:/vol1/fastq/SRR216/023/SRR21661723/SRR21661723_1.fastq.gz;fasp.sra.ebi.ac.uk:/vol1/fastq/SRR216/023/SRR21661723/SRR21661723_2.fastq.gz"
"SRX17661497","./fastq/SRX17661497_SRR21661722_1.fastq.gz","./fastq/SRX17661497_SRR21661722_2.fastq.gz","SAMN30952818","SRR21661722","SRX17661497","SAMN30952818","SRS15193622","PRJNA882848","SRP398487","PRJNA882836;PRJNA884467","SRA1502963","GSM6595848_r1","GSM6595848_r1","GSM6595848","GSE213885","PAIRED","cDNA","TRANSCRIPTOMIC","RNA-Seq","GSM6595848","Illumina NovaSeq 6000","ILLUMINA","17264231962","57166331","141969","Oscheius tipulae","Post-dauer mature adult, whole worm, biol rep 1","Illumina NovaSeq 6000 sequencing; GSM6595848: Post-dauer mature adult, whole worm, biol rep 1; Oscheius tipulae; RNA-Seq","The Nematode Oscheius tipulae as A Genetic Model for Programmed DNA Elimination [RNA-seq]","Illumina NovaSeq 6000 sequencing; GSM6595848: Post-dauer mature adult, whole worm, biol rep 1; Oscheius tipulae; RNA-Seq","Post-dauer mature adult, whole worm, biol rep 1","78090ec8dd66002067df684d8c4ec2d8;9ba15c066563473fd5c31e47287fbcfb","2881000593;2937914312","ftp.sra.ebi.ac.uk/vol1/fastq/SRR216/022/SRR21661722/SRR21661722_1.fastq.gz;ftp.sra.ebi.ac.uk/vol1/fastq/SRR216/022/SRR21661722/SRR21661722_2.fastq.gz","ftp.sra.ebi.ac.uk/vol1/fastq/SRR216/022/SRR21661722/SRR21661722_1.fastq.gz;ftp.sra.ebi.ac.uk/vol1/fastq/SRR216/022/SRR21661722/SRR21661722_2.fastq.gz","fasp.sra.ebi.ac.uk:/vol1/fastq/SRR216/022/SRR21661722/SRR21661722_1.fastq.gz;fasp.sra.ebi.ac.uk:/vol1/fastq/SRR216/022/SRR21661722/SRR21661722_2.fastq.gz"
"SRX17661498","./fastq/SRX17661498_SRR21661721_1.fastq.gz","./fastq/SRX17661498_SRR21661721_2.fastq.gz","SAMN30952817","SRR21661721","SRX17661498","SAMN30952817","SRS15193624","PRJNA882848","SRP398487","PRJNA882836;PRJNA884467","SRA1502963","GSM6595849_r1","GSM6595849_r1","GSM6595849","GSE213885","PAIRED","cDNA","TRANSCRIPTOMIC","RNA-Seq","GSM6595849","Illumina NovaSeq 6000","ILLUMINA","1930048176","6390888","141969","Oscheius tipulae","Post-dauer mature adult, whole worm, biol rep 2","Illumina NovaSeq 6000 sequencing; GSM6595849: Post-dauer mature adult, whole worm, biol rep 2; Oscheius tipulae; RNA-Seq","The Nematode Oscheius tipulae as A Genetic Model for Programmed DNA Elimination [RNA-seq]","Illumina NovaSeq 6000 sequencing; GSM6595849: Post-dauer mature adult, whole worm, biol rep 2; Oscheius tipulae; RNA-Seq","Post-dauer mature adult, whole worm, biol rep 2","2d2e9aed82b509adddc6b5ce6b709d50;a6bbacded16f5ef4fd9840b904b6ebe3","412756520;412244893","ftp.sra.ebi.ac.uk/vol1/fastq/SRR216/021/SRR21661721/SRR21661721_1.fastq.gz;ftp.sra.ebi.ac.uk/vol1/fastq/SRR216/021/SRR21661721/SRR21661721_2.fastq.gz","ftp.sra.ebi.ac.uk/vol1/fastq/SRR216/021/SRR21661721/SRR21661721_1.fastq.gz;ftp.sra.ebi.ac.uk/vol1/fastq/SRR216/021/SRR21661721/SRR21661721_2.fastq.gz","fasp.sra.ebi.ac.uk:/vol1/fastq/SRR216/021/SRR21661721/SRR21661721_1.fastq.gz;fasp.sra.ebi.ac.uk:/vol1/fastq/SRR216/021/SRR21661721/SRR21661721_2.fastq.gz"
"SRX17661499","./fastq/SRX17661499_SRR21661720_1.fastq.gz","./fastq/SRX17661499_SRR21661720_2.fastq.gz","SAMN30952816","SRR21661720","SRX17661499","SAMN30952816","SRS15193623","PRJNA882848","SRP398487","PRJNA882836;PRJNA884467","SRA1502963","GSM6595850_r1","GSM6595850_r1","GSM6595850","GSE213885","PAIRED","cDNA","TRANSCRIPTOMIC","RNA-Seq","GSM6595850","Illumina NovaSeq 6000","ILLUMINA","1795005554","5943727","141969","Oscheius tipulae","Mixed embryos, embryo, biol rep 1","Illumina NovaSeq 6000 sequencing; GSM6595850: Mixed embryos, embryo, biol rep 1; Oscheius tipulae; RNA-Seq","The Nematode Oscheius tipulae as A Genetic Model for Programmed DNA Elimination [RNA-seq]","Illumina NovaSeq 6000 sequencing; GSM6595850: Mixed embryos, embryo, biol rep 1; Oscheius tipulae; RNA-Seq","Mixed embryos, embryo, biol rep 1","2767c8d5f14694b5b7d0cff1b13f4fd4;90558b658553eec62c8be73a9f769d4c","338448452;315734939","ftp.sra.ebi.ac.uk/vol1/fastq/SRR216/020/SRR21661720/SRR21661720_1.fastq.gz;ftp.sra.ebi.ac.uk/vol1/fastq/SRR216/020/SRR21661720/SRR21661720_2.fastq.gz","ftp.sra.ebi.ac.uk/vol1/fastq/SRR216/020/SRR21661720/SRR21661720_1.fastq.gz;ftp.sra.ebi.ac.uk/vol1/fastq/SRR216/020/SRR21661720/SRR21661720_2.fastq.gz","fasp.sra.ebi.ac.uk:/vol1/fastq/SRR216/020/SRR21661720/SRR21661720_1.fastq.gz;fasp.sra.ebi.ac.uk:/vol1/fastq/SRR216/020/SRR21661720/SRR21661720_2.fastq.gz"
"SRX17661500","./fastq/SRX17661500_SRR21661719_1.fastq.gz","./fastq/SRX17661500_SRR21661719_2.fastq.gz","SAMN30952815","SRR21661719","SRX17661500","SAMN30952815","SRS15193625","PRJNA882848","SRP398487","PRJNA882836;PRJNA884467","SRA1502963","GSM6595851_r1","GSM6595851_r1","GSM6595851","GSE213885","PAIRED","cDNA","TRANSCRIPTOMIC","RNA-Seq","GSM6595851","Illumina NovaSeq 6000","ILLUMINA","3254652792","10776996","141969","Oscheius tipulae","Mixed worms, whole worm, biol rep 1","Illumina NovaSeq 6000 sequencing; GSM6595851: Mixed worms, whole worm, biol rep 1; Oscheius tipulae; RNA-Seq","The Nematode Oscheius tipulae as A Genetic Model for Programmed DNA Elimination [RNA-seq]","Illumina NovaSeq 6000 sequencing; GSM6595851: Mixed worms, whole worm, biol rep 1; Oscheius tipulae; RNA-Seq","Mixed worms, whole worm, biol rep 1","d4920da23641d10c6f085aebae2ebbff;c166c01894af84b8ba1dd1d257142224","647681070;620051977","ftp.sra.ebi.ac.uk/vol1/fastq/SRR216/019/SRR21661719/SRR21661719_1.fastq.gz;ftp.sra.ebi.ac.uk/vol1/fastq/SRR216/019/SRR21661719/SRR21661719_2.fastq.gz","ftp.sra.ebi.ac.uk/vol1/fastq/SRR216/019/SRR21661719/SRR21661719_1.fastq.gz;ftp.sra.ebi.ac.uk/vol1/fastq/SRR216/019/SRR21661719/SRR21661719_2.fastq.gz","fasp.sra.ebi.ac.uk:/vol1/fastq/SRR216/019/SRR21661719/SRR21661719_1.fastq.gz;fasp.sra.ebi.ac.uk:/vol1/fastq/SRR216/019/SRR21661719/SRR21661719_2.fastq.gz"
"SRX17661501","./fastq/SRX17661501_SRR21661718_1.fastq.gz","./fastq/SRX17661501_SRR21661718_2.fastq.gz","SAMN30952814","SRR21661718","SRX17661501","SAMN30952814","SRS15193626","PRJNA882848","SRP398487","PRJNA882836;PRJNA884467","SRA1502963","GSM6595852_r1","GSM6595852_r1","GSM6595852","GSE213885","PAIRED","cDNA","TRANSCRIPTOMIC","RNA-Seq","GSM6595852","Illumina NovaSeq 6000","ILLUMINA","3908971428","12943614","141969","Oscheius tipulae","Mixed worms, whole worm, biol rep 2","Illumina NovaSeq 6000 sequencing; GSM6595852: Mixed worms, whole worm, biol rep 2; Oscheius tipulae; RNA-Seq","The Nematode Oscheius tipulae as A Genetic Model for Programmed DNA Elimination [RNA-seq]","Illumina NovaSeq 6000 sequencing; GSM6595852: Mixed worms, whole worm, biol rep 2; Oscheius tipulae; RNA-Seq","Mixed worms, whole worm, biol rep 2","b4962d73bf8fa7fd6414f3179cc31fb7;0c4e0c9510d4626faebf35407a03d97a","758159398;750964170","ftp.sra.ebi.ac.uk/vol1/fastq/SRR216/018/SRR21661718/SRR21661718_1.fastq.gz;ftp.sra.ebi.ac.uk/vol1/fastq/SRR216/018/SRR21661718/SRR21661718_2.fastq.gz","ftp.sra.ebi.ac.uk/vol1/fastq/SRR216/018/SRR21661718/SRR21661718_1.fastq.gz;ftp.sra.ebi.ac.uk/vol1/fastq/SRR216/018/SRR21661718/SRR21661718_2.fastq.gz","fasp.sra.ebi.ac.uk:/vol1/fastq/SRR216/018/SRR21661718/SRR21661718_1.fastq.gz;fasp.sra.ebi.ac.uk:/vol1/fastq/SRR216/018/SRR21661718/SRR21661718_2.fastq.gz"
"SRX17661502","./fastq/SRX17661502_SRR21661717_1.fastq.gz","./fastq/SRX17661502_SRR21661717_2.fastq.gz","SAMN30952836","SRR21661717","SRX17661502","SAMN30952836","SRS15193627","PRJNA882848","SRP398487","PRJNA882836;PRJNA884467","SRA1502963","GSM6595830_r1","GSM6595830_r1","GSM6595830","GSE213885","PAIRED","cDNA","TRANSCRIPTOMIC","RNA-Seq","GSM6595830","Illumina NovaSeq 6000","ILLUMINA","28901410570","95700035","141969","Oscheius tipulae","L3 Larvae, whole worm, biol rep 2","Illumina NovaSeq 6000 sequencing; GSM6595830: L3 Larvae, whole worm, biol rep 2; Oscheius tipulae; RNA-Seq","The Nematode Oscheius tipulae as A Genetic Model for Programmed DNA Elimination [RNA-seq]","Illumina NovaSeq 6000 sequencing; GSM6595830: L3 Larvae, whole worm, biol rep 2; Oscheius tipulae; RNA-Seq","L3 Larvae, whole worm, biol rep 2","46f54fd7128ae1565f17de72f830fdce;041db22964a0539734681b27ccd47c77","4830993086;4719783344","ftp.sra.ebi.ac.uk/vol1/fastq/SRR216/017/SRR21661717/SRR21661717_1.fastq.gz;ftp.sra.ebi.ac.uk/vol1/fastq/SRR216/017/SRR21661717/SRR21661717_2.fastq.gz","ftp.sra.ebi.ac.uk/vol1/fastq/SRR216/017/SRR21661717/SRR21661717_1.fastq.gz;ftp.sra.ebi.ac.uk/vol1/fastq/SRR216/017/SRR21661717/SRR21661717_2.fastq.gz","fasp.sra.ebi.ac.uk:/vol1/fastq/SRR216/017/SRR21661717/SRR21661717_1.fastq.gz;fasp.sra.ebi.ac.uk:/vol1/fastq/SRR216/017/SRR21661717/SRR21661717_2.fastq.gz"
"SRX17661503","./fastq/SRX17661503_SRR21661716_1.fastq.gz","./fastq/SRX17661503_SRR21661716_2.fastq.gz","SAMN30952835","SRR21661716","SRX17661503","SAMN30952835","SRS15193628","PRJNA882848","SRP398487","PRJNA882836;PRJNA884467","SRA1502963","GSM6595831_r1","GSM6595831_r1","GSM6595831","GSE213885","PAIRED","cDNA","TRANSCRIPTOMIC","RNA-Seq","GSM6595831","Illumina NovaSeq 6000","ILLUMINA","3013702092","9979146","141969","Oscheius tipulae","L3 Larvae, whole worm, biol rep 3","Illumina NovaSeq 6000 sequencing; GSM6595831: L3 Larvae, whole worm, biol rep 3; Oscheius tipulae; RNA-Seq","The Nematode Oscheius tipulae as A Genetic Model for Programmed DNA Elimination [RNA-seq]","Illumina NovaSeq 6000 sequencing; GSM6595831: L3 Larvae, whole worm, biol rep 3; Oscheius tipulae; RNA-Seq","L3 Larvae, whole worm, biol rep 3","1a838f19e80ce3e28b0a7969b4773b54;4ba4de6ee69b774c94888339f4257b47","632742693;631681864","ftp.sra.ebi.ac.uk/vol1/fastq/SRR216/016/SRR21661716/SRR21661716_1.fastq.gz;ftp.sra.ebi.ac.uk/vol1/fastq/SRR216/016/SRR21661716/SRR21661716_2.fastq.gz","ftp.sra.ebi.ac.uk/vol1/fastq/SRR216/016/SRR21661716/SRR21661716_1.fastq.gz;ftp.sra.ebi.ac.uk/vol1/fastq/SRR216/016/SRR21661716/SRR21661716_2.fastq.gz","fasp.sra.ebi.ac.uk:/vol1/fastq/SRR216/016/SRR21661716/SRR21661716_1.fastq.gz;fasp.sra.ebi.ac.uk:/vol1/fastq/SRR216/016/SRR21661716/SRR21661716_2.fastq.gz"
"SRX17661504","./fastq/SRX17661504_SRR21661715_1.fastq.gz","./fastq/SRX17661504_SRR21661715_2.fastq.gz","SAMN30952834","SRR21661715","SRX17661504","SAMN30952834","SRS15193629","PRJNA882848","SRP398487","PRJNA882836;PRJNA884467","SRA1502963","GSM6595832_r1","GSM6595832_r1","GSM6595832","GSE213885","PAIRED","cDNA","TRANSCRIPTOMIC","RNA-Seq","GSM6595832","Illumina NovaSeq 6000","ILLUMINA","15549920204","51489802","141969","Oscheius tipulae","L4 Larvae, whole worm, biol rep 2","Illumina NovaSeq 6000 sequencing; GSM6595832: L4 Larvae, whole worm, biol rep 2; Oscheius tipulae; RNA-Seq","The Nematode Oscheius tipulae as A Genetic Model for Programmed DNA Elimination [RNA-seq]","Illumina NovaSeq 6000 sequencing; GSM6595832: L4 Larvae, whole worm, biol rep 2; Oscheius tipulae; RNA-Seq","L4 Larvae, whole worm, biol rep 2","ae1e6b3e6e89c5ce45dd4f84b9599425;c006068b9e3eed5f2a90e2021e73ac35","3258287359;3351165636","ftp.sra.ebi.ac.uk/vol1/fastq/SRR216/015/SRR21661715/SRR21661715_1.fastq.gz;ftp.sra.ebi.ac.uk/vol1/fastq/SRR216/015/SRR21661715/SRR21661715_2.fastq.gz","ftp.sra.ebi.ac.uk/vol1/fastq/SRR216/015/SRR21661715/SRR21661715_1.fastq.gz;ftp.sra.ebi.ac.uk/vol1/fastq/SRR216/015/SRR21661715/SRR21661715_2.fastq.gz","fasp.sra.ebi.ac.uk:/vol1/fastq/SRR216/015/SRR21661715/SRR21661715_1.fastq.gz;fasp.sra.ebi.ac.uk:/vol1/fastq/SRR216/015/SRR21661715/SRR21661715_2.fastq.gz"
"SRX17661505","./fastq/SRX17661505_SRR21661714_1.fastq.gz","./fastq/SRX17661505_SRR21661714_2.fastq.gz","SAMN30952833","SRR21661714","SRX17661505","SAMN30952833","SRS15193630","PRJNA882848","SRP398487","PRJNA882836;PRJNA884467","SRA1502963","GSM6595833_r1","GSM6595833_r1","GSM6595833","GSE213885","PAIRED","cDNA","TRANSCRIPTOMIC","RNA-Seq","GSM6595833","Illumina NovaSeq 6000","ILLUMINA","2954451202","9782951","141969","Oscheius tipulae","L4 Larvae, whole worm, biol rep 3","Illumina NovaSeq 6000 sequencing; GSM6595833: L4 Larvae, whole worm, biol rep 3; Oscheius tipulae; RNA-Seq","The Nematode Oscheius tipulae as A Genetic Model for Programmed DNA Elimination [RNA-seq]","Illumina NovaSeq 6000 sequencing; GSM6595833: L4 Larvae, whole worm, biol rep 3; Oscheius tipulae; RNA-Seq","L4 Larvae, whole worm, biol rep 3","938e15bafe1530d17ed70d97293bdc6d;b9fe26050934a1f976387f6968c1ebcd","603898981;587517477","ftp.sra.ebi.ac.uk/vol1/fastq/SRR216/014/SRR21661714/SRR21661714_1.fastq.gz;ftp.sra.ebi.ac.uk/vol1/fastq/SRR216/014/SRR21661714/SRR21661714_2.fastq.gz","ftp.sra.ebi.ac.uk/vol1/fastq/SRR216/014/SRR21661714/SRR21661714_1.fastq.gz;ftp.sra.ebi.ac.uk/vol1/fastq/SRR216/014/SRR21661714/SRR21661714_2.fastq.gz","fasp.sra.ebi.ac.uk:/vol1/fastq/SRR216/014/SRR21661714/SRR21661714_1.fastq.gz;fasp.sra.ebi.ac.uk:/vol1/fastq/SRR216/014/SRR21661714/SRR21661714_2.fastq.gz"
"SRX17661506","./fastq/SRX17661506_SRR21661713_1.fastq.gz","./fastq/SRX17661506_SRR21661713_2.fastq.gz","SAMN30952832","SRR21661713","SRX17661506","SAMN30952832","SRS15193631","PRJNA882848","SRP398487","PRJNA882836;PRJNA884467","SRA1502963","GSM6595834_r1","GSM6595834_r1","GSM6595834","GSE213885","PAIRED","cDNA","TRANSCRIPTOMIC","RNA-Seq","GSM6595834","Illumina NovaSeq 6000","ILLUMINA","6392644796","21167698","141969","Oscheius tipulae","Young Adult, whole worm, biol rep 1","Illumina NovaSeq 6000 sequencing; GSM6595834: Young Adult, whole worm, biol rep 1; Oscheius tipulae; RNA-Seq","The Nematode Oscheius tipulae as A Genetic Model for Programmed DNA Elimination [RNA-seq]","Illumina NovaSeq 6000 sequencing; GSM6595834: Young Adult, whole worm, biol rep 1; Oscheius tipulae; RNA-Seq","Young Adult, whole worm, biol rep 1","10388f5c4046cce5c4feb94593bae003;55ccb15186d8bbaaf8c3a3302d3ca0b3","1288357059;1259037175","ftp.sra.ebi.ac.uk/vol1/fastq/SRR216/013/SRR21661713/SRR21661713_1.fastq.gz;ftp.sra.ebi.ac.uk/vol1/fastq/SRR216/013/SRR21661713/SRR21661713_2.fastq.gz","ftp.sra.ebi.ac.uk/vol1/fastq/SRR216/013/SRR21661713/SRR21661713_1.fastq.gz;ftp.sra.ebi.ac.uk/vol1/fastq/SRR216/013/SRR21661713/SRR21661713_2.fastq.gz","fasp.sra.ebi.ac.uk:/vol1/fastq/SRR216/013/SRR21661713/SRR21661713_1.fastq.gz;fasp.sra.ebi.ac.uk:/vol1/fastq/SRR216/013/SRR21661713/SRR21661713_2.fastq.gz"
"SRX17661507","./fastq/SRX17661507_SRR21661712_1.fastq.gz","./fastq/SRX17661507_SRR21661712_2.fastq.gz","SAMN30952831","SRR21661712","SRX17661507","SAMN30952831","SRS15193632","PRJNA882848","SRP398487","PRJNA882836;PRJNA884467","SRA1502963","GSM6595835_r1","GSM6595835_r1","GSM6595835","GSE213885","PAIRED","cDNA","TRANSCRIPTOMIC","RNA-Seq","GSM6595835","Illumina NovaSeq 6000","ILLUMINA","2886340236","9557418","141969","Oscheius tipulae","Young Adult, whole worm, biol rep 2","Illumina NovaSeq 6000 sequencing; GSM6595835: Young Adult, whole worm, biol rep 2; Oscheius tipulae; RNA-Seq","The Nematode Oscheius tipulae as A Genetic Model for Programmed DNA Elimination [RNA-seq]","Illumina NovaSeq 6000 sequencing; GSM6595835: Young Adult, whole worm, biol rep 2; Oscheius tipulae; RNA-Seq","Young Adult, whole worm, biol rep 2","957485335352471451a297c8954c6895;5ea9ad91296aa5ecc8a37a6be68addbd","609273275;608837276","ftp.sra.ebi.ac.uk/vol1/fastq/SRR216/012/SRR21661712/SRR21661712_1.fastq.gz;ftp.sra.ebi.ac.uk/vol1/fastq/SRR216/012/SRR21661712/SRR21661712_2.fastq.gz","ftp.sra.ebi.ac.uk/vol1/fastq/SRR216/012/SRR21661712/SRR21661712_1.fastq.gz;ftp.sra.ebi.ac.uk/vol1/fastq/SRR216/012/SRR21661712/SRR21661712_2.fastq.gz","fasp.sra.ebi.ac.uk:/vol1/fastq/SRR216/012/SRR21661712/SRR21661712_1.fastq.gz;fasp.sra.ebi.ac.uk:/vol1/fastq/SRR216/012/SRR21661712/SRR21661712_2.fastq.gz"
"SRX17661508","./fastq/SRX17661508_SRR21661711_1.fastq.gz","./fastq/SRX17661508_SRR21661711_2.fastq.gz","SAMN30952830","SRR21661711","SRX17661508","SAMN30952830","SRS15193633","PRJNA882848","SRP398487","PRJNA882836;PRJNA884467","SRA1502963","GSM6595836_r1","GSM6595836_r1","GSM6595836","GSE213885","PAIRED","cDNA","TRANSCRIPTOMIC","RNA-Seq","GSM6595836","Illumina NovaSeq 6000","ILLUMINA","4834453146","16008123","141969","Oscheius tipulae","Mature Adult, whole worm, biol rep 1","Illumina NovaSeq 6000 sequencing; GSM6595836: Mature Adult, whole worm, biol rep 1; Oscheius tipulae; RNA-Seq","The Nematode Oscheius tipulae as A Genetic Model for Programmed DNA Elimination [RNA-seq]","Illumina NovaSeq 6000 sequencing; GSM6595836: Mature Adult, whole worm, biol rep 1; Oscheius tipulae; RNA-Seq","Mature Adult, whole worm, biol rep 1","ac2a67ac339f6083895a8a9f50b41e78;c32dba713fcd98d7a63a1166a180ac59","1002733796;980122511","ftp.sra.ebi.ac.uk/vol1/fastq/SRR216/011/SRR21661711/SRR21661711_1.fastq.gz;ftp.sra.ebi.ac.uk/vol1/fastq/SRR216/011/SRR21661711/SRR21661711_2.fastq.gz","ftp.sra.ebi.ac.uk/vol1/fastq/SRR216/011/SRR21661711/SRR21661711_1.fastq.gz;ftp.sra.ebi.ac.uk/vol1/fastq/SRR216/011/SRR21661711/SRR21661711_2.fastq.gz","fasp.sra.ebi.ac.uk:/vol1/fastq/SRR216/011/SRR21661711/SRR21661711_1.fastq.gz;fasp.sra.ebi.ac.uk:/vol1/fastq/SRR216/011/SRR21661711/SRR21661711_2.fastq.gz"
"SRX17661509","./fastq/SRX17661509_SRR21661710_1.fastq.gz","./fastq/SRX17661509_SRR21661710_2.fastq.gz","SAMN30952829","SRR21661710","SRX17661509","SAMN30952829","SRS15193634","PRJNA882848","SRP398487","PRJNA882836;PRJNA884467","SRA1502963","GSM6595837_r1","GSM6595837_r1","GSM6595837","GSE213885","PAIRED","cDNA","TRANSCRIPTOMIC","RNA-Seq","GSM6595837","Illumina NovaSeq 6000","ILLUMINA","2434644574","8061737","141969","Oscheius tipulae","Mature Adult, whole worm, biol rep 2","Illumina NovaSeq 6000 sequencing; GSM6595837: Mature Adult, whole worm, biol rep 2; Oscheius tipulae; RNA-Seq","The Nematode Oscheius tipulae as A Genetic Model for Programmed DNA Elimination [RNA-seq]","Illumina NovaSeq 6000 sequencing; GSM6595837: Mature Adult, whole worm, biol rep 2; Oscheius tipulae; RNA-Seq","Mature Adult, whole worm, biol rep 2","ee4ec073b6aa28a850834497c6b26399;827d49bb9b8563a28f58be69a3ad3a2f","505114443;510316502","ftp.sra.ebi.ac.uk/vol1/fastq/SRR216/010/SRR21661710/SRR21661710_1.fastq.gz;ftp.sra.ebi.ac.uk/vol1/fastq/SRR216/010/SRR21661710/SRR21661710_2.fastq.gz","ftp.sra.ebi.ac.uk/vol1/fastq/SRR216/010/SRR21661710/SRR21661710_1.fastq.gz;ftp.sra.ebi.ac.uk/vol1/fastq/SRR216/010/SRR21661710/SRR21661710_2.fastq.gz","fasp.sra.ebi.ac.uk:/vol1/fastq/SRR216/010/SRR21661710/SRR21661710_1.fastq.gz;fasp.sra.ebi.ac.uk:/vol1/fastq/SRR216/010/SRR21661710/SRR21661710_2.fastq.gz"
"SRX3196051","./fastq/SRX3196051_SRR6049111.fastq.gz","","SAMN07645933","SRR6049111","SRX3196051","SAMN07645933","SRS2523271","PRJNA407298","SRP117954","","SRA609062","Oscheius_tipulae_direct.fastq.gz","11_Oscheius_tipulae_direct","Oscheius tipulae","PRJNA407298","SINGLE","size fractionation","TRANSCRIPTOMIC","RNA-Seq","11_Oscheius_tipulae_direct","Illumina HiSeq 2500","ILLUMINA","182297600","3645952","141969","Oscheius tipulae","This sample has been submitted by pda|antonibltrn@gmail.com on 2019-01-30; Oscheius tipulae","Illumina HiSeq 2500 sequencing; Oscheius tipulae small RNA direct","Evolution of piRNAs in nematodes","Illumina HiSeq 2500 sequencing; Oscheius tipulae small RNA direct","parthenogenetic nematode","31e2610d9f6e94edc5b52c7a86f23ceb","75668770","ftp.sra.ebi.ac.uk/vol1/fastq/SRR604/001/SRR6049111/SRR6049111.fastq.gz","ftp.sra.ebi.ac.uk/vol1/fastq/SRR604/001/SRR6049111/SRR6049111.fastq.gz","fasp.sra.ebi.ac.uk:/vol1/fastq/SRR604/001/SRR6049111/SRR6049111.fastq.gz"
"SRX3196052","./fastq/SRX3196052_SRR6049110.fastq.gz","","SAMN07645933","SRR6049110","SRX3196052","SAMN07645933","SRS2523271","PRJNA407298","SRP117954","","SRA609062","Oscheius_tipulae_Rpph.fastq.gz","12_Oscheius_tipulae_Rpph","Oscheius tipulae","PRJNA407298","SINGLE","size fractionation","TRANSCRIPTOMIC","RNA-Seq","12_Oscheius_tipulae_Rpph","Illumina HiSeq 2500","ILLUMINA","3273871750","65477435","141969","Oscheius tipulae","This sample has been submitted by pda|antonibltrn@gmail.com on 2019-01-30; Oscheius tipulae","Illumina HiSeq 2500 sequencing; Oscheius tipulae small RNA Rpph","Evolution of piRNAs in nematodes","Illumina HiSeq 2500 sequencing; Oscheius tipulae small RNA Rpph","parthenogenetic nematode","9e81a62c4701de595ca7700d5bfb13c6","1352824962","ftp.sra.ebi.ac.uk/vol1/fastq/SRR604/000/SRR6049110/SRR6049110.fastq.gz","ftp.sra.ebi.ac.uk/vol1/fastq/SRR604/000/SRR6049110/SRR6049110.fastq.gz","fasp.sra.ebi.ac.uk:/vol1/fastq/SRR604/000/SRR6049110/SRR6049110.fastq.gz"
