ptg000035l	I	1	L	60	-325	145
ptg000019l	I	2982874	R	60	0	149
ptg000012l	I	3019287	L	60	1	142
ptg000007l	I	9747643	R	60	0	126
ptg000032l	II	6942	R	60	2205	3
ptg000032l	II	1485	L	60	2	135
ptg000024l	II	20402	L	60	0	123
ptg000015l	II	7323673	R	60	-1	153
ptg000034l	II	7392426	L	60	1	149
ptg000020l	II	9074734	L	60	3	128
ptg000004l	II	10222753	R	60	0	189
ptg000018l	III	5335	L	60	6	117
ptg000033l	III	5644107	R	60	-6	132
ptg000005l	III	5644109	L	60	1	142
ptg000002l	III	9498668	R	60	0	150
ptg000036l	III	9521662	R	60	4423	50
ptg000036l	III	9510287	L	60	-9	20
ptg000029l	III	9521662	R	60	4592	210
ptg000037l	III	9521662	R	60	4435	171
ptg000016l	IV	5067	L	60	6	156
ptg000011l	IV	2573831	R	60	354	147
ptg000003l	IV	2621654	L	60	1	117
ptg000030l	IV	6701995	R	60	-1	148
ptg000010l	IV	6701996	L	60	1	158
ptg000017l	IV	9677810	R	60	-5	39
ptg000021l	V	15478	L	60	-3809	183
ptg000026l	V	89533	L	60	6	164
ptg000031l	V	4685181	R	60	0	167
ptg000023l	V	4685570	L	60	6	158
ptg000025l	V	10859129	R	60	0	144
ptg000028l	X	3078	L	60	0	160
ptg000001l	X	1325005	R	60	-6	154
ptg000009l	X	6339633	R	60	-4	174
ptg000006l	X	6341932	L	60	1	154
ptg000008l	X	7669427	R	60	0	140
ptg000014l	X	7673380	L	60	-480	133
ptg000022l	X	9264411	R	60	-2	159
ptg000013l	X	9264669	L	60	0	116
ptg000027l	X	12145074	R	60	0	136
