assembly	chr	start	end	aa_len	transcript_id	interpro_ids	interpro_info	celeg_symbol	celeg_id	celeg_Description	celeg_aa_len	qcovs	pident	evalue	bitscore	celeg_chr
nxOscDolc1.1	I	239317	243025	467	1_t	IPR001666, IPR027856, IPR023393, NA	Phosphatidylinositol transfer protein, Protein of unknown function DUF4573, START-like domain superfamily, NA	Y71G12B.17	Y71G12B.17	Predicted to enable phospholipid binding activity and phospholipid transporter activity. Predicted to be involved in intermembrane lipid transfer and phospholipid transport. Predicted to be located in cytoplasm. Is an ortholog of human PITPNA (phosphatidylinositol transfer protein alpha) and PITPNB (phosphatidylinositol transfer protein beta).	272	57	59.925	3.16e-115	339	I
nxOscDolc1.1	I	4120080	4120466	103	1042_t	NA	NA	NA	NA	NA	NA	NA	NA	NA	NA	NA
nxOscDolc1.1	I	4123191	4123571	105	1043_t	NA	NA	NA	NA	NA	NA	NA	NA	NA	NA	NA
nxOscDolc1.1	I	4123904	4125108	216	1044_t	NA	NA	NA	NA	NA	NA	NA	NA	NA	NA	NA
nxOscDolc1.1	I	4127736	4128299	187	1045_t	NA	NA	NA	NA	NA	NA	NA	NA	NA	NA	NA
nxOscDolc1.1	I	4129338	4131410	555	1046_t	IPR036691, IPR000477, NA	Endonuclease/exonuclease/phosphatase superfamily, Reverse transcriptase domain, NA	NA	NA	NA	NA	NA	NA	NA	NA	NA
nxOscDolc1.1	I	4131440	4133360	123	1047_t	NA	NA	NA	NA	NA	NA	NA	NA	NA	NA	NA
nxOscDolc1.1	I	4134166	4135439	306	1048_t	NA	NA	NA	NA	NA	NA	NA	NA	NA	NA	NA
nxOscDolc1.1	I	11142096	11142647	129	3087_t	NA	NA	NA	NA	NA	NA	NA	NA	NA	NA	NA
nxOscDolc1.1	I	11143919	11146194	534	3088_t	IPR003107, IPR011990, NA	HAT (Half-A-TPR) repeat, Tetratricopeptide-like helical domain superfamily, NA	prp-6	Y59A8B.6	Predicted to be involved in spliceosomal tri-snRNP complex assembly. Predicted to be located in nucleus. Predicted to be part of U4/U6 x U5 tri-snRNP complex and catalytic step 2 spliceosome. Human ortholog(s) of this gene implicated in retinitis pigmentosa 60. Is an ortholog of human PRPF6 (pre-mRNA processing factor 6).	968	98	52.492	0	596	V
nxOscDolc1.1	I	11146694	11151605	580	3089_t	NA	NA	NA	NA	NA	NA	NA	NA	NA	NA	NA
nxOscDolc1.1	II	6413363	6414391	199	4775_t	IPR013783, NA	Immunoglobulin-like fold, NA	ssp-31	ZK1225.6	Enriched in AFD; amphid sheath cell; intestine; sperm; and in male based on RNA-seq and microarray studies. Is affected by several genes including daf-2; age-1; and dpy-10 based on microarray; tiling array; RNA-seq; and proteomic studies. Is affected by fifteen chemicals including methylmercuric chloride; rotenone; and manganese chloride based on microarray and RNA-seq studies. Is predicted to encode a protein with the following domains: MSP (Major sperm protein) domain; Major sperm protein (MSP) domain; PapD-like superfamily; and Immunoglobulin-like fold.	107	25	52	2.42e-12	60.8	I
nxOscDolc1.1	II	6415546	6419279	740	4776_t	IPR000719, IPR011009, NA	Protein kinase domain, Protein kinase-like domain superfamily, NA	C39H7.1	C39H7.1	Predicted to enable protein serine/threonine kinase activity. Predicted to be involved in peptidyl-serine phosphorylation and signal transduction. Predicted to be located in cytoplasm and nucleus. Human ortholog(s) of this gene implicated in spinocerebellar ataxia type 11. Is an ortholog of human TTBK1 (tau tubulin kinase 1) and TTBK2 (tau tubulin kinase 2).	308	27	36.364	3.29e-41	153	IV
nxOscDolc1.1	II	6420236	6426333	1351	4777_t	IPR003392, IPR000731, NA	Protein patched/dispatched, Sterol-sensing domain, NA	ptc-1	ZK675.1a	ptc-1 encodes an ortholog of Drosophila PATCHED (PTC) and human PTCH which defines one of seven paralogous families of sterol sensing domain (SSD) proteins; PTC-1 is required for cytokinesis in the germline, but not in somatic cells (the converse of PTR-2's function, and a role conserved in C. briggsae); PTC-1 is also required to isolate meiotic germline nuclei from one another so that their nuclear divisions are asynchronous; PTC-1 is (very weakly) required for normal molting; PTC-1 protein is found in the membranes of all germline cells except sperm; ptc-1 transcripts are present in germline, very early (2- and 4-cell) embryos, and in the germline precursor P4; ptc-1 null mutants have normal somatic tissues, but are sterile with multinucleate oocytes; murine PTCH is found in midbodies by mass tandem spectroscopy, indicating that PTC-1's function in cytokinesis may be conserved among metazoa; since PTC-1 has an SSD, PTC-1's core function may be to transport proteins, lipids, or sterols.	1408	96	59.398	0	1649	II
nxOscDolc1.1	II	10487327	10494126	643	5816_t	NA	NA	F54H12.2	F54H12.2	Predicted to enable ribonucleoside-diphosphate reductase activity, thioredoxin disulfide as acceptor. Predicted to be involved in deoxyribonucleotide biosynthetic process. Predicted to be located in cytosol.	419	22	34.483	1.01e-16	82.8	III
nxOscDolc1.1	II	10494298	10494861	187	5817_t	NA	NA	F54H12.2	F54H12.2	Predicted to enable ribonucleoside-diphosphate reductase activity, thioredoxin disulfide as acceptor. Predicted to be involved in deoxyribonucleotide biosynthetic process. Predicted to be located in cytosol.	419	77	35.172	4.82e-19	83.6	III
nxOscDolc1.1	II	10495421	10496094	193	5818_t	NA	NA	Y57G11C.20	Y57G11C.20	Expressed in intestine.	649	74	37.063	1.75e-20	88.2	IV
nxOscDolc1.1	II_unloc_2	21418	22538	301	8862_t	NA	NA	NA	NA	NA	NA	NA	NA	NA	NA	NA
nxOscDolc1.1	II_unloc_2	22770	23775	272	8863_t	IPR038765, IPR003653, NA	Papain-like cysteine peptidase superfamily, Ulp1 protease family C-terminal catalytic domain, NA	NA	NA	NA	NA	NA	NA	NA	NA	NA
nxOscDolc1.1	II_unloc_2	29600	30336	199	8864_t	NA	NA	NA	NA	NA	NA	NA	NA	NA	NA	NA
nxOscDolc1.1	II_unloc_2	30551	34063	958	8865_t	NA	NA	NA	NA	NA	NA	NA	NA	NA	NA	NA
nxOscDolc1.1	II_unloc_2	34314	45861	3426	8866_t	IPR003593, IPR010285, IPR025476, IPR002589, IPR027417, NA	AAA+ ATPase domain, DNA helicase Pif1-like, Helitron helicase-like domain, Macro domain, P-loop containing nucleoside triphosphate hydrolase, NA	pif-1	Y18H1A.6c	pif-1 encodes a DNA-dependent ATPase and 5'-3' DNA helicase orthologous to Saccharomyces Pif1p and vertebrate PIF1; by homology, PIF-1 is predicted to function in maintenance of both mitochondrial and nuclear genome integrity; PIF-1 is also predicted to function as a negative regulator of telomerase activity that acts by displacing telomerase from the ends of DNA; loss of pif-1 activity via RNAi results in induction of the mitochondrial unfolded protein response.	571	11	32.484	1.77e-13	76.6	I
nxOscDolc1.1	II_unloc_2	46052	65095	5677	8867_t	IPR003593, IPR010285, IPR025476, IPR002589, IPR027417, IPR038765, IPR028889, NA	AAA+ ATPase domain, DNA helicase Pif1-like, Helitron helicase-like domain, Macro domain, P-loop containing nucleoside triphosphate hydrolase, Papain-like cysteine peptidase superfamily, Ubiquitin specific protease domain, NA	pif-1	Y18H1A.6c	pif-1 encodes a DNA-dependent ATPase and 5'-3' DNA helicase orthologous to Saccharomyces Pif1p and vertebrate PIF1; by homology, PIF-1 is predicted to function in maintenance of both mitochondrial and nuclear genome integrity; PIF-1 is also predicted to function as a negative regulator of telomerase activity that acts by displacing telomerase from the ends of DNA; loss of pif-1 activity via RNAi results in induction of the mitochondrial unfolded protein response.	571	13	32.484	2.87e-13	76.6	I
nxOscDolc1.1	II_unloc_2	65346	66395	316	8868_t	NA	NA	NA	NA	NA	NA	NA	NA	NA	NA	NA
nxOscDolc1.1	III	58646	63948	1170	5819_t	IPR025476, NA	Helitron helicase-like domain, NA	NA	NA	NA	NA	NA	NA	NA	NA	NA
nxOscDolc1.1	III	74012	75467	276	5820_t	NA	NA	Y53F4B.36	Y53F4B.36	Enriched in neurons; retrovesicular ganglion; and in male based on RNA-seq and microarray studies. Is affected by several genes including hsf-1; eat-2; and clk-1 based on microarray; tiling array; and RNA-seq studies. Is affected by four chemicals including D-glucose; antimycin; and paraquat based on RNA-seq and microarray studies.	297	54	20.773	1.04e-5	46.2	II
nxOscDolc1.1	III	75955	76773	231	5821_t	NA	NA	K08E4.3	K08E4.3b	Enriched in GABAergic neurons; excretory cell; germ line; muscle cell; and somatic gonad precursor based on tiling array; RNA-seq; and microarray studies. Is affected by several genes including daf-16; daf-2; and dpy-10 based on microarray; tiling array; and RNA-seq studies. Is affected by fourteen chemicals including hydrogen sulfide; rotenone; and stavudine based on microarray and RNA-seq studies.	283	92	25.229	8.49e-6	45.8	IV
nxOscDolc1.1	III	77014	78322	359	5822_t	IPR000990	Innexin	inx-6	C36H8.2	inx-6 encodes an innexin, an integral transmembrane channel protein that is a structural component of invertebrate gap junctions; INX-6 is required for formation of pharyngeal gap junctions and thus for the electrical coupling and synchronous muscle contractions necessary for normal feeding behavior and postembryonic development; INX-6 may function redundantly with EAT-5, another C. elegans innexin; INX-6 expression is first detected in embryonic pharyngeal precursors and during later larval and adult stages, in pharyngeal corpus muscles and isthmus marginal cells, where INX-6 localizes to plaque-like structures in the plasma membrane.	389	89	20.056	4.57e-5	45.1	IV
nxOscDolc1.1	III	78522	82639	997	5823_t	IPR018289, NA	MULE transposase domain, NA	NA	NA	NA	NA	NA	NA	NA	NA	NA
nxOscDolc1.1	III	83439	84327	153	5824_t	NA	NA	NA	NA	NA	NA	NA	NA	NA	NA	NA
nxOscDolc1.1	III	85687	89653	270	5825_t	IPR008962, NA	PapD-like superfamily, NA	ZK354.7	ZK354.7	Predicted to be located in cytoskeleton.	224	26	31.818	2.34e-8	53.5	IV
nxOscDolc1.1	III	4635671	4636434	116	7155_t	NA	NA	NA	NA	NA	NA	NA	NA	NA	NA	NA
nxOscDolc1.1	III	4636461	4636814	117	7156_t	NA	NA	NA	NA	NA	NA	NA	NA	NA	NA	NA
nxOscDolc1.1	III	4647649	4651181	365	7157_t	NA	NA	NA	NA	NA	NA	NA	NA	NA	NA	NA
nxOscDolc1.1	III	4652866	4654624	185	7158_t	NA	NA	NA	NA	NA	NA	NA	NA	NA	NA	NA
nxOscDolc1.1	III	4656726	4657101	104	7159_t	NA	NA	NA	NA	NA	NA	NA	NA	NA	NA	NA
nxOscDolc1.1	III	4657425	4658206	194	7160_t	IPR019002, NA	Ribosome biogenesis protein Nop16, NA	nol-16	ZK265.6	Predicted to be involved in ribosomal large subunit biogenesis. Located in nucleolus. Is an ortholog of human NOP16 (NOP16 nucleolar protein).	189	79	39.49	2.78e-29	107	I
nxOscDolc1.1	III	4658509	4659374	210	7161_t	IPR002589, NA	Macro domain, NA	B0035.3	B0035.3	Predicted to enable ADP-ribosylglutamate hydrolase activity. Predicted to be involved in cellular response to DNA damage stimulus; peptidyl-glutamate ADP-deribosylation; and purine nucleoside metabolic process. Predicted to be located in nucleoplasm. Is an ortholog of human MACROD1 (mono-ADP ribosylhydrolase 1).	203	94	59.898	2.03e-81	241	IV
nxOscDolc1.1	III	4660578	4661245	136	7162_t	NA	NA	NA	NA	NA	NA	NA	NA	NA	NA	NA
nxOscDolc1.1	III_unloc_1	1397	3859	499	8854_t	NA	NA	NA	NA	NA	NA	NA	NA	NA	NA	NA
nxOscDolc1.1	III_unloc_1	7042	17800	3165	8855_t	IPR010285, IPR025476, IPR002589, IPR027417, IPR038765, IPR028889, NA	DNA helicase Pif1-like, Helitron helicase-like domain, Macro domain, P-loop containing nucleoside triphosphate hydrolase, Papain-like cysteine peptidase superfamily, Ubiquitin specific protease domain, NA	pif-1	Y18H1A.6c	pif-1 encodes a DNA-dependent ATPase and 5'-3' DNA helicase orthologous to Saccharomyces Pif1p and vertebrate PIF1; by homology, PIF-1 is predicted to function in maintenance of both mitochondrial and nuclear genome integrity; PIF-1 is also predicted to function as a negative regulator of telomerase activity that acts by displacing telomerase from the ends of DNA; loss of pif-1 activity via RNAi results in induction of the mitochondrial unfolded protein response.	571	12	26.531	7.89e-12	71.2	I
nxOscDolc1.1	III_unloc_1	18034	19054	296	8856_t	NA	NA	NA	NA	NA	NA	NA	NA	NA	NA	NA
nxOscDolc1.1	III_unloc_1	19528	20083	156	8857_t	NA	NA	NA	NA	NA	NA	NA	NA	NA	NA	NA
nxOscDolc1.1	III_unloc_1	21635	23291	497	8858_t	IPR002589, NA	Macro domain, NA	B0035.3	B0035.3	Predicted to enable ADP-ribosylglutamate hydrolase activity. Predicted to be involved in cellular response to DNA damage stimulus; peptidyl-glutamate ADP-deribosylation; and purine nucleoside metabolic process. Predicted to be located in nucleoplasm. Is an ortholog of human MACROD1 (mono-ADP ribosylhydrolase 1).	203	14	36.986	7.23e-4	41.2	IV
nxOscDolc1.1	III_unloc_1	24452	35210	3165	8859_t	IPR010285, IPR025476, IPR002589, IPR027417, IPR038765, IPR028889, NA	DNA helicase Pif1-like, Helitron helicase-like domain, Macro domain, P-loop containing nucleoside triphosphate hydrolase, Papain-like cysteine peptidase superfamily, Ubiquitin specific protease domain, NA	pif-1	Y18H1A.6c	pif-1 encodes a DNA-dependent ATPase and 5'-3' DNA helicase orthologous to Saccharomyces Pif1p and vertebrate PIF1; by homology, PIF-1 is predicted to function in maintenance of both mitochondrial and nuclear genome integrity; PIF-1 is also predicted to function as a negative regulator of telomerase activity that acts by displacing telomerase from the ends of DNA; loss of pif-1 activity via RNAi results in induction of the mitochondrial unfolded protein response.	571	12	26.531	7.89e-12	71.2	I
nxOscDolc1.1	III_unloc_1	35444	36464	296	8860_t	NA	NA	NA	NA	NA	NA	NA	NA	NA	NA	NA
nxOscDolc1.1	III_unloc_1	36938	37480	152	8861_t	NA	NA	NA	NA	NA	NA	NA	NA	NA	NA	NA
nxOscDolc1.1	IV	92377	93043	154	8869_t	NA	NA	F54H12.2	F54H12.2	Predicted to enable ribonucleoside-diphosphate reductase activity, thioredoxin disulfide as acceptor. Predicted to be involved in deoxyribonucleotide biosynthetic process. Predicted to be located in cytosol.	419	50	40.506	1.3e-8	52.8	III
nxOscDolc1.1	IV	94655	96561	332	8870_t	NA	NA	NA	NA	NA	NA	NA	NA	NA	NA	NA
nxOscDolc1.1	IV	230358	230971	204	8871_t	IPR036691	Endonuclease/exonuclease/phosphatase superfamily	NA	NA	NA	NA	NA	NA	NA	NA	NA
nxOscDolc1.1	V	146004	148298	412	12374_t	IPR001951, IPR009072, IPR000719, IPR011009, IPR008271, NA	Histone H4, Histone-fold, Protein kinase domain, Protein kinase-like domain superfamily, Serine/threonine-protein kinase active site, NA	C27D6.11	C27D6.11	Predicted to enable protein serine/threonine kinase activity. Predicted to be involved in intracellular signal transduction and protein phosphorylation. Is an ortholog of human TSSK6 (testis specific serine kinase 6).	331	17	58.571	9.21e-18	84	II
nxOscDolc1.1	V	149325	150443	306	12375_t	IPR009060, IPR015940, IPR000626, IPR029071, IPR004806, IPR015360, IPR036353, NA	UBA-like superfamily, Ubiquitin-associated domain, Ubiquitin-like domain, Ubiquitin-like domain superfamily, UV excision repair protein Rad23, XPC-binding domain, XPC-binding domain superfamily, NA	rad-23	ZK20.3	rad-23 encodes a protein containing ubiquitin-like (UBL) and ubiquitin-associated (UBA) domains that is a member  of the Radiation Sensitivity 23 (RAD23) family of proteasomal ubiquitin receptors; in C. elegans, rad-23 activity is required for normal axon branching; rad-23 displays genetic interactions with png-1, which encodes a peptide-N-glycanase, also required for proper axon branching during vulval development; in addition, large-scale RNAi screens indicate that hermaphrodites treated with rad-23(RNAi) become sick and sterile, suggesting a more general role for rad-23; large-scale yeast two-hybrid experiments report that RAD-23 interacts with the product of ZK1240.2, which encodes a predicted E3 ubiquitin ligase; like its orthologs in yeast and mammals, C. elegans rad-23 functions in nucleotide excision repair (NER); rad-23 functions in the global genome repair (GGR) pathway of NER and is necessary in germ cells to repair UV-induced DNA damage and for normal meiotic development following UV irradiation; rad-23 is partially necessary for efficient UV-induced apoptosis in germ cells; rad-23 is an ortholog of human hHR23A and hHR23B.	323	98	36.449	4.0199999999999996e-54	179	II
nxOscDolc1.1	V	151018	153281	549	12376_t	IPR003107, IPR010491, IPR011990, NA	HAT (Half-A-TPR) repeat, PRP1 splicing factor N-terminal, Tetratricopeptide-like helical domain superfamily, NA	prp-6	Y59A8B.6	Predicted to be involved in spliceosomal tri-snRNP complex assembly. Predicted to be located in nucleus. Predicted to be part of U4/U6 x U5 tri-snRNP complex and catalytic step 2 spliceosome. Human ortholog(s) of this gene implicated in retinitis pigmentosa 60. Is an ortholog of human PRPF6 (pre-mRNA processing factor 6).	968	99	45.591	4.0999999999999997e-109	348	V
nxOscDolc1.1	V	153351	154166	205	12377_t	IPR003107, IPR013026, IPR011990, NA	HAT (Half-A-TPR) repeat, Tetratricopeptide repeat-containing domain, Tetratricopeptide-like helical domain superfamily, NA	prp-6	Y59A8B.6	Predicted to be involved in spliceosomal tri-snRNP complex assembly. Predicted to be located in nucleus. Predicted to be part of U4/U6 x U5 tri-snRNP complex and catalytic step 2 spliceosome. Human ortholog(s) of this gene implicated in retinitis pigmentosa 60. Is an ortholog of human PRPF6 (pre-mRNA processing factor 6).	968	100	53.712	1.21e-83	266	V
nxOscDolc1.1	V	157094	161375	171	12378_t	IPR000477, NA	Reverse transcriptase domain, NA	NA	NA	NA	NA	NA	NA	NA	NA	NA
nxOscDolc1.1	V	6453599	6454240	127	13800_t	NA	NA	NA	NA	NA	NA	NA	NA	NA	NA	NA
nxOscDolc1.1	V	6455098	6457904	719	13801_t	NA	NA	NA	NA	NA	NA	NA	NA	NA	NA	NA
nxOscDolc1.1	V	6461424	6461820	118	13802_t	NA	NA	NA	NA	NA	NA	NA	NA	NA	NA	NA
nxOscDolc1.1	V	6463599	6467418	290	13803_t	NA	NA	NA	NA	NA	NA	NA	NA	NA	NA	NA
nxOscDolc1.1	V	6468502	6470457	266	13804_t	NA	NA	NA	NA	NA	NA	NA	NA	NA	NA	NA
nxOscDolc1.1	V	11190722	11192429	157	15121_t	NA	NA	NA	NA	NA	NA	NA	NA	NA	NA	NA
nxOscDolc1.1	V	11192567	11194497	546	15122_t	NA	NA	C45G9.15	C45G9.15	Enriched in male based on RNA-seq studies. Is affected by several genes including daf-2; eat-2; and isp-1 based on microarray and RNA-seq studies. Is affected by six chemicals including allantoin; Sirolimus; and Rifampin based on RNA-seq and microarray studies. Is predicted to encode a protein with the following domains: Protein of unknown function (DUF851) and Protein of unknown function DUF851.	353	20	25.664	0.01	38.5	III
nxOscDolc1.1	V	11194555	11195351	138	15123_t	IPR012309, IPR012340, NA	DNA ligase ATP-dependent, C-terminal, Nucleic acid-binding OB-fold, NA	lig-1	C29A12.3a	lig-1 encodes a putative ATP-dependent DNA ligase, based on homology; lig-1 may be one of the direct targets of the daf-16 forkhead transcription factor, based on chromatin immunoprecipitation (ChIP) studies.	773	57	62.025	4.41e-28	107	V
nxOscDolc1.1	V	11197691	11198717	295	15124_t	IPR009057, IPR025246, IPR002492, IPR036388, NA	Homeobox-like domain superfamily, Transposase IS30-like HTH domain, Transposase Tc1-like, Winged helix-like DNA-binding domain superfamily, NA	NA	NA	NA	NA	NA	NA	NA	NA	NA
nxOscDolc1.1	X	3802271	3804300	395	16047_t	IPR003378, NA	Fringe-like, NA	C16D9.6	C16D9.6	Predicted to enable glycoprotein-N-acetylgalactosamine 3-beta-galactosyltransferase activity. Predicted to be involved in O-glycan processing, core 1. Predicted to be located in membrane. Predicted to be integral component of membrane. Human ortholog(s) of this gene implicated in Tn polyagglutination syndrome. Is an ortholog of human C1GALT1C1 (C1GALT1 specific chaperone 1).	340	67	36.735	2.3000000000000002e-59	196	V
nxOscDolc1.1	X	3805459	3806469	228	16048_t	IPR005027, IPR029044	Glycosyl transferase family 43, Nucleotide-diphospho-sugar transferases	glct-6	W07G9.2a	Predicted to enable galactosylgalactosylxylosylprotein 3-beta-glucuronosyltransferase activity and metal ion binding activity. Predicted to be involved in protein glycosylation. Predicted to be located in Golgi membrane. Predicted to be integral component of membrane. Human ortholog(s) of this gene implicated in Barrett's esophagus and schizophrenia. Is an ortholog of human B3GAT2 (beta-1,3-glucuronyltransferase 2).	304	92	57.143	2.65e-88	263	IV
nxOscDolc1.1	X	3806748	3808412	415	16049_t	IPR009286, NA	Inositol-pentakisphosphate 2-kinase, NA	ippk-1	Y17G7B.13	Predicted to enable inositol pentakisphosphate 2-kinase activity. Predicted to be involved in inositol phosphate biosynthetic process and inositol phosphorylation. Predicted to be located in nucleus. Is an ortholog of human IPPK (inositol-pentakisphosphate 2-kinase).	454	99	35.948	1.57e-80	255	II
nxOscDolc1.1	X	3811299	3811941	171	16050_t	NA	NA	NA	NA	NA	NA	NA	NA	NA	NA	NA
nxOscDolc1.1	X	3814665	3815070	121	16051_t	NA	NA	NA	NA	NA	NA	NA	NA	NA	NA	NA
nxOscDolc1.1	X	3815961	3818354	471	16052_t	IPR027267, IPR001683, IPR036871, IPR001452, IPR036028, IPR019497, NA	AH/BAR domain superfamily, Phox homologous domain, PX domain superfamily, SH3 domain, SH3-like domain superfamily, Sorting nexin protein WASP-binding domain, NA	lst-4	Y37A1B.2d	lst-4 encodes multiple isoforms of a sorting nexin that are the sole C. elegans members of the SNX9 family of sorting nexins ; activity of the SH3 domain-containing LST-4 isoforms is required for regulation of phagosome maturation during apoptotic cell corpse clearance, specifically for regulating phagosomal fusion with endosomes and lysosomes; LST-4 physically interacts with the DYN-1/dynamin GTPase that is also required for phagosomal maturation; LST-4::GFP reporter fusions localizes to phagosomal surfaces as well as to highly dynamic membrane tubules that extend from phagosomes; murine SNX33 is able to rescue the cell corpse engulfment defects seen in lst-4 mutant animals.	564	93	52.208	1.1499999999999999e-153	448	IV
nxOscDolc1.1	X	3819033	3820566	368	16053_t	IPR000608, IPR016135, NA	Ubiquitin-conjugating enzyme E2, Ubiquitin-conjugating enzyme/RWD-like, NA	ubc-25	F25H2.8	Predicted to enable ubiquitin conjugating enzyme activity. Involved in locomotion. Located in cytosol; neuronal cell body; and nucleus. Expressed in body wall musculature; embryonic cell; non-striated muscle; and somatic nervous system. Is an ortholog of human UBE2Q1 (ubiquitin conjugating enzyme E2 Q1) and UBE2Q2 (ubiquitin conjugating enzyme E2 Q2).	387	100	47.132	2.2899999999999998e-125	365	I
nxOscDolc1.1	X	3821111	3822428	343	16054_t	IPR029063, NA	S-adenosyl-L-methionine-dependent methyltransferase, NA	C52B9.8	C52B9.8	Predicted to be located in membrane. Predicted to be integral component of membrane.	360	88	30.744	1.7499999999999998e-43	153	X
nxOscDolc1.1	X	3854302	3856324	524	16055_t	IPR011356, IPR000819, IPR041417, NA	Peptidase M17 leucine aminopeptidase/peptidase B, Peptidase M17 leucyl aminopeptidase, C-terminal, Probable aminopeptidase NPEPL1 N-terminal, NA	lap-1	ZK353.6	lap-1 encodes one of two C. elegans homologs of the M17 class of zinc metalloproteases, leucine aminopeptidase (LAP); lap-1 mutations result in slow growth and delayed onset of egg laying; lap-1 mRNA is present throughout the larval and adult life cycle and a lap-1 promoter fusion is expressed in the intestine; staining for LAP-1 protein reveals localization to the buccal cavity, pharynx, anterior gut and rectum.	491	94	50.101	1.4199999999999998e-156	455	III
nxOscDolc1.1	X	3857479	3859460	496	16056_t	IPR002293, NA	Amino acid/polyamine transporter I, NA	aat-4	T13A10.10a	aat-4 encodes a predicted amino acid transporter catalytic subunit; unlike catalytic subunits in other organisms, however, AAT-4 does not contain the highly conserved cysteine residue known to facilitate covalent interaction with a glycoprotein subunit, suggesting that AAT-4 does not require this residue for heterodimer formation or, alternatively, does not require the glycoprotein subunit for function.	526	98	44.239	4.1299999999999997e-141	416	IV
nxOscDolc1.1	X	3859838	3862774	749	16057_t	IPR005049	STELLO-like	F56H6.9	F56H6.9	Predicted to be located in membrane. Predicted to be integral component of membrane.	802	99	38.161	0	541	I
nxOscDolc1.1	X	3863938	3865474	365	16058_t	IPR029044, IPR004988	Nucleotide-diphospho-sugar transferases, Protein of unknown function DUF273	ZK1055.2	ZK1055.2	Predicted to be located in membrane. Predicted to be integral component of membrane.	400	82	48.505	1.2299999999999997e-106	318	V
nxOscDolc1.1	X	3866200	3870401	793	16059_t	IPR009072, IPR006342, NA	Histone-fold, Methyltransferase FkbM, NA	R09H10.2	R09H10.2a	Enriched in intestine and in male based on RNA-seq studies. Is affected by several genes including daf-2; skn-1; and elt-2 based on microarray and RNA-seq studies. Is affected by four chemicals including Rifampin; allantoin; and Sirolimus based on RNA-seq and microarray studies. Is predicted to encode a protein with the following domains: Methyltransferase FkbM domain and Methyltransferase FkbM.	293	36	44.027	4.3399999999999996e-74	243	IV
nxOscDolc1.1	X	3871917	3874224	413	16060_t	NA	NA	NA	NA	NA	NA	NA	NA	NA	NA	NA
nxOscDolc1.1	X	3877657	3879067	157	16061_t	NA	NA	NA	NA	NA	NA	NA	NA	NA	NA	NA
nxOscDolc1.1	X	3880649	3881903	264	16062_t	NA	NA	NA	NA	NA	NA	NA	NA	NA	NA	NA
nxOscDolc1.1	X	3882504	3884000	272	16063_t	IPR011009, IPR001245, IPR020635, IPR036465, NA	Protein kinase-like domain superfamily, Serine-threonine/tyrosine-protein kinase catalytic domain, Tyrosine-protein kinase catalytic domain, von Willebrand factor A-like domain superfamily, NA	ver-3	F59F3.1	Predicted to enable transmembrane receptor protein tyrosine kinase activity. Involved in nematode male tail tip morphogenesis. Predicted to be integral component of plasma membrane. Predicted to be part of receptor complex. Expressed in ALA; anal sphincter muscle; and pharyngeal muscle cell. Human ortholog(s) of this gene implicated in several diseases, including carcinoma (multiple); eye disease (multiple); and reproductive organ cancer (multiple). Is an ortholog of several human genes including FLT3 (fms related receptor tyrosine kinase 3); KDR (kinase insert domain receptor); and KIT (KIT proto-oncogene, receptor tyrosine kinase).	1227	29	40	1.11e-17	82.8	X
nxOscDolc1.1	X	3886267	3886978	196	16064_t	NA	NA	NA	NA	NA	NA	NA	NA	NA	NA	NA
nxOscDolc1.1	X	3887199	3889088	252	16065_t	NA	NA	NA	NA	NA	NA	NA	NA	NA	NA	NA
nxOscDolc1.1	X	6679314	6686594	604	16776_t	IPR004951, NA	Protein of unknown function DUF268 Caenorhabditis species, NA	F56H6.2	F56H6.2	Predicted to be located in membrane. Predicted to be integral component of membrane.	373	55	37.647	1.49e-71	234	I
nxOscDolc1.1	X	12575892	12576482	102	18218_t	NA	NA	NA	NA	NA	NA	NA	NA	NA	NA	NA
nxOscDolc1.1	X	12577996	12580301	596	18219_t	IPR018289	MULE transposase domain	NA	NA	NA	NA	NA	NA	NA	NA	NA
nxOscDolc1.1	X	12581355	12586855	1315	18220_t	IPR018289, NA	MULE transposase domain, NA	NA	NA	NA	NA	NA	NA	NA	NA	NA
nxOscDolc1.1	X	12587253	12588080	255	18221_t	NA	NA	NA	NA	NA	NA	NA	NA	NA	NA	NA
nxOscOnir1.2	III	10611251	10612701	427	g8171.t1	NA	NA	NA	NA	NA	NA	NA	NA	NA	NA	NA
nxOscOnir1.2	III	10612742	10624782	3354	g8172.t1	NA	NA	pif-1	Y18H1A.6b	pif-1 encodes a DNA-dependent ATPase and 5'-3' DNA helicase orthologous to Saccharomyces Pif1p and vertebrate PIF1; by homology, PIF-1 is predicted to function in maintenance of both mitochondrial and nuclear genome integrity; PIF-1 is also predicted to function as a negative regulator of telomerase activity that acts by displacing telomerase from the ends of DNA; loss of pif-1 activity via RNAi results in induction of the mitochondrial unfolded protein response.	394	9	34.965	7.1e-14	76.6	I
nxOscOnir1.2	IV	1819	2112	83	g13230.t1	NA	NA	NA	NA	NA	NA	NA	NA	NA	NA	NA
nxOscOnir1.2	IV	13343840	13345063	238	g16540.t1	NA	NA	NA	NA	NA	NA	NA	NA	NA	NA	NA
nxOscOnir1.2	IV	13345103	13345447	114	g16541.t1	NA	NA	NA	NA	NA	NA	NA	NA	NA	NA	NA
nxOscOnir1.2	IV	13345501	13351759	1894	g16542.t1	IPR027417, NA	P-loop containing nucleoside triphosphate hydrolase, NA	pif-1	Y18H1A.6b	pif-1 encodes a DNA-dependent ATPase and 5'-3' DNA helicase orthologous to Saccharomyces Pif1p and vertebrate PIF1; by homology, PIF-1 is predicted to function in maintenance of both mitochondrial and nuclear genome integrity; PIF-1 is also predicted to function as a negative regulator of telomerase activity that acts by displacing telomerase from the ends of DNA; loss of pif-1 activity via RNAi results in induction of the mitochondrial unfolded protein response.	394	7	34.965	5.47e-14	76.3	I
nxOscOnir1.2	IV	13351850	13353939	306	g16543.t1	NA	NA	NA	NA	NA	NA	NA	NA	NA	NA	NA
nxOscOnir1.2	X	1	1786	474	g2700.t1	IPR025476, NA	Helitron helicase-like domain, NA	NA	NA	NA	NA	NA	NA	NA	NA	NA
nxOscOnir1.2	X	1821	2705	294	g2701.t1	NA	NA	NA	NA	NA	NA	NA	NA	NA	NA	NA
nxOscOnir1.2	X	2746	12563	1055	g2702.t1	IPR036190, IPR035401, IPR038364, IPR035400, IPR035085, NA	Urocanase superfamily, Urocanase C-terminal domain, Urocanase central domain superfamily, Urocanase N-terminal domain, Urocanase Rossmann-like domain, NA	uroc-1	Y51H4A.7	Predicted to enable urocanate hydratase activity. Predicted to be involved in histidine catabolic process. Human ortholog(s) of this gene implicated in urocanase deficiency. Is an ortholog of human UROC1 (urocanate hydratase 1).	670	54	71.858	0	883	IV
nxOscOnir1.2	X	11744517	11745209	187	g5256.t1	NA	NA	NA	NA	NA	NA	NA	NA	NA	NA	NA
nxOscOnir1.2	X	11746972	11751168	836	g5257.t1	NA	NA	NA	NA	NA	NA	NA	NA	NA	NA	NA
nxOscOnir1.2	X	11751222	11761451	3103	g5258.t1	IPR010285, IPR025476, IPR027417, IPR038765, NA	DNA helicase Pif1-like, Helitron helicase-like domain, P-loop containing nucleoside triphosphate hydrolase, Papain-like cysteine peptidase superfamily, NA	pif-1	Y18H1A.6b	pif-1 encodes a DNA-dependent ATPase and 5'-3' DNA helicase orthologous to Saccharomyces Pif1p and vertebrate PIF1; by homology, PIF-1 is predicted to function in maintenance of both mitochondrial and nuclear genome integrity; PIF-1 is also predicted to function as a negative regulator of telomerase activity that acts by displacing telomerase from the ends of DNA; loss of pif-1 activity via RNAi results in induction of the mitochondrial unfolded protein response.	394	10	34.965	7.33e-14	76.6	I
nxOscSper1.1	I	2034	2714	151	g11684.t1	NA	NA	NA	NA	NA	NA	NA	NA	NA	NA	NA
nxOscSper1.1	I	3761	4396	187	g11685.t1	NA	NA	NA	NA	NA	NA	NA	NA	NA	NA	NA
nxOscSper1.1	I	8805	9349	158	g11686.t1	NA	NA	NA	NA	NA	NA	NA	NA	NA	NA	NA
nxOscSper1.1	I	10342	11916	460	g11687.t1	NA	NA	NA	NA	NA	NA	NA	NA	NA	NA	NA
nxOscSper1.1	I	15759	16179	96	g11688.t1	NA	NA	NA	NA	NA	NA	NA	NA	NA	NA	NA
nxOscSper1.1	I	16335	17815	182	g11689.t1	NA	NA	NA	NA	NA	NA	NA	NA	NA	NA	NA
nxOscSper1.1	I	31286	35482	189	g11690.t1	NA	NA	NA	NA	NA	NA	NA	NA	NA	NA	NA
nxOscSper1.1	I	36344	36604	86	g11691.t1	NA	NA	F54H12.2	F54H12.2	Predicted to enable ribonucleoside-diphosphate reductase activity, thioredoxin disulfide as acceptor. Predicted to be involved in deoxyribonucleotide biosynthetic process. Predicted to be located in cytosol.	419	87	37.662	3.97e-9	51.6	III
nxOscSper1.1	I	36647	37018	123	g11692.t1	NA	NA	F54H12.2	F54H12.2	Predicted to enable ribonucleoside-diphosphate reductase activity, thioredoxin disulfide as acceptor. Predicted to be involved in deoxyribonucleotide biosynthetic process. Predicted to be located in cytosol.	419	85	34.579	4.09e-9	53.1	III
nxOscSper1.1	I	7783885	7785881	591	g14053.t1	NA	NA	NA	NA	NA	NA	NA	NA	NA	NA	NA
nxOscSper1.1	I	7790506	7792521	412	g14054.t1	NA	NA	NA	NA	NA	NA	NA	NA	NA	NA	NA
nxOscSper1.1	II	811	2639	537	g1.t1	IPR000605, IPR027417, NA	Helicase superfamily 3, single-stranded DNA/RNA virus, P-loop containing nucleoside triphosphate hydrolase, NA	NA	NA	NA	NA	NA	NA	NA	NA	NA
nxOscSper1.1	II	3219	3830	203	g2.t1	NA	NA	NA	NA	NA	NA	NA	NA	NA	NA	NA
nxOscSper1.1	II	4009	5299	393	g3.t1	IPR027417	P-loop containing nucleoside triphosphate hydrolase	NA	NA	NA	NA	NA	NA	NA	NA	NA
nxOscSper1.1	II	150979	152920	507	g4.t1	NA	NA	NA	NA	NA	NA	NA	NA	NA	NA	NA
nxOscSper1.1	II	153281	153625	114	g5.t1	NA	NA	NA	NA	NA	NA	NA	NA	NA	NA	NA
nxOscSper1.1	II	153752	154453	233	g6.t1	NA	NA	Y57G11C.20	Y57G11C.20	Expressed in intestine.	649	75	37.931	1.18e-19	87.4	IV
nxOscSper1.1	II	154503	156170	555	g7.t1	NA	NA	F54H12.2	F54H12.2	Predicted to enable ribonucleoside-diphosphate reductase activity, thioredoxin disulfide as acceptor. Predicted to be involved in deoxyribonucleotide biosynthetic process. Predicted to be located in cytosol.	419	80	33.186	3.01e-74	242	III
nxOscSper1.1	II	157050	157613	187	g8.t1	NA	NA	NA	NA	NA	NA	NA	NA	NA	NA	NA
nxOscSper1.1	II	159361	162103	360	g9.t1	IPR000719, IPR011009, IPR001245, IPR008271, NA	Protein kinase domain, Protein kinase-like domain superfamily, Serine-threonine/tyrosine-protein kinase catalytic domain, Serine/threonine-protein kinase active site, NA	svh-2	T14E8.1a	Enables mitogen-activated protein kinase kinase kinase binding activity and transmembrane receptor protein tyrosine kinase activity. Involved in several processes, including axon regeneration; peptidyl-tyrosine autophosphorylation; and positive regulation of axon regeneration. Predicted to be located in plasma membrane. Predicted to be integral component of plasma membrane. Predicted to be part of receptor complex. Expressed in distal tip cell; excretory canal; and muscle cell. Is an ortholog of human TYRO3 (TYRO3 protein tyrosine kinase).	1086	40	31.447	1.56e-11	65.9	X
nxOscSper1.1	II	165824	166366	180	g10.t1	IPR013783, IPR008962, NA	Immunoglobulin-like fold, PapD-like superfamily, NA	NA	NA	NA	NA	NA	NA	NA	NA	NA
nxOscSper1.1	II	167438	168685	282	g11.t1	IPR040986, IPR042568	Sulfhydryl oxidase flavin adenine dinucleotide (FAD) binding domain, Sulfhydryl oxidase flavin adenine dinucleotide (FAD) binding domain superfamily	F47B7.2	F47B7.2c	Predicted to enable flavin-linked sulfhydryl oxidase activity and protein disulfide isomerase activity. Predicted to be involved in protein folding. Predicted to be located in extracellular space. Predicted to be integral component of Golgi membrane. Expressed in head. Is an ortholog of human QSOX1 (quiescin sulfhydryl oxidase 1) and QSOX2 (quiescin sulfhydryl oxidase 2).	624	94	46.503	4.56e-81	256	X
nxOscSper1.1	II	168799	169679	98	g12.t1	IPR036774	ERV/ALR sulfhydryl oxidase domain superfamily	F47B7.2	F47B7.2c	Predicted to enable flavin-linked sulfhydryl oxidase activity and protein disulfide isomerase activity. Predicted to be involved in protein folding. Predicted to be located in extracellular space. Predicted to be integral component of Golgi membrane. Expressed in head. Is an ortholog of human QSOX1 (quiescin sulfhydryl oxidase 1) and QSOX2 (quiescin sulfhydryl oxidase 2).	624	71	42.857	2.18e-9	52.8	X
nxOscSper1.1	II	174362	174935	166	g13.t1	NA	NA	NA	NA	NA	NA	NA	NA	NA	NA	NA
nxOscSper1.1	II	176801	177028	75	g14.t1	NA	NA	NA	NA	NA	NA	NA	NA	NA	NA	NA
nxOscSper1.1	II	183268	186152	387	g15.t1	NA	NA	F23C8.3	F23C8.3a	Enriched in muscle cell; neurons; and somatic gonad precursor based on RNA-seq studies. Is affected by several genes including glp-1; daf-12; and hsf-1 based on microarray and RNA-seq studies. Is affected by seven chemicals including Psoralens; allantoin; and metformin based on RNA-seq and microarray studies.	116	24	28.723	2.45e-4	40.4	I
nxOscSper1.1	III	36610	40887	465	g2431.t1	IPR023211, IPR004868, NA	DNA polymerase palm domain superfamily, DNA-directed DNA polymerase family B, mitochondria/virus, NA	C25F9.2	C25F9.2	C25F9.2 is predicted to have 3'-5' exonuclease activity, DNA binding activity, DNA-directed DNA polymerase activity, endonuclease activity, and nucleotide binding activity, based on protein domain information; this C. elegans gene shares domain structure and an insertion found in a platyfish, and the platyfish genome has retroviral integrase, ATPase and cysteine protease nearby, which suggests it derives from a giant DNA transposable element called a maverick or polintron.	1523	82	30.579	2.22e-31	128	V
nxOscSper1.1	III	43399	43971	190	g2432.t1	NA	NA	NA	NA	NA	NA	NA	NA	NA	NA	NA
nxOscSper1.1	III	44644	45996	450	g2433.t1	NA	NA	F54H12.2	F54H12.2	Predicted to enable ribonucleoside-diphosphate reductase activity, thioredoxin disulfide as acceptor. Predicted to be involved in deoxyribonucleotide biosynthetic process. Predicted to be located in cytosol.	419	99	33.333	1.2500000000000001e-77	248	III
nxOscSper1.1	III	47779	48414	211	g2434.t1	IPR027417, NA	P-loop containing nucleoside triphosphate hydrolase, NA	NA	NA	NA	NA	NA	NA	NA	NA	NA
nxOscSper1.1	III	7054574	7058333	708	g4595.t1	IPR000719, IPR011009, IPR017441, IPR029021, IPR003595, IPR000242, IPR008271, IPR000387, NA	Protein kinase domain, Protein kinase-like domain superfamily, Protein kinase ATP binding site, Protein-tyrosine phosphatase-like, Protein-tyrosine phosphatase catalytic, PTP type protein phosphatase, Serine/threonine-protein kinase active site, Tyrosine specific protein phosphatases domain, NA	C02B10.6	C02B10.6	Predicted to enable protein tyrosine phosphatase activity. Predicted to be involved in peptidyl-tyrosine dephosphorylation. Is an ortholog of human PTPN20 (protein tyrosine phosphatase non-receptor type 20).	398	39	41.053	1.15e-65	222	IV
nxOscSper1.1	III	7059014	7059355	113	g4596.t1	NA	NA	NA	NA	NA	NA	NA	NA	NA	NA	NA
nxOscSper1.1	III	7065203	7065985	260	g4597.t2	IPR041588, IPR001584, IPR036397, IPR012337, NA	Integrase zinc-binding domain, Integrase catalytic core, Ribonuclease H superfamily, Ribonuclease H-like superfamily, NA	NA	NA	NA	NA	NA	NA	NA	NA	NA
nxOscSper1.1	III	7067048	7071308	483	g4598.t1	IPR023211, IPR004868, NA	DNA polymerase palm domain superfamily, DNA-directed DNA polymerase family B, mitochondria/virus, NA	C25F9.2	C25F9.2	C25F9.2 is predicted to have 3'-5' exonuclease activity, DNA binding activity, DNA-directed DNA polymerase activity, endonuclease activity, and nucleotide binding activity, based on protein domain information; this C. elegans gene shares domain structure and an insertion found in a platyfish, and the platyfish genome has retroviral integrase, ATPase and cysteine protease nearby, which suggests it derives from a giant DNA transposable element called a maverick or polintron.	1523	89	28.523	1.53e-33	135	V
nxOscSper1.1	III	7073814	7074554	246	g4599.t1	NA	NA	NA	NA	NA	NA	NA	NA	NA	NA	NA
nxOscSper1.1	III	7075059	7076468	469	g4600.t1	NA	NA	F54H12.2	F54H12.2	Predicted to enable ribonucleoside-diphosphate reductase activity, thioredoxin disulfide as acceptor. Predicted to be involved in deoxyribonucleotide biosynthetic process. Predicted to be located in cytosol.	419	95	33.556	3.41e-78	249	III
nxOscSper1.1	IV	20581	21724	324	g7144.t1	NA	NA	NA	NA	NA	NA	NA	NA	NA	NA	NA
nxOscSper1.1	IV	22481	23161	187	g7145.t1	NA	NA	NA	NA	NA	NA	NA	NA	NA	NA	NA
nxOscSper1.1	IV	23553	23825	90	g7146.t1	NA	NA	NA	NA	NA	NA	NA	NA	NA	NA	NA
nxOscSper1.1	IV	26743	27376	173	g7147.t1	IPR036236, IPR013087, NA	Zinc finger C2H2 superfamily, Zinc finger C2H2-type, NA	NA	NA	NA	NA	NA	NA	NA	NA	NA
nxOscSper1.1	IV	29693	29998	101	g7148.t1	IPR029021, IPR000242, NA	Protein-tyrosine phosphatase-like, PTP type protein phosphatase, NA	C17H12.3	C17H12.3	Predicted to enable protein tyrosine phosphatase activity. Predicted to be involved in peptidyl-tyrosine dephosphorylation. Is an ortholog of human PTPN20 (protein tyrosine phosphatase non-receptor type 20).	374	80	45.679	7.74e-19	79.3	IV
nxOscSper1.1	IV	34629	36029	466	g7149.t1	NA	NA	F54H12.2	F54H12.2	Predicted to enable ribonucleoside-diphosphate reductase activity, thioredoxin disulfide as acceptor. Predicted to be involved in deoxyribonucleotide biosynthetic process. Predicted to be located in cytosol.	419	95	32.965	1.84e-74	240	III
nxOscSper1.1	IV	36768	37469	233	g7150.t1	NA	NA	Y57G11C.20	Y57G11C.20	Expressed in intestine.	649	75	37.931	1.18e-19	87.4	IV
nxOscSper1.1	IV	37592	37939	115	g7151.t1	NA	NA	NA	NA	NA	NA	NA	NA	NA	NA	NA
nxOscSper1.1	IV	41049	41871	249	g7152.t1	IPR023211, NA	DNA polymerase palm domain superfamily, NA	C25F9.2	C25F9.2	C25F9.2 is predicted to have 3'-5' exonuclease activity, DNA binding activity, DNA-directed DNA polymerase activity, endonuclease activity, and nucleotide binding activity, based on protein domain information; this C. elegans gene shares domain structure and an insertion found in a platyfish, and the platyfish genome has retroviral integrase, ATPase and cysteine protease nearby, which suggests it derives from a giant DNA transposable element called a maverick or polintron.	1523	99	27.49	1.06e-24	102	V
nxOscSper1.1	IV	43859	44681	249	g7153.t1	IPR023211, NA	DNA polymerase palm domain superfamily, NA	C25F9.2	C25F9.2	C25F9.2 is predicted to have 3'-5' exonuclease activity, DNA binding activity, DNA-directed DNA polymerase activity, endonuclease activity, and nucleotide binding activity, based on protein domain information; this C. elegans gene shares domain structure and an insertion found in a platyfish, and the platyfish genome has retroviral integrase, ATPase and cysteine protease nearby, which suggests it derives from a giant DNA transposable element called a maverick or polintron.	1523	99	27.49	1.06e-24	102	V
nxOscSper1.1	IV	53286	53726	146	g7154.t1	IPR008962	PapD-like superfamily	NA	NA	NA	NA	NA	NA	NA	NA	NA
nxOscSper1.1	IV	56284	56805	149	g7155.t1	NA	NA	C05D11.13	C05D11.13b	Enriched in AVK; OLL; PVD; intestine; and sensory neurons based on microarray and RNA-seq studies. Is affected by several genes including daf-2; sir-2.1; and pgl-1 based on RNA-seq and microarray studies. Is affected by rotenone; Alovudine; and Humic Substances based on RNA-seq and microarray studies. Human ZNF821 enables sequence-specific double-stranded DNA binding activity. Is an ortholog of human ZNF821 (zinc finger protein 821).	272	23	54.286	0.006	35.8	III
nxOscSper1.1	IV	61642	62229	169	g7156.t1	IPR029021, IPR003595, IPR000242, IPR000387, NA	Protein-tyrosine phosphatase-like, Protein-tyrosine phosphatase catalytic, PTP type protein phosphatase, Tyrosine specific protein phosphatases domain, NA	C02B10.6	C02B10.6	Predicted to enable protein tyrosine phosphatase activity. Predicted to be involved in peptidyl-tyrosine dephosphorylation. Is an ortholog of human PTPN20 (protein tyrosine phosphatase non-receptor type 20).	398	86	41.216	1.96e-32	119	IV
nxOscSper1.1	IV	65232	65972	246	g7157.t1	IPR041588, IPR001584, IPR036397, IPR012337, NA	Integrase zinc-binding domain, Integrase catalytic core, Ribonuclease H superfamily, Ribonuclease H-like superfamily, NA	NA	NA	NA	NA	NA	NA	NA	NA	NA
nxOscSper1.1	IV	8350201	8350826	182	g9711.t1	NA	NA	NA	NA	NA	NA	NA	NA	NA	NA	NA
nxOscSper1.1	V	432	736	89	g9712.t1	NA	NA	NA	NA	NA	NA	NA	NA	NA	NA	NA
nxOscSper1.1	V	1013	1324	90	g9713.t1	NA	NA	C03A3.2	C03A3.2	Predicted to be located in membrane. Predicted to be integral component of membrane. Is an ortholog of human TMEM104 (transmembrane protein 104).	492	96	63.953	3.2e-34	122	X
nxOscSper1.1	V	21024	21842	272	g9714.t1	NA	NA	F54H12.2	F54H12.2	Predicted to enable ribonucleoside-diphosphate reductase activity, thioredoxin disulfide as acceptor. Predicted to be involved in deoxyribonucleotide biosynthetic process. Predicted to be located in cytosol.	419	97	35.206	1.4299999999999999e-47	163	III
nxOscSper1.1	V	21882	22800	242	g9715.t1	NA	NA	F54H12.2	F54H12.2	Predicted to enable ribonucleoside-diphosphate reductase activity, thioredoxin disulfide as acceptor. Predicted to be involved in deoxyribonucleotide biosynthetic process. Predicted to be located in cytosol.	419	50	30.4	2.16e-11	63.2	III
nxOscSper1.1	V	22850	25590	193	g9716.t1	NA	NA	Y57G11C.20	Y57G11C.20	Expressed in intestine.	649	61	37.607	1.62e-20	88.6	IV
nxOscSper1.1	V	26492	30830	1290	g9717.t1	IPR004868, IPR012337, NA	DNA-directed DNA polymerase family B, mitochondria/virus, Ribonuclease H-like superfamily, NA	C25F9.2	C25F9.2	C25F9.2 is predicted to have 3'-5' exonuclease activity, DNA binding activity, DNA-directed DNA polymerase activity, endonuclease activity, and nucleotide binding activity, based on protein domain information; this C. elegans gene shares domain structure and an insertion found in a platyfish, and the platyfish genome has retroviral integrase, ATPase and cysteine protease nearby, which suggests it derives from a giant DNA transposable element called a maverick or polintron.	1523	98	28.342	7.209999999999999e-162	524	V
nxOscSper1.1	V	32557	33082	152	g9718.t1	IPR001810, IPR036047	F-box domain, F-box-like domain superfamily	NA	NA	NA	NA	NA	NA	NA	NA	NA
nxOscSper1.1	V	36085	36396	90	g9719.t1	IPR036168, IPR028565, NA	AP-2 complex subunit mu C-terminal superfamily, Mu homology domain, NA	apm-3	F53H8.1	apm-3 encodes an adaptin, orthologous to the mu3 subunit of adaptor protein complex 3 (AP-3); APM-3 is also orthologous to human HPS, which when mutated leads to Hermansky-Pudlak syndrome (OMIM:203300); based on structural similarity, APM-3 is predicted to be involved in the formation of intracellular transport vesicles, and genetic analyses indicate that apm-3 activity is required for biogenesis of lysosome-related gut granules.	414	96	66.279	6.4e-39	133	X
nxOscSper1.1	V	6993088	6995116	285	g11683.t1	IPR013783, IPR000535, IPR008962, NA	Immunoglobulin-like fold, Major sperm protein (MSP) domain, PapD-like superfamily, NA	C10H11.7	C10H11.7	Predicted to be located in cytoskeleton.	177	21	31.25	4.58e-4	40.4	I
nxOscSper1.1	X	67204	67652	137	g4601.t1	NA	NA	NA	NA	NA	NA	NA	NA	NA	NA	NA
nxOscSper1.1	X	84387	85232	281	g4602.t1	IPR021109, IPR001969	Aspartic peptidase domain superfamily, Aspartic peptidase active site	NA	NA	NA	NA	NA	NA	NA	NA	NA
nxOscSper1.1	X	86133	86816	227	g4603.t1	NA	NA	NA	NA	NA	NA	NA	NA	NA	NA	NA
nxOscSper1.1	X	88479	93689	225	g4604.t1	IPR023211, NA	DNA polymerase palm domain superfamily, NA	C25F9.2	C25F9.2	C25F9.2 is predicted to have 3'-5' exonuclease activity, DNA binding activity, DNA-directed DNA polymerase activity, endonuclease activity, and nucleotide binding activity, based on protein domain information; this C. elegans gene shares domain structure and an insertion found in a platyfish, and the platyfish genome has retroviral integrase, ATPase and cysteine protease nearby, which suggests it derives from a giant DNA transposable element called a maverick or polintron.	1523	55	35.484	6.3e-16	76.3	V
nxOscSper1.1	X	95518	96702	282	g4605.t1	IPR001841, NA	Zinc finger RING-type, NA	zhp-4	Y39B6A.16	Y39B6A.16 encodes a RING finger protein orthologous to budding yeast Cst9p (meiotically expressed) and human RNF212 (associated with varying recombination rate); Y39B6A.16 is required in mass RNAi assays for embryonic viability; Y39B6A.16 is paralogous to ZHP-3, D1081.9, and F55A12.10.	283	56	27.95	1.54e-16	77.8	V
nxOscSper1.1	X	97454	98638	282	g4606.t1	IPR001841, NA	Zinc finger RING-type, NA	zhp-4	Y39B6A.16	Y39B6A.16 encodes a RING finger protein orthologous to budding yeast Cst9p (meiotically expressed) and human RNF212 (associated with varying recombination rate); Y39B6A.16 is required in mass RNAi assays for embryonic viability; Y39B6A.16 is paralogous to ZHP-3, D1081.9, and F55A12.10.	283	56	27.95	1.54e-16	77.8	V
nxOscSper1.1	X	99390	100574	282	g4607.t1	IPR001841, NA	Zinc finger RING-type, NA	zhp-4	Y39B6A.16	Y39B6A.16 encodes a RING finger protein orthologous to budding yeast Cst9p (meiotically expressed) and human RNF212 (associated with varying recombination rate); Y39B6A.16 is required in mass RNAi assays for embryonic viability; Y39B6A.16 is paralogous to ZHP-3, D1081.9, and F55A12.10.	283	56	27.95	1.54e-16	77.8	V
nxOscSper1.1	X	101326	102057	174	g4608.t1	NA	NA	NA	NA	NA	NA	NA	NA	NA	NA	NA
nxOscSper1.1	X	102636	105707	685	g4609.t1	NA	NA	NA	NA	NA	NA	NA	NA	NA	NA	NA
nxOscSper1.1	X	120659	121540	293	g4610.t1	NA	NA	NA	NA	NA	NA	NA	NA	NA	NA	NA
nxOscSper1.1	X	127478	135977	587	g4611.t1	NA	NA	epi-1	K08C7.3b	epi-1 encodes one of two C. elegans laminin alpha chains; epi-1 affects oogenesis due to its affect on gonad development, and also affects cell migrations, axon extension and GABAergic defasciculation, morphology of the VD and DD motor neurons, body morphology, locomotion, gonad sheath epithelialization, body muscle structure, and germ cell proliferation.	3672	78	17.532	0.001	42	IV
nxOscSper1.1	X	2344058	2344554	149	g5159.t1	IPR036397, IPR012337	Ribonuclease H superfamily, Ribonuclease H-like superfamily	NA	NA	NA	NA	NA	NA	NA	NA	NA
nxOscSper1.1	X	2344894	2345259	121	g5160.t1	NA	NA	NA	NA	NA	NA	NA	NA	NA	NA	NA
nxOscSper1.1	X	2345172	2345510	112	g5161.t1	IPR021109	Aspartic peptidase domain superfamily	K02F6.1	K02F6.1	Predicted to enable enzyme binding activity; nucleic acid binding activity; and zinc ion binding activity. Predicted to be located in cytoplasm.	783	72	35.294	3.79e-10	55.5	II
nxOscSper1.1	X	2355170	2355990	246	g5162.t1	IPR038717, IPR002492, NA	Tc1-like transposase DDE domain, Transposase Tc1-like, NA	NA	NA	NA	NA	NA	NA	NA	NA	NA
nxOscSper1.1	X	2356688	2357692	277	g5163.t1	NA	NA	NA	NA	NA	NA	NA	NA	NA	NA	NA
nxOscSper1.1	X	2363891	2365678	595	g5164.t1	IPR021109, IPR001995, IPR000477, NA	Aspartic peptidase domain superfamily, Peptidase A2A retrovirus, catalytic, Reverse transcriptase domain, NA	K02F6.1	K02F6.1	Predicted to enable enzyme binding activity; nucleic acid binding activity; and zinc ion binding activity. Predicted to be located in cytoplasm.	783	60	21.354	1.05e-15	80.9	II
nxOscSper1.1	X	2365695	2366891	398	g5165.t1	IPR041588, IPR041577, NA	Integrase zinc-binding domain, Reverse transcriptase/retrotransposon-derived protein RNase H-like domain, NA	NA	NA	NA	NA	NA	NA	NA	NA	NA
nxOscSper1.1	X	2396473	2397639	304	g5166.t1	NA	NA	NA	NA	NA	NA	NA	NA	NA	NA	NA
nxOscSper1.1	X	2397792	2398078	82	g5167.t1	NA	NA	NA	NA	NA	NA	NA	NA	NA	NA	NA
nxOscSper1.1	X	2398157	2398882	189	g5168.t1	NA	NA	NA	NA	NA	NA	NA	NA	NA	NA	NA
nxOscSper1.1	X	2398961	2400018	269	g5169.t1	NA	NA	NA	NA	NA	NA	NA	NA	NA	NA	NA
nxOscSper1.1	X	2400171	2401229	272	g5170.t1	NA	NA	NA	NA	NA	NA	NA	NA	NA	NA	NA
nxOscSper1.1	X	2401382	2402938	312	g5171.t1	NA	NA	NA	NA	NA	NA	NA	NA	NA	NA	NA
nxOscSper1.1	X	2403017	2408635	1105	g5172.t1	NA	NA	NA	NA	NA	NA	NA	NA	NA	NA	NA
nxOscSper1.1	X	2408898	2414834	1198	g5173.t1	NA	NA	NA	NA	NA	NA	NA	NA	NA	NA	NA
nxOscSper1.1	X	2422626	2424098	379	g5174.t2	NA	NA	NA	NA	NA	NA	NA	NA	NA	NA	NA
nxOscSper1.1	X	2424290	2425120	276	g5175.t1	IPR000477, NA	Reverse transcriptase domain, NA	NA	NA	NA	NA	NA	NA	NA	NA	NA
nxOscSper1.1	X	2425598	2427618	579	g5176.t1	NA	NA	NA	NA	NA	NA	NA	NA	NA	NA	NA
nxOscSper1.1	X	2427912	2428136	74	g5177.t1	NA	NA	NA	NA	NA	NA	NA	NA	NA	NA	NA
nxOscSper1.1	X	2431978	2432743	204	g5178.t1	IPR013785, NA	Aldolase-type TIM barrel, NA	F17A9.4	F17A9.4	Predicted to enable FMN binding activity and oxidoreductase activity.	457	98	52.5	5.5100000000000006e-73	228	V
nxOscSper1.1	X	2432799	2434075	238	g5179.t1	IPR013785, IPR001155, NA	Aldolase-type TIM barrel, NADH:flavin oxidoreductase/NADH oxidase N-terminal, NA	F17A9.4	F17A9.4	Predicted to enable FMN binding activity and oxidoreductase activity.	457	94	58.222	8.91e-92	277	V
nxOscSper1.1	X	9219168	9221164	591	g7142.t1	NA	NA	NA	NA	NA	NA	NA	NA	NA	NA	NA
nxOscSper1.1	X	9226546	9239021	2559	g7143.t1	IPR010285, IPR025476, IPR027417, IPR038765, IPR028889, NA	DNA helicase Pif1-like, Helitron helicase-like domain, P-loop containing nucleoside triphosphate hydrolase, Papain-like cysteine peptidase superfamily, Ubiquitin specific protease domain, NA	Y116F11A.1	Y116F11A.1	Predicted to enable ATP binding activity; ATP hydrolysis activity; and DNA helicase activity. Predicted to be involved in DNA duplex unwinding and DNA replication. Predicted to be located in replication fork.	202	3	41.558	1.48e-7	54.3	V
nxOscSpeu1.1	I	2986865	2987418	146	948_t	NA	NA	F20D1.3	F20D1.3	Expressed in anterior gonad arm. Is predicted to encode a protein with the following domain: Kelch-type beta propeller.	463	97	34.211	1.4399999999999997e-23	95.1	X
nxOscSpeu1.1	I	2987533	2987675	34	949_t	NA	NA	F20D1.3	F20D1.3	Expressed in anterior gonad arm. Is predicted to encode a protein with the following domain: Kelch-type beta propeller.	463	100	41.176	0.003	32.3	X
nxOscSpeu1.1	I	2990040	2992480	592	950_t	IPR008010, NA	Tapt1 family, NA	F26F2.7	F26F2.7a	Predicted to be involved in maintenance of protein localization in endoplasmic reticulum and positive regulation of cilium assembly. Predicted to be located in ciliary basal body. Predicted to be integral component of endoplasmic reticulum membrane. Is an ortholog of human TAPT1 (transmembrane anterior posterior transformation 1).	712	98	51.067	0	631	V
nxOscSpeu1.1	I	3010922	3012923	502	951_t	NA	NA	NA	NA	NA	NA	NA	NA	NA	NA	NA
nxOscSpeu1.1	I	9750546	9751256	236	2885_t	IPR041588, IPR001584, IPR036397, IPR012337, NA	Integrase zinc-binding domain, Integrase catalytic core, Ribonuclease H superfamily, Ribonuclease H-like superfamily, NA	NA	NA	NA	NA	NA	NA	NA	NA	NA
nxOscSpeu1.1	II	133	5565	1608	2886_t	NA	NA	NA	NA	NA	NA	NA	NA	NA	NA	NA
nxOscSpeu1.1	II	6978	20031	2741	2887_t	NA	NA	NA	NA	NA	NA	NA	NA	NA	NA	NA
nxOscSpeu1.1	II	7325153	7326333	322	4943_t	NA	NA	NA	NA	NA	NA	NA	NA	NA	NA	NA
nxOscSpeu1.1	II	7332451	7333593	380	4944_t	IPR029526	PiggyBac transposable element-derived protein	NA	NA	NA	NA	NA	NA	NA	NA	NA
nxOscSpeu1.1	II	7335373	7338372	312	4945_t	IPR000719, IPR011009, NA	Protein kinase domain, Protein kinase-like domain superfamily, NA	ttbk-7	R90.1	Predicted to enable protein serine/threonine kinase activity. Predicted to be involved in peptidyl-serine phosphorylation and signal transduction. Predicted to be located in cytoplasm and nucleus. Expressed in amphid neurons. Human ortholog(s) of this gene implicated in spinocerebellar ataxia type 11. Is an ortholog of human TTBK2 (tau tubulin kinase 2).	776	65	25.909	7.96e-15	75.1	V
nxOscSpeu1.1	II	7340032	7341281	343	4946_t	NA	NA	NA	NA	NA	NA	NA	NA	NA	NA	NA
nxOscSpeu1.1	II	7348170	7350983	478	4947_t	IPR001584, IPR024445, IPR036397, IPR012337	Integrase catalytic core, ISXO2-like transposase domain, Ribonuclease H superfamily, Ribonuclease H-like superfamily	mab-31	Y54E10A.16	mab-31 encodes a novel protein that is highly conserved amongst nematodes; mab-31 functions in the TGF-beta signaling pathway to regulate the male tail ray patterning process, specifically the positioning of the R7-derived ray cell cluster; a mab-31::gfp reporter is expressed in a wide variety of tissues, including the intestine, hypodermis, pharynx, and neuronal support cells; in males, mab-31::gfp is also seen in the ray structural cells; a MAB-31::GFP localizes to the nucleus.	427	24	26.446	3.83e-6	49.3	I
nxOscSpeu1.1	II	7351115	7352713	249	4948_t	IPR001452, IPR036028, NA	SH3 domain, SH3-like domain superfamily, NA	stam-1	C34G6.7b	stam-1 encodes a protein containing an N-terminal VSH domain, a central ubiquitin-interacting motif and SH3 domain, and a C-terminal glutamine/asparagine (Q/N)-rich domain that is the C. elegans ortholog of the Janus kinase substrate STAM ('signal-transducing adaptor molecule'); stam-1 is required for maintaining meiotic arrest and for acetylcholine neurotransmission; STAM-1 is required in the germline for arrested oocytes to continue responding to an inhibitory signal from somatic gonadal sheath cells, before the oocytes have been induced by major sperm protein (MSP) to exit meiotic prophase; STAM-1 is located in puncta of the DA motor neurons; STAM-1 and HGRS-1 physically interact in vivo, forming the C. elegans ESCRT-0 complex on early endosomes; in the context of the complex, both STAM-1 and HGRS-1 bind ubiquitin.	397	62	56.97	1.8299999999999998e-57	187	I
nxOscSpeu1.1	II	7353062	7354477	373	4949_t	NA	NA	NA	NA	NA	NA	NA	NA	NA	NA	NA
nxOscSpeu1.1	II	7358781	7359487	209	4950_t	IPR025476	Helitron helicase-like domain	NA	NA	NA	NA	NA	NA	NA	NA	NA
nxOscSpeu1.1	II	7363278	7364180	300	4951_t	NA	NA	NA	NA	NA	NA	NA	NA	NA	NA	NA
nxOscSpeu1.1	II	7364503	7365081	192	4952_t	IPR009878	Phlebovirus glycoprotein G2	NA	NA	NA	NA	NA	NA	NA	NA	NA
nxOscSpeu1.1	II	7370129	7370838	156	4953_t	IPR005636	DTW	Y53C12A.10	Y53C12A.10	Predicted to enable tRNA-uridine aminocarboxypropyltransferase activity. Predicted to be involved in tRNA processing. Predicted to be located in Golgi apparatus. Is an ortholog of human DTWD1 (DTW domain containing 1).	235	90	55.405	5.2e-51	162	II
nxOscSpeu1.1	II	7371327	7371771	135	4954_t	NA	NA	NA	NA	NA	NA	NA	NA	NA	NA	NA
nxOscSpeu1.1	II	7378011	7378601	196	4955_t	IPR004875	DDE superfamily endonuclease domain	NA	NA	NA	NA	NA	NA	NA	NA	NA
nxOscSpeu1.1	II	7380146	7381863	410	4956_t	IPR024079, IPR000718, IPR018497, IPR042089, IPR008753, NA	Metallopeptidase catalytic domain superfamily, Peptidase M13, Peptidase M13 C-terminal domain, Peptidase M13 domain 2, Peptidase M13 N-terminal domain, NA	nep-1	ZK20.6	ZK20.6 encodes a neprilysin; neprilysins are thermolysin-like zinc metallopeptidases, found on the outer surface of animal cells, that negatively regulate small signalling peptides (e.g., enkephalin, tachykinin, insulin, and natriuretic peptides) by cleaving them; ZK20.6 is closely paralogous to F18A12.8, and orthologous to CG9761 in Drosophila melanogaster; more generally, ZK20.6 falls into a group of proteins that includes the classical neprilysins found in mammals (e.g., PEX [OMIM:307800] and the enkephalin cleaving enzymes).	754	79	22.788	3.74e-23	102	II
nxOscSpeu1.1	II	7382089	7383410	320	4957_t	NA	NA	NA	NA	NA	NA	NA	NA	NA	NA	NA
nxOscSpeu1.1	II	7383488	7383841	106	4958_t	NA	NA	NA	NA	NA	NA	NA	NA	NA	NA	NA
nxOscSpeu1.1	II	7384425	7384690	62	4959_t	IPR024079, IPR000718, IPR018497, NA	Metallopeptidase catalytic domain superfamily, Peptidase M13, Peptidase M13 C-terminal domain, NA	nep-12	F26G1.6a	F26G1.6 encodes a neprilysin; neprilysins are thermolysin-like zinc metallopeptidases, found on the outer surface of animal cells, that negatively regulate small signalling peptides (e.g., enkephalin, tachykinin, insulin, and natriuretic peptides) by cleaving them; while F26G1.6 has no clear orthologs in other organisms, it falls into a group of proteins that includes the classical neprilysins found in mammals (e.g., PEX [OMIM:307800] and the enkephalin cleaving enzymes).	772	90	46.429	9.91e-15	66.2	II
nxOscSpeu1.1	II	7385718	7389328	156	4960_t	NA	NA	NA	NA	NA	NA	NA	NA	NA	NA	NA
nxOscSpeu1.1	II	10224818	10226001	275	5800_t	IPR012337	Ribonuclease H-like superfamily	C10A4.1	C10A4.1	Predicted to enable protein dimerization activity. Predicted to be involved in regulation of transcription by RNA polymerase II. Predicted to be located in nucleus. Is an ortholog of human ZBED1 (zinc finger BED-type containing 1).	532	76	26.291	1.18e-14	73.6	X
nxOscSpeu1.1	III	1374	1863	127	5801_t	NA	NA	tpp-2	F21H12.6	F21H12.6 encodes the C. elegans tripeptidyl peptidase II ortholog; loss of F21H12.6 activity via RNAi indicates that the product of F21H12.6 promotes fat formation; an F21H12.6::GFP reporter fusion is expressed in the intestine, the site of fat storage, and in a subset of nerve ring neurons.	1374	91	29.688	9.82e-11	57.8	II
nxOscSpeu1.1	III	2075	4695	389	5802_t	IPR036085, IPR000209, IPR036852, IPR012337	PAZ domain superfamily, Peptidase S8/S53 domain, Peptidase S8/S53 domain superfamily, Ribonuclease H-like superfamily	prg-1	D2030.6	prg-1 encodes a novel, basic protein that is one of two C. elegans members of the Piwi subfamily of highly conserved Argonaut/Piwi proteins; during development, PRG-1 activity is essential for successful gametogenesis, normal levels of fertility, and accumulation of 21 U-RNAs (piRNAs), small RNAs expressed in the germ line; in addition, PRG-1 appears to act upstream of an siRNA pathway to regulate transposition of the Tc3 DNA transposon; PRG-1 physically interacts with 21 U-RNAs in vivo; PRG-1 localizes to P granules throughout development.	824	74	46.277	9.629999999999999e-54	190	I
nxOscSpeu1.1	III	9495398	9507960	2337	8761_t	IPR010285, IPR027417, NA	DNA helicase Pif1-like, P-loop containing nucleoside triphosphate hydrolase, NA	pif-1	Y18H1A.6c	pif-1 encodes a DNA-dependent ATPase and 5'-3' DNA helicase orthologous to Saccharomyces Pif1p and vertebrate PIF1; by homology, PIF-1 is predicted to function in maintenance of both mitochondrial and nuclear genome integrity; PIF-1 is also predicted to function as a negative regulator of telomerase activity that acts by displacing telomerase from the ends of DNA; loss of pif-1 activity via RNAi results in induction of the mitochondrial unfolded protein response.	571	7	26.38	1.43e-9	63.5	I
nxOscSpeu1.1	III	9509040	9509885	244	8762_t	NA	NA	etc-1	D2085.4	Enables ubiquitin protein ligase activity. Involved in positive regulation of metaphase/anaphase transition of meiotic cell cycle; regulation of metaphase/anaphase transition of meiosis II; and ubiquitin-dependent protein catabolic process. Is an ortholog of human UBE3C (ubiquitin protein ligase E3C).	1001	45	29.565	0.007	37.7	II
nxOscSpeu1.1	III	9510894	9521664	2704	8763_t	IPR010285, IPR027417, NA	DNA helicase Pif1-like, P-loop containing nucleoside triphosphate hydrolase, NA	Y116F11A.1	Y116F11A.1	Predicted to enable ATP binding activity; ATP hydrolysis activity; and DNA helicase activity. Predicted to be involved in DNA duplex unwinding and DNA replication. Predicted to be located in replication fork.	202	7	32.292	1.27e-11	66.2	V
nxOscSpeu1.1	III	9525740	9530085	1229	8764_t	NA	NA	NA	NA	NA	NA	NA	NA	NA	NA	NA
nxOscSpeu1.1	IV	2567109	2574944	1159	9419_t	IPR027450, IPR037151, IPR012677, IPR005123, IPR000504, IPR035979, IPR014729, IPR012921, IPR010912, IPR016194, IPR011063, NA	Alpha-ketoglutarate-dependent dioxygenase AlkB-like, Alpha-ketoglutarate-dependent dioxygenase AlkB-like superfamily, Nucleotide-binding alpha-beta plait domain superfamily, Oxoglutarate/iron-dependent dioxygenase, RNA recognition motif domain, RNA-binding domain superfamily, Rossmann-like alpha/beta/alpha sandwich fold, Spen paralogue and orthologue SPOC C-terminal, Spen paralogue/orthologue C-terminal metazoa, SPOC-like C-terminal domain superfamily, tRNA(Ile)-lysidine/2-thiocytidine synthase N-terminal, NA	grld-1	F29C4.7a	grld-1 is orthologous to human RBM15 (OMIM:606077, mutated in infantile acute megakaryoblastic leukemia) and Drosophila NITO; GRLD-1 encodes a paralog of DIN-1; like DIN-1, it has N-terminal RNA recognition motifs (RRMs) and a C-terminal SID/RD (SMRT interaction domain/repressor) domain.	520	43	52.756	0	551	IV
nxOscSpeu1.1	IV	2575828	2576755	284	9420_t	NA	NA	NA	NA	NA	NA	NA	NA	NA	NA	NA
nxOscSpeu1.1	IV	2582122	2582533	109	9421_t	IPR012677, IPR000504, IPR035979, NA	Nucleotide-binding alpha-beta plait domain superfamily, RNA recognition motif domain, RNA-binding domain superfamily, NA	rbm-3.2	R09B3.3	Predicted to enable mRNA binding activity. Predicted to be involved in pre-mRNA cleavage required for polyadenylation. Predicted to be part of mRNA cleavage and polyadenylation specificity factor complex. Is an ortholog of human RBM3 (RNA binding motif protein 3).	85	71	49.351	9.04e-25	89.4	I
nxOscSpeu1.1	IV	2583384	2589539	1875	9422_t	IPR016024, IPR032430, IPR021843, NA	Armadillo-type fold, Proteasome activator Blm10 mid region, Proteasome activator complex subunit 4 C-terminal domain, NA	T28B8.4	T28B8.4	Predicted to enable lysine-acetylated histone binding activity; peptidase activator activity; and proteasome binding activity. Predicted to be involved in proteasomal ubiquitin-independent protein catabolic process. Predicted to be located in cytosol and nucleus. Is an ortholog of human PSME4 (proteasome activator subunit 4).	1874	99	27.865	0	690	I
nxOscSpeu1.1	IV	2589695	2591538	488	9423_t	IPR000717, IPR036390, IPR036388, NA	Proteasome component (PCI) domain, Winged helix DNA-binding domain superfamily, Winged helix-like DNA-binding domain superfamily, NA	rpn-5	F10G7.8	Predicted to be located in cytoplasm. Predicted to be part of nuclear proteasome complex and proteasome regulatory particle, lid subcomplex. Is an ortholog of human PSMD12 (proteasome 26S subunit, non-ATPase 12).	490	96	60	0	590	II
nxOscSpeu1.1	IV	2591885	2592749	234	9424_t	IPR006818, IPR036747, NA	Histone chaperone ASF1-like, Histone chaperone ASF1-like superfamily, NA	asfl-1	C03D6.5	Predicted to enable histone binding activity. Involved in DNA replication and multicellular organismal reproductive process. Predicted to be located in nucleus. Human ortholog(s) of this gene implicated in breast cancer. Is an ortholog of human ASF1A (anti-silencing function 1A histone chaperone) and ASF1B (anti-silencing function 1B histone chaperone).	245	75	55.618	1.1399999999999999e-66	206	I
nxOscSpeu1.1	IV	2593379	2594396	300	9425_t	IPR016024	Armadillo-type fold	NA	NA	NA	NA	NA	NA	NA	NA	NA
nxOscSpeu1.1	IV	2595340	2595759	126	9426_t	NA	NA	NA	NA	NA	NA	NA	NA	NA	NA	NA
nxOscSpeu1.1	IV	2596305	2597232	201	9427_t	IPR029006, IPR007122, NA	ADF-H/Gelsolin-like domain superfamily, Villin/Gelsolin, NA	gsnl-1	K06A4.3	gsnl-1 encodes one of three C. elegans gelsolin-related proteins; GSNL-1 contains four gelsolin-like (G) domains; GSNL-1 is predicted to function in vivo as an actin regulatory protein and in vitro, demonstrates actin filament severing activity; GSNL-1 also exhibits calcium-dependent capping of the barbed ends of actin filaments and stays bound to the side of actin filaments; GSNL-1 additionally binds to G-actin.	475	94	39.462	9.98e-45	154	V
nxOscSpeu1.1	IV	2597284	2597943	196	9428_t	IPR029006, IPR007123, IPR007122, NA	ADF-H/Gelsolin-like domain superfamily, Gelsolin-like domain, Villin/Gelsolin, NA	gsnl-1	K06A4.3	gsnl-1 encodes one of three C. elegans gelsolin-related proteins; GSNL-1 contains four gelsolin-like (G) domains; GSNL-1 is predicted to function in vivo as an actin regulatory protein and in vitro, demonstrates actin filament severing activity; GSNL-1 also exhibits calcium-dependent capping of the barbed ends of actin filaments and stays bound to the side of actin filaments; GSNL-1 additionally binds to G-actin.	475	90	48.404	2.8299999999999996e-52	174	V
nxOscSpeu1.1	IV	2598185	2599198	229	9429_t	IPR004316, NA	SWEET sugar transporter, NA	swt-5	K06A4.4	Predicted to enable transcription coregulator activity. Predicted to be involved in carbohydrate transport and regulation of transcription by RNA polymerase II. Predicted to be located in plasma membrane. Predicted to be integral component of membrane. Predicted to be part of mediator complex. Is an ortholog of human SLC50A1 (solute carrier family 50 member 1).	239	97	68.778	2.4600000000000002e-117	334	V
nxOscSpeu1.1	IV	2599722	2601741	505	9430_t	NA	NA	NA	NA	NA	NA	NA	NA	NA	NA	NA
nxOscSpeu1.1	IV	2602111	2602470	119	9431_t	NA	NA	NA	NA	NA	NA	NA	NA	NA	NA	NA
nxOscSpeu1.1	IV	2604803	2605634	195	9432_t	NA	NA	NA	NA	NA	NA	NA	NA	NA	NA	NA
nxOscSpeu1.1	IV	2605686	2607447	140	9433_t	NA	NA	NA	NA	NA	NA	NA	NA	NA	NA	NA
nxOscSpeu1.1	IV	2607471	2607910	109	9434_t	NA	NA	F35D2.2	F35D2.2	Enriched in AVK; XXX cell; germline precursor cell; hypodermis; and sensory neurons based on tiling array and RNA-seq studies. Is affected by several genes including daf-16; daf-2; and daf-12 based on microarray and RNA-seq studies. Is affected by seventeen chemicals including methylmercury hydroxide; manganese chloride; and Alovudine based on RNA-seq and microarray studies.	377	100	71.171	2.5099999999999998e-54	173	II
nxOscSpeu1.1	IV	2610770	2616382	849	9435_t	IPR012677, IPR000494, IPR000504, IPR035979, NA	Nucleotide-binding alpha-beta plait domain superfamily, Receptor L-domain, RNA recognition motif domain, RNA-binding domain superfamily, NA	rbm-3.2	R09B3.3	Predicted to enable mRNA binding activity. Predicted to be involved in pre-mRNA cleavage required for polyadenylation. Predicted to be part of mRNA cleavage and polyadenylation specificity factor complex. Is an ortholog of human RBM3 (RNA binding motif protein 3).	85	9	49.351	2.22e-22	92	I
nxOscSpeu1.1	IV	2616637	2617716	258	9436_t	IPR029055, IPR000426, IPR001353	Nucleophile aminohydrolases N-terminal, Proteasome alpha-subunit N-terminal domain, Proteasome subunit alpha/beta	pas-7	ZK945.2	pas-7 encodes a proteasome alpha-type three subunit of the core 20S proteasome subcomplex; loss of pas-7 activity via RNAi results in several defects including embryonic and larval lethality, sterility, and abnormal meiotic progression.	250	88	46.018	3.54e-73	223	II
nxOscSpeu1.1	IV	2618339	2621497	852	9437_t	IPR035647, IPR000640, IPR041095, IPR027417, IPR020568, IPR014721, IPR005225, IPR031157, IPR000795, IPR005517, IPR004161, IPR009000, NA	EF-G domain III/V-like, Elongation factor EFG domain V-like, Elongation Factor G domain II, P-loop containing nucleoside triphosphate hydrolase, Ribosomal protein S5 domain 2-type fold, Ribosomal protein S5 domain 2-type fold subgroup, Small GTP-binding protein domain, Tr-type G domain conserved site, Transcription factor GTP-binding domain, Translation elongation factor EFG/EF2 domain IV, Translation elongation factor EFTu-like domain 2, Translation protein beta-barrel domain superfamily, NA	eef-2	F25H5.4a	eef-2 encodes a homolog of translation elongation factor 2 (EF-2), a GTP-binding protein essential for the elongation phase of protein synthesis; eef-2 is required for embryogenesis and vulval morphogenesis, and is expressed during all stages of development, including the dauer larval stage.	852	100	92.371	0	1650	I
nxOscSpeu1.1	IV	9677964	9678283	106	11848_t	NA	NA	NA	NA	NA	NA	NA	NA	NA	NA	NA
nxOscSpeu1.1	V	6537	12182	1602	11849_t	NA	NA	NA	NA	NA	NA	NA	NA	NA	NA	NA
nxOscSpeu1.1	V	15617	17120	310	11850_t	IPR024445	ISXO2-like transposase domain	mab-31	Y54E10A.16	mab-31 encodes a novel protein that is highly conserved amongst nematodes; mab-31 functions in the TGF-beta signaling pathway to regulate the male tail ray patterning process, specifically the positioning of the R7-derived ray cell cluster; a mab-31::gfp reporter is expressed in a wide variety of tissues, including the intestine, hypodermis, pharynx, and neuronal support cells; in males, mab-31::gfp is also seen in the ray structural cells; a MAB-31::GFP localizes to the nucleus.	427	42	29.139	7.2e-6	47.4	I
nxOscSpeu1.1	V	26455	27476	329	11851_t	IPR009057, IPR038717, IPR025246, IPR036388, NA	Homeobox-like domain superfamily, Tc1-like transposase DDE domain, Transposase IS30-like HTH domain, Winged helix-like DNA-binding domain superfamily, NA	F46F5.8	F46F5.8	Is affected by several genes including rrf-3; clk-1; and rrf-1 based on tiling array and microarray studies. Is affected by Tunicamycin and paraquat based on microarray studies.	68	15	34.694	0.003	36.2	II
nxOscSpeu1.1	V	28766	30453	321	11852_t	NA	NA	rad-50	T04H1.4a	rad-50 encodes the C. elegans ortholog of eukaryotic Rad50 and bacterial SbcC; RAD-50 is predicted to function, in a complex with MRE-11 and COM-1, in homology-mediated double-strand break (DSB) repair; genetic analyses indicate that rad-50 is required for a distinct pathway of meiotic DSB repair that functions from the onset of meiotic prophase through the midpachytene/late pachytene transition.	1298	29	38.384	8.29e-11	63.2	V
nxOscSpeu1.1	V	36644	39986	238	11853_t	IPR001969, NA	Aspartic peptidase active site, NA	NA	NA	NA	NA	NA	NA	NA	NA	NA
nxOscSpeu1.1	V	42188	42772	194	11854_t	NA	NA	NA	NA	NA	NA	NA	NA	NA	NA	NA
nxOscSpeu1.1	V	46005	46469	154	11855_t	NA	NA	Y20C6A.1	Y20C6A.1a	This gene encodes a protein containing an F-box, a motif predicted to mediate protein-protein interactions either with homologs of yeast Skp-1p or with other proteins; this gene's encoded protein also contains an FTH/DUF38 motif, which may also mediate protein-protein interaction.	984	54	27.473	0.007	35.8	V
nxOscSpeu1.1	V	46820	48283	487	11856_t	NA	NA	NA	NA	NA	NA	NA	NA	NA	NA	NA
nxOscSpeu1.1	V	50921	51872	183	11857_t	NA	NA	NA	NA	NA	NA	NA	NA	NA	NA	NA
nxOscSpeu1.1	V	68442	70798	380	11858_t	IPR010285	DNA helicase Pif1-like	NA	NA	NA	NA	NA	NA	NA	NA	NA
nxOscSpeu1.1	V	71162	72005	230	11859_t	NA	NA	NA	NA	NA	NA	NA	NA	NA	NA	NA
nxOscSpeu1.1	V	72662	73486	248	11860_t	IPR041426, IPR001888, IPR036388, NA	Mos1 transposase HTH domain, Transposase type 1, Winged helix-like DNA-binding domain superfamily, NA	fbxa-167	C31C9.3	This gene encodes a protein containing an F-box, a motif predicted to mediate protein-protein interactions either with homologs of yeast Skp-1p or with other proteins; this gene's encoded protein also contains an FTH/DUF38 motif, which may also mediate protein-protein interaction.	377	24	36.667	6.41e-8	52.8	II
nxOscSpeu1.1	V	79386	86131	976	11861_t	IPR000558, IPR009072, IPR012816, IPR036390, IPR037238, IPR013087, NA	Histone H2B, Histone-fold, NADAR, Winged helix DNA-binding domain superfamily, YbiA-like superfamily, Zinc finger C2H2-type, NA	F33H1.4	F33H1.4	Expressed in gonad.	1378	26	36.015	4.69e-48	186	II
nxOscSpeu1.1	V	86219	89151	625	11862_t	IPR020472, IPR001680, IPR019775, IPR017986, IPR036322, IPR015943, NA	G-protein beta WD-40 repeat, WD40 repeat, WD40 repeat conserved site, WD40-repeat-containing domain, WD40-repeat-containing domain superfamily, WD40/YVTN repeat-like-containing domain superfamily, NA	rack-1	K04D7.1	rack-1 encodes a seven-WD repeat-containing protein that is the C. elegans ortholog of vertebrate Receptor for Activated C Kinase (Rack1); rack-1 is required cell autonomously for VD/DD motor axon pathfinding; rack-1 is also required for gonadal distal tip cell migration and for normal brood sizes; genetic analyses indicate that rack-1 functions in the same pathway with ced-10/Rac and unc-115/abLIM, and in parallel to mig-2/RhoG and unc-34/Enabled, to control axon pathfinding; in regulating axon pathfinding, RACK-1 likely acts upstream of UNC-115 with which it physically interacts; rack-1 also acts downstream of, or with, unc-115 to regulate P cell nuclear migration; in regulating gonadal distal tip cell migration, rack-1 acts either independently of, or in the same pathway as, ced-10 and mig-2; rack-1::gfp is expressed in most, if not all, tissues, and a RACK-1::GFP localizes to the cytoplasm, with some fusion protein also seen in the axons, cell bodies, and growth cones of migrating VD neurons.	325	50	77.044	3.7599999999999994e-180	513	IV
nxOscSpeu1.1	V	4682052	4687183	323	13286_t	IPR009050, IPR012292, NA	Globin-like superfamily, Globin/Protoglobin, NA	glb-20	R01E6.6	glb-20 encodes a globin; glb-20 transcription is higher in L3 and dauers than in young adults; glb-20 has no obvious function in mass RNAi assays.	349	82	52.92	5.54e-94	283	X
nxOscSpeu1.1	V	10862731	10863314	181	15002_t	IPR003677	Domain of unknown function DUF148	C28C12.4	C28C12.4	Expressed in pharyngeal muscle cell and tail neurons. Is predicted to encode a protein with the following domains: SXP/RAL-2 family protein Ani s 5-like, metal-binding domain and SXP/RAL-2 family protein Ani s 5-like, cation-binding domain.	235	67	33.884	7.66e-15	70.1	IV
nxOscSpeu1.1	V	10865224	10865503	66	15003_t	NA	NA	R04F11.2	R04F11.2	Predicted to enable proton transmembrane transporter activity. Predicted to be involved in ATP synthesis coupled proton transport. Predicted to be located in mitochondrial inner membrane. Predicted to be part of mitochondrial proton-transporting ATP synthase complex. Is an ortholog of human ATP5ME (ATP synthase membrane subunit e).	107	45	76.667	2.4e-11	54.3	V
nxOscSpeu1.1	V	10867975	10869354	337	15004_t	NA	NA	NA	NA	NA	NA	NA	NA	NA	NA	NA
nxOscSpeu1.1	V	10869551	10870897	346	15005_t	IPR019749, IPR019748, IPR000299, IPR035963, IPR018979, IPR014352, IPR041794, IPR000857, IPR011993, IPR029071, NA	Band 4.1 domain, FERM central domain, FERM domain, FERM superfamily second domain, FERM N-terminal, FERM/acyl-CoA-binding protein superfamily, Myosin VII FERM domain C-lobe, repeat 2, MyTH4 domain, PH-like domain superfamily, Ubiquitin-like domain superfamily, NA	hum-6	T10H10.1	hum-6 is orthologous to the human gene MYOSIN VIIA (MYO7A; OMIM:276903), which when mutated leads to Usher syndrome type IB.	2098	98	61.17	1.9800000000000002e-154	478	X
nxOscSpeu1.1	V	10870937	10871645	196	15006_t	IPR000857, IPR038185, NA	MyTH4 domain, MyTH4 domain superfamily, NA	hum-6	T10H10.1	hum-6 is orthologous to the human gene MYOSIN VIIA (MYO7A; OMIM:276903), which when mutated leads to Usher syndrome type IB.	2098	100	65.306	1.0000000000000001e-79	258	X
nxOscSpeu1.1	V	10871734	10877186	535	15007_t	IPR036961, IPR001609, IPR027417, IPR011993, NA	Kinesin motor domain superfamily, Myosin head motor domain, P-loop containing nucleoside triphosphate hydrolase, PH-like domain superfamily, NA	hum-6	T10H10.1	hum-6 is orthologous to the human gene MYOSIN VIIA (MYO7A; OMIM:276903), which when mutated leads to Usher syndrome type IB.	2098	100	58.607	0	599	X
nxOscSpeu1.1	V	10877223	10878339	287	15008_t	IPR036961, IPR001609, IPR027417	Kinesin motor domain superfamily, Myosin head motor domain, P-loop containing nucleoside triphosphate hydrolase	hum-6	T10H10.1	hum-6 is orthologous to the human gene MYOSIN VIIA (MYO7A; OMIM:276903), which when mutated leads to Usher syndrome type IB.	2098	100	82.639	6.389999999999999e-169	515	X
nxOscSpeu1.1	V	10888700	10899411	2113	15009_t	NA	NA	NA	NA	NA	NA	NA	NA	NA	NA	NA
nxOscSpeu1.1	X	15	2733	615	15010_t	NA	NA	NA	NA	NA	NA	NA	NA	NA	NA	NA
nxOscSpeu1.1	X	1320586	1327158	818	15382_t	IPR011011, IPR013083, NA	Zinc finger FYVE/PHD-type, Zinc finger RING/FYVE/PHD-type, NA	R11D1.10	R11D1.10a	Predicted to enable phosphatidylinositol-3-phosphate binding activity. Predicted to be involved in abscission and mitotic cytokinesis checkpoint signaling. Predicted to be located in centrosome; cleavage furrow; and midbody. Is an ortholog of human ZFYVE19 (zinc finger FYVE-type containing 19).	394	41	39.467	1.8499999999999998e-60	210	V
nxOscSpeu1.1	X	6341889	6344581	568	16715_t	IPR029058, IPR019826, IPR002018	Alpha/Beta hydrolase fold, Carboxylesterase type B active site, Carboxylesterase type B	cest-2.2	ZC376.2a	Predicted to be located in membrane. Predicted to be integral component of membrane.	670	84	34.221	2.3100000000000002e-77	257	V
nxOscSpeu1.1	X	7672441	7672964	161	17052_t	NA	NA	NA	NA	NA	NA	NA	NA	NA	NA	NA
nxOscSpeu1.1	X	12146949	12160958	3715	18265_t	IPR010285, IPR027417, NA	DNA helicase Pif1-like, P-loop containing nucleoside triphosphate hydrolase, NA	pif-1	Y18H1A.6a	pif-1 encodes a DNA-dependent ATPase and 5'-3' DNA helicase orthologous to Saccharomyces Pif1p and vertebrate PIF1; by homology, PIF-1 is predicted to function in maintenance of both mitochondrial and nuclear genome integrity; PIF-1 is also predicted to function as a negative regulator of telomerase activity that acts by displacing telomerase from the ends of DNA; loss of pif-1 activity via RNAi results in induction of the mitochondrial unfolded protein response.	677	12	24.911	7.23e-11	68.6	I
nxOscTipu1.1	I	10783	15571	635	g1.t1	NA	NA	NA	NA	NA	NA	NA	NA	NA	NA	NA
nxOscTipu1.1	I	15845	20759	727	g2.t1	NA	NA	NA	NA	NA	NA	NA	NA	NA	NA	NA
nxOscTipu1.1	I	21578	24786	910	g3.t1	NA	NA	NA	NA	NA	NA	NA	NA	NA	NA	NA
nxOscTipu1.1	I	8863048	8864487	418	g2545.t1	NA	NA	NA	NA	NA	NA	NA	NA	NA	NA	NA
nxOscTipu1.1	I	8866493	8870615	1155	g2546.t1	NA	NA	NA	NA	NA	NA	NA	NA	NA	NA	NA
nxOscTipu1.1	I	8870721	8879684	2499	g2547.t1	NA	NA	pif-1	Y18H1A.6b	pif-1 encodes a DNA-dependent ATPase and 5'-3' DNA helicase orthologous to Saccharomyces Pif1p and vertebrate PIF1; by homology, PIF-1 is predicted to function in maintenance of both mitochondrial and nuclear genome integrity; PIF-1 is also predicted to function as a negative regulator of telomerase activity that acts by displacing telomerase from the ends of DNA; loss of pif-1 activity via RNAi results in induction of the mitochondrial unfolded protein response.	394	12	30.657	1.05e-11	69.7	I
nxOscTipu1.1	II	15178	19614	1124	g2548.t2	NA	NA	NA	NA	NA	NA	NA	NA	NA	NA	NA
nxOscTipu1.1	II	21240	24471	216	g2549.t1	NA	NA	NA	NA	NA	NA	NA	NA	NA	NA	NA
nxOscTipu1.1	II	22661	23573	253	g2550.t1	NA	NA	NA	NA	NA	NA	NA	NA	NA	NA	NA
nxOscTipu1.1	II	8999791	9000324	177	g4914.t1	NA	NA	NA	NA	NA	NA	NA	NA	NA	NA	NA
nxOscTipu1.1	II	9000517	9001449	255	g4915.t1	NA	NA	NA	NA	NA	NA	NA	NA	NA	NA	NA
nxOscTipu1.1	II	9004085	9005223	157	g4916.t1	NA	NA	NA	NA	NA	NA	NA	NA	NA	NA	NA
nxOscTipu1.1	II	9006222	9009249	886	g4917.t1	NA	NA	NA	NA	NA	NA	NA	NA	NA	NA	NA
nxOscTipu1.1	III	13313	15633	201	g9796.t1	NA	NA	NA	NA	NA	NA	NA	NA	NA	NA	NA
nxOscTipu1.1	III	9600230	9601289	193	g12555.t1	NA	NA	set-16	T12D8.1	set-16 encodes an H3K methyltransferases of the SET1/mixed lineage leukaemia (MLL) family; SET-16 regulates levels of H3K4 trimethylation in vivo and the SET-16 SET domain has H3K4 monomethylase activity in vitro; set-16 is an essential gene and also plays a role in attenuating Ras-mediated signaling during vulval development, by regulating expression of ajm-1, which encodes a component of cellular junctions; a set-16::GFP reporter fusion is expressed at high levels in the non-vulval descendants of the vulval precursor cells and at lower levels in the vulval cells themselves.	2475	12	69.565	6.4e-4	40	III
nxOscTipu1.1	III	9602652	9605271	269	g12556.t1	IPR039361, IPR013763, IPR036915, IPR004367, IPR006671, NA	Cyclin, Cyclin-like, Cyclin-like superfamily, Cyclin C-terminal domain, Cyclin N-terminal, NA	cya-1	ZK507.6	cya-1 encodes an A-type cyclin; loss of cya-1 via RNAi results in sterility but no defects in embryonic cell divisions, or embryonic lethality, is observed; CYA-1 is predicted to be a substrate of germ-line MPK-1/ERK activity that functions to regulate oocyte organization and differentiation.	485	70	25.098	5.22e-19	86.3	III
nxOscTipu1.1	III	9607641	9609232	301	g12557.t1	NA	NA	abt-5	Y53C10A.9	abt-5 encodes a predicted ATP-binding cassette (ABC) transporter that is a member of the ABCA subfamily of transport proteins; ABT-5 is predicted to function as a transmembrane protein that couples energy to transport of various molecules across membranes, but as loss of abt-5 activity via RNAi results in no obvious defects, the precise role of abt-5 in C. elegans development and/or behavior is not yet known; abt-5 promoter-gfp fusion proteins are expressed in larvae and adults in the intestine and in unidentified cells in the head.	1582	11	54.545	2.44e-5	45.8	I
nxOscTipu1.1	III	9610580	9617242	1366	g12558.t1	NA	NA	NA	NA	NA	NA	NA	NA	NA	NA	NA
nxOscTipu1.1	III	9617516	9620528	796	g12559.t1	NA	NA	NA	NA	NA	NA	NA	NA	NA	NA	NA
nxOscTipu1.1	III	9620635	9621517	244	g12560.t1	IPR013087	Zinc finger C2H2-type	NA	NA	NA	NA	NA	NA	NA	NA	NA
nxOscTipu1.1	IV	10638	14342	927	g12561.t1	NA	NA	NA	NA	NA	NA	NA	NA	NA	NA	NA
nxOscTipu1.1	IV	14957	20185	1310	g12562.t1	NA	NA	NA	NA	NA	NA	NA	NA	NA	NA	NA
nxOscTipu1.1	IV	20627	24199	1064	g12563.t1	NA	NA	NA	NA	NA	NA	NA	NA	NA	NA	NA
nxOscTipu1.1	IV	27340	28918	258	g12564.t1	NA	NA	NA	NA	NA	NA	NA	NA	NA	NA	NA
nxOscTipu1.1	IV	29983	32279	683	g12565.t1	NA	NA	NA	NA	NA	NA	NA	NA	NA	NA	NA
nxOscTipu1.1	IV	32324	33008	187	g12566.t1	NA	NA	NA	NA	NA	NA	NA	NA	NA	NA	NA
nxOscTipu1.1	IV	33956	35675	179	g12567.t1	NA	NA	NA	NA	NA	NA	NA	NA	NA	NA	NA
nxOscTipu1.1	IV	11183426	11184576	310	g15548.t1	NA	NA	NA	NA	NA	NA	NA	NA	NA	NA	NA
nxOscTipu1.1	V	19152	20925	539	g7324.t1	NA	NA	NA	NA	NA	NA	NA	NA	NA	NA	NA
nxOscTipu1.1	V	22526	24123	273	g7325.t1	NA	NA	NA	NA	NA	NA	NA	NA	NA	NA	NA
nxOscTipu1.1	V	24485	24928	126	g7326.t1	NA	NA	NA	NA	NA	NA	NA	NA	NA	NA	NA
nxOscTipu1.1	V	27436	29021	267	g7327.t1	NA	NA	NA	NA	NA	NA	NA	NA	NA	NA	NA
nxOscTipu1.1	V	29383	31105	183	g7328.t1	NA	NA	NA	NA	NA	NA	NA	NA	NA	NA	NA
nxOscTipu1.1	V	10779087	10789710	1523	g9793.t1	NA	NA	suco-1	R12E2.2	Predicted to be located in cytoplasm and membrane. Expressed widely. Is an ortholog of human SUCO (SUN domain containing ossification factor).	802	34	33.816	6.689999999999999e-66	240	I
nxOscTipu1.1	V	10789984	10807432	4083	g9794.t1	NA	NA	pif-1	Y18H1A.6c	pif-1 encodes a DNA-dependent ATPase and 5'-3' DNA helicase orthologous to Saccharomyces Pif1p and vertebrate PIF1; by homology, PIF-1 is predicted to function in maintenance of both mitochondrial and nuclear genome integrity; PIF-1 is also predicted to function as a negative regulator of telomerase activity that acts by displacing telomerase from the ends of DNA; loss of pif-1 activity via RNAi results in induction of the mitochondrial unfolded protein response.	571	5	25	9.57e-10	64.7	I
nxOscTipu1.1	V	10810316	10810955	99	g9795.t1	NA	NA	NA	NA	NA	NA	NA	NA	NA	NA	NA
nxOscTipu1.1	X	10759	14207	448	g4918.t1	NA	NA	NA	NA	NA	NA	NA	NA	NA	NA	NA
nxOscTipu1.1	X	14466	16011	373	g4919.t1	NA	NA	NA	NA	NA	NA	NA	NA	NA	NA	NA
nxOscTipu1.1	X	16097	16835	205	g4920.t1	NA	NA	NA	NA	NA	NA	NA	NA	NA	NA	NA
nxOscTipu1.1	X	17355	19374	370	g4921.t1	NA	NA	NA	NA	NA	NA	NA	NA	NA	NA	NA
nxOscTipu1.1	X	19580	20753	296	g4922.t1	NA	NA	NA	NA	NA	NA	NA	NA	NA	NA	NA
nxOscTipu1.1	X	21043	22121	294	g4923.t1	IPR013087	Zinc finger C2H2-type	NA	NA	NA	NA	NA	NA	NA	NA	NA
nxOscTipu1.1	X	22228	25562	887	g4924.t1	NA	NA	NA	NA	NA	NA	NA	NA	NA	NA	NA
nxOscTipu1.1	X	25836	29233	572	g4925.t1	NA	NA	NA	NA	NA	NA	NA	NA	NA	NA	NA
nxOscTipu1.1	X	34077	35782	454	g4926.t1	NA	NA	NA	NA	NA	NA	NA	NA	NA	NA	NA
nxOscTipu1.1	X	36041	37586	373	g4927.t1	NA	NA	NA	NA	NA	NA	NA	NA	NA	NA	NA
nxOscTipu1.1	X	37672	38410	205	g4928.t1	NA	NA	NA	NA	NA	NA	NA	NA	NA	NA	NA
nxOscTipu1.1	X	38931	40951	370	g4929.t1	NA	NA	NA	NA	NA	NA	NA	NA	NA	NA	NA
nxOscTipu1.1	X	41157	42330	296	g4930.t1	NA	NA	NA	NA	NA	NA	NA	NA	NA	NA	NA
nxOscTipu1.1	X	42619	43695	294	g4931.t1	IPR013087	Zinc finger C2H2-type	NA	NA	NA	NA	NA	NA	NA	NA	NA
nxOscTipu1.1	X	43802	47137	888	g4932.t1	NA	NA	NA	NA	NA	NA	NA	NA	NA	NA	NA
nxOscTipu1.1	X	47411	51631	586	g4933.t1	NA	NA	NA	NA	NA	NA	NA	NA	NA	NA	NA
nxOscTipu1.1	X	11176889	11177257	122	g7285.t1	NA	NA	NA	NA	NA	NA	NA	NA	NA	NA	NA
nxOscTipu1.1	X	11177516	11178046	176	g7286.t1	NA	NA	NA	NA	NA	NA	NA	NA	NA	NA	NA
nxOscTipu1.1	X	11178579	11179595	338	g7287.t2	NA	NA	NA	NA	NA	NA	NA	NA	NA	NA	NA
nxOscTipu1.1	X	11179620	11179898	92	g7288.t1	NA	NA	NA	NA	NA	NA	NA	NA	NA	NA	NA
nxOscTipu1.1	X	11179998	11180453	151	g7289.t2	NA	NA	Y20F4.8	Y20F4.8	Enriched in AVK based on RNA-seq studies. Is affected by several genes including daf-12; hsf-1; and clk-1 based on RNA-seq and microarray studies. Is affected by Sirolimus based on microarray studies. Is predicted to encode a protein with the following domains: Family of unknown function (DUF5641) and Domain of unknown function DUF5641.	345	45	30.882	1.21e-4	40.8	I
nxOscTipu1.1	X	11184684	11185703	339	g7290.t1	NA	NA	NA	NA	NA	NA	NA	NA	NA	NA	NA
nxOscTipu1.1	X	11185890	11187188	289	g7291.t1	NA	NA	NA	NA	NA	NA	NA	NA	NA	NA	NA
nxOscTipu1.1	X	11187923	11192409	301	g7292.t1	NA	NA	NA	NA	NA	NA	NA	NA	NA	NA	NA
nxOscTipu1.1	X	11193938	11195884	127	g7293.t2	NA	NA	NA	NA	NA	NA	NA	NA	NA	NA	NA
nxOscTipu1.1	X	11196479	11198713	132	g7294.t1	NA	NA	NA	NA	NA	NA	NA	NA	NA	NA	NA
nxOscTipu1.1	X	11200376	11201212	229	g7295.t1	NA	NA	NA	NA	NA	NA	NA	NA	NA	NA	NA
nxOscTipu1.1	X	11211351	11212053	202	g7296.t1	IPR036691	Endonuclease/exonuclease/phosphatase superfamily	NA	NA	NA	NA	NA	NA	NA	NA	NA
nxOscTipu1.1	X	11213784	11215219	396	g7297.t1	NA	NA	NA	NA	NA	NA	NA	NA	NA	NA	NA
nxOscTipu1.1	X	11215702	11216135	119	g7298.t1	NA	NA	NA	NA	NA	NA	NA	NA	NA	NA	NA
nxOscTipu1.1	X	11217986	11219599	231	g7299.t1	NA	NA	NA	NA	NA	NA	NA	NA	NA	NA	NA
nxOscTipu1.1	X	11232164	11232850	148	g7300.t1	IPR023214, IPR023299	HAD superfamily, P-type ATPase cytoplasmic domain N	eat-6	B0365.3	eat-6 encodes an ortholog of the alpha subunit of a sodium/potassium ATPase, which in turn affects Na+,K(+)-ATPase activity of membranes by affecting the level of the phosphorylated intermediate of the Na+,K(+)-ATPase; EAT-6 affects relaxation of the pharyngeal muscles, fertility (and thus affects feeding); EAT-6 also affects body length, life span, and ASE, ASI and ASJ axonal outgrowth.	996	97	43.443	9.26e-20	84.7	V
nxOscTipu1.1	X	11233079	11233452	94	g7301.t1	IPR002123, NA	Phospholipid/glycerol acyltransferase, NA	acl-1	F59F4.4	acl-1 encodes a glycerol-3-phosphate acyltransferase; ACL-1 is predicted to be a membrane protein that plays a role in phospholipid biosynthesis; acl-1 expression decreases gradually throughout aging.	262	93	66.667	8.06e-39	129	X
nxOscTipu1.1	X	11235764	11239628	502	g7302.t1	NA	NA	NA	NA	NA	NA	NA	NA	NA	NA	NA
nxOscTipu1.1	X	11240577	11241081	154	g7303.t1	NA	NA	pif-1	Y18H1A.6b	pif-1 encodes a DNA-dependent ATPase and 5'-3' DNA helicase orthologous to Saccharomyces Pif1p and vertebrate PIF1; by homology, PIF-1 is predicted to function in maintenance of both mitochondrial and nuclear genome integrity; PIF-1 is also predicted to function as a negative regulator of telomerase activity that acts by displacing telomerase from the ends of DNA; loss of pif-1 activity via RNAi results in induction of the mitochondrial unfolded protein response.	394	58	36.667	4.84e-12	62.4	I
nxOscTipu1.1	X	11241966	11245703	514	g7304.t1	IPR003616, IPR001214, NA	Post-SET domain, SET domain, NA	set-2	C26E6.9b	set-2 encodes a histone H3K4 methyltransferase closely related to the yeast Set1 and mammalian SET1/MLL proteins; SET-2 displays H3K4 methyltransferase activity in vitro and in C. elegans, regulates levels of H3K4; SET-2 plays a role in germline development, postembryonic development, negative regulation of lifespan in adult animals, and RNA interference; SET-2 localizes to nuclei.	739	44	40.833	9.059999999999999e-43	162	III
nxOscTipu1.1	X	11252314	11253559	221	g7305.t1	NA	NA	NA	NA	NA	NA	NA	NA	NA	NA	NA
nxOscTipu1.1	X	11254542	11254766	74	g7306.t1	NA	NA	NA	NA	NA	NA	NA	NA	NA	NA	NA
nxOscTipu1.1	X	11256073	11256803	123	g7307.t1	NA	NA	ced-7	C48B4.4c	ced-7 encodes an ATP binding cassette (ABC) transporter that is a member of the ABCA subfamily of transporter proteins; CED-7 activity is required in both apoptotic and phagocytic cells for engulfment of apoptotic cell corpses; in regulating apoptotic cell clearance, CED-7 functions upstream of CED-10/Rac, and together with CED-1 and CED-6, to mediate actin reorganization around the apoptotic cell corpse in the phagocytic cell; in regulating engulfment with CED-1 and CED-6, CED-7 acts in a pathway parallel to that of CED-2, CED-5, and CED-12; CED-7 localizes to the plasma membrane of many embryonic cells, but in larvae and adults is found in the amphid and phasmid sheath cells and the pharyngeal-intestinal valve; further, CED-7 is expressed in the Z2 and Z3 germline precursor cells and in the germline, except for sperm.	1704	20	52	5.32e-4	38.5	III
nxOscTipu1.1	X	11257768	11258197	105	g7308.t1	NA	NA	NA	NA	NA	NA	NA	NA	NA	NA	NA
nxOscTipu1.1	X	11258389	11259919	256	g7309.t1	NA	NA	atl-1	T06E4.3a	The atl-1 gene encodes a large, 2514-residue protein of the ATM family, homologous to human AT (OMIM:208900, mutated in ataxia telangiectasia); the C-terminal sequence of ATL-1 contains a PI-3 kinase-like domain; ATL-1 is required for survival through early embryogenesis and normal chromosomal segregation; atl-1 is expressed in both the mitotic and meiotic cells of adult gonads.	2531	59	28.571	1.14e-7	52.8	V
nxOscTipu1.1	X	11260492	11261001	169	g7310.t1	NA	NA	mccc-2	F02A9.10	Predicted to enable ATP binding activity and ligase activity. Predicted to contribute to methylcrotonoyl-CoA carboxylase activity. Predicted to be involved in leucine catabolic process. Located in cytoplasm. Human ortholog(s) of this gene implicated in 3-Methylcrotonyl-CoA carboxylase 2 deficiency and mitochondrial metabolism disease. Is an ortholog of human MCCC2 (methylcrotonyl-CoA carboxylase subunit 2).	608	50	53.571	1.6400000000000002e-21	90.5	III
nxOscTipu1.1	X	11261639	11262216	132	g7311.t1	NA	NA	NA	NA	NA	NA	NA	NA	NA	NA	NA
nxOscTipu1.1	X	11262407	11263098	202	g7312.t1	NA	NA	cya-1	ZK507.6	cya-1 encodes an A-type cyclin; loss of cya-1 via RNAi results in sterility but no defects in embryonic cell divisions, or embryonic lethality, is observed; CYA-1 is predicted to be a substrate of germ-line MPK-1/ERK activity that functions to regulate oocyte organization and differentiation.	485	93	31.188	1.0800000000000001e-27	108	III
nxOscTipu1.1	X	11263783	11265803	159	g7313.t1	NA	NA	NA	NA	NA	NA	NA	NA	NA	NA	NA
nxOscTipu1.1	X	11268260	11268600	98	g7314.t1	NA	NA	NA	NA	NA	NA	NA	NA	NA	NA	NA
nxOscTipu1.1	X	11272035	11273348	360	g7315.t1	NA	NA	NA	NA	NA	NA	NA	NA	NA	NA	NA
nxOscTipu1.1	X	11277306	11277806	117	g7316.t1	NA	NA	NA	NA	NA	NA	NA	NA	NA	NA	NA
nxOscTipu1.1	X	11279580	11281635	560	g7317.t1	NA	NA	NA	NA	NA	NA	NA	NA	NA	NA	NA
nxOscTipu1.1	X	11281906	11285225	893	g7318.t1	NA	NA	NA	NA	NA	NA	NA	NA	NA	NA	NA
nxOscTipu1.1	X	11285332	11286410	294	g7319.t1	IPR013087	Zinc finger C2H2-type	NA	NA	NA	NA	NA	NA	NA	NA	NA
nxOscTipu1.1	X	11286697	11287870	296	g7320.t1	NA	NA	NA	NA	NA	NA	NA	NA	NA	NA	NA
nxOscTipu1.1	X	11290545	11293951	930	g7321.t1	IPR025476, NA	Helitron helicase-like domain, NA	NA	NA	NA	NA	NA	NA	NA	NA	NA
nxOscTipu1.1	X	11294391	11294666	91	g7322.t1	NA	NA	NA	NA	NA	NA	NA	NA	NA	NA	NA
nxOscTipu1.1	X	11294772	11303828	2530	g7323.t1	NA	NA	pif-1	Y18H1A.6b	pif-1 encodes a DNA-dependent ATPase and 5'-3' DNA helicase orthologous to Saccharomyces Pif1p and vertebrate PIF1; by homology, PIF-1 is predicted to function in maintenance of both mitochondrial and nuclear genome integrity; PIF-1 is also predicted to function as a negative regulator of telomerase activity that acts by displacing telomerase from the ends of DNA; loss of pif-1 activity via RNAi results in induction of the mitochondrial unfolded protein response.	394	12	30.657	9.65e-12	69.7	I
